#{"t_start": 1603291831.4634407, "env_id": null}
r,l,t
4,485,1.679493
-1,729,2.588907
-1,771,3.56995
-4,461,4.14916
4,499,4.774388
3,580,5.477914
2,689,6.367553
2,626,7.131471
-2,721,8.057821
3,636,8.873428
2,643,9.686209
-2,694,10.556947
-1,764,11.547923
1,683,12.404942
-1,701,13.294953
-3,673,14.145024
-1,788,15.145324
5,420,15.666664
4,452,16.235992
4,541,16.93489
2,665,17.77792
-2,640,18.59357
-2,683,19.454238
-5,477,20.075299
-4,493,20.683366
3,618,21.486873
-1,817,22.522511
-1,737,23.475265
-2,701,24.370226
1,772,25.344158
-3,560,26.058968
3,570,26.759887
3,640,27.576161
3,615,28.366834
-3,563,29.068358
-2,642,29.878606
-2,690,30.738281
3,648,31.549512
1,795,32.540268
-1,798,33.553553
-4,568,34.29995
1,848,35.395839
-5,415,35.914778
3,555,36.617648
1,711,37.507333
3,613,38.266319
-2,671,39.133846
-2,686,40.021234
1,712,40.911453
-1,716,41.810649
-3,548,42.514291
5,403,43.005504
3,540,43.70083
4,546,44.376507
-2,729,45.296947
-4,685,46.16982
2,636,46.950165
2,643,47.756747
-2,672,48.614876
-1,686,49.473513
-1,716,50.37964
-1,709,51.297927
4,475,51.907356
-3,640,52.719626
2,731,53.649555
1,803,54.642358
4,527,55.284801
4,460,55.840104
3,717,56.76684
1,773,57.73125
-1,753,58.6741
-1,787,59.662746
1,706,60.527047
-1,834,61.569954
-2,665,62.383704
-4,514,63.050863
3,630,63.841832
-1,768,64.819485
-5,419,65.326551
5,435,65.885174
2,749,66.808625
-2,661,67.623306
-2,620,68.377058
-2,719,69.311442
-3,544,69.99856
4,558,70.72458
-4,536,71.394295
-3,552,72.090209
1,712,73.005004
-1,802,74.020273
-2,631,74.812368
-3,660,75.643647
-1,758,76.580739
-2,674,77.442507
-3,552,78.167454
1,757,79.123152
3,611,79.892766
-4,553,80.592734
-2,659,81.41474
-4,504,82.060575
4,521,82.709901
5,399,83.218807
2,668,84.050724
2,718,84.940627
-3,608,85.69471
3,547,86.398636
-4,543,87.084824
2,631,87.875909
2,703,88.767976
4,483,89.36406
1,736,90.291711
-2,705,91.179713
-4,530,91.854888
-2,679,92.722613
-2,698,93.584328
-2,634,94.387498
-1,681,95.234725
-1,748,96.189372
3,655,96.991961
3,569,97.714334
3,563,98.440684
2,668,99.270056
4,472,99.843145
3,580,100.564232
2,711,101.457846
4,497,102.08223
-5,414,102.611346
-3,645,103.437024
2,719,104.354587
1,732,105.270896
-4,495,105.891337
3,554,106.574034
-3,729,107.516994
-5,419,108.051053
-2,693,108.922379
5,456,109.471158
-1,764,110.425594
-4,517,111.069946
-1,841,112.121739
-2,705,113.003209
2,691,113.8937
-3,614,114.670825
3,588,115.423467
-3,559,116.128281
1,789,117.137444
-4,473,117.719885
5,427,118.272228
-4,529,118.930543
3,553,119.612471
-2,717,120.535847
-4,479,121.14956
3,585,121.871404
1,822,122.919848
-1,764,123.885568
-1,846,124.951149
-1,856,126.050739
-3,554,126.75361
-4,563,127.475579
1,692,128.342281
-1,759,129.304493
3,693,130.16799
-2,595,130.92474
-1,774,131.938515
5,436,132.490758
3,600,133.236241
2,730,134.157568
4,475,134.773183
1,842,135.834855
1,679,136.693888
-1,756,137.631022
-5,415,138.148427
-4,530,138.8178
-2,642,139.609418
1,733,140.53633
4,508,141.153801
3,547,141.868567
-4,495,142.481627
1,847,143.534712
-3,558,144.261519
3,622,145.022308
-1,757,146.000879
-5,450,146.578858
1,808,147.596361
2,730,148.496069
2,678,149.326705
-5,397,149.847964
4,471,150.450479
-2,630,151.272853
-2,662,152.11903
2,681,152.955613
4,488,153.567205
3,575,154.292958
-2,647,155.111715
-1,729,156.024729
5,377,156.493804
-2,711,157.399134
-4,472,157.992578
-2,687,158.871393
-1,778,159.838121
-3,554,160.546704
2,608,161.312185
-3,596,162.05671
1,733,162.962223
4,510,163.607232
3,590,164.351919
-1,732,165.281719
-3,582,166.010668
4,479,166.615357
-5,402,167.106355
-3,623,167.8958
-1,737,168.843041
4,555,169.536107
-1,821,170.587419
3,601,171.347244
-3,558,172.056803
-3,672,172.914995
-2,658,173.739162
4,575,174.472337
1,744,175.38341
1,758,176.357792
-1,703,177.259849
1,775,178.238165
3,615,179.007922
4,487,179.629738
2,730,180.549878
3,576,181.291175
2,700,182.138417
-4,446,182.714127
-4,470,183.316739
3,619,184.117538
2,634,184.929534
3,640,185.723091
2,628,186.504947
-3,561,187.224458
-1,769,188.189298
1,714,189.094762
2,716,189.994302
-3,582,190.739681
2,656,191.574405
3,581,192.301739
2,678,193.14237
-2,690,194.005715
1,817,194.998896
-2,617,195.782139
-1,728,196.696623
-5,377,197.168717
2,691,198.043669
1,827,199.086606
4,519,199.750458
5,389,200.230994
-2,627,201.027372
-1,783,202.026539
2,617,202.820368
-2,648,203.623902
-3,670,204.478487
3,619,205.26087
-1,743,206.204827
-2,659,207.028349
-1,759,207.994873
3,559,208.68932
4,473,209.264684
1,840,210.344417
-2,697,211.221548
-5,406,211.752208
1,766,212.727815
3,553,213.42689
1,886,214.515435
-1,767,215.516716
-2,637,216.330443
2,634,217.118585
-4,475,217.720105
-2,716,218.616805
-1,740,219.55879
2,661,220.392079
-2,696,221.288788
1,702,222.192489
3,564,222.885351
4,534,223.558083
4,490,224.17923
-1,714,225.08766
1,820,226.130949
3,531,226.804371
3,574,227.536563
2,662,228.364932
1,755,229.273116
1,759,230.223455
-2,656,231.051265
-2,649,231.848791
-2,705,232.744313
-3,550,233.461921
-2,744,234.39096
-5,463,234.976238
-4,487,235.596042
-3,610,236.345056
-2,671,237.221264
-1,705,238.116336
-3,545,238.801519
1,847,239.841583
-4,494,240.476432
1,730,241.411115
-1,769,242.407636
-2,706,243.303887
-2,658,244.118567
-1,765,245.108357
2,697,246.009391
-1,781,247.000733
-2,680,247.85575
1,749,248.806427
-1,828,249.853147
1,730,250.796013
-2,650,251.653595
-4,466,252.247152
2,671,253.117419
4,517,253.776748
-4,461,254.359944
3,591,255.097026
-3,544,255.790482
-3,669,256.622822
5,449,257.218663
3,619,258.010091
2,664,258.841866
2,601,259.577135
1,728,260.492308
3,642,261.298425
-4,498,261.923289
5,404,262.428205
2,712,263.321344
-2,679,264.188698
3,601,264.969283
-3,597,265.731096
4,495,266.348138
-3,590,267.098955
-4,558,267.823546
1,744,268.786551
2,685,269.650189
2,629,270.422344
-3,541,271.118902
-1,788,272.125428
-3,623,272.928042
-3,579,273.654157
2,724,274.5867
3,637,275.350921
2,678,276.194308
2,619,276.97096
4,470,277.581783
3,561,278.303396
-2,661,279.134381
-2,684,280.011214
4,507,280.668125
-2,640,281.473286
-2,612,282.229024
-1,814,283.24522
2,782,284.214874
3,597,284.945562
1,774,285.919746
-2,622,286.72466
4,476,287.33442
1,785,288.31677
3,637,289.145274
-5,388,289.61411
3,605,290.377108
3,543,291.062304
3,546,291.751907
2,806,292.767658
1,744,293.720577
-3,590,294.464333
4,540,295.150334
2,681,296.011667
3,622,296.783337
2,730,297.710321
1,701,298.613242
5,381,299.092967
3,636,299.914799
-1,687,300.789668
3,572,301.48587
-4,465,302.065647
4,524,302.725028
-1,748,303.691271
2,645,304.49452
2,622,305.281804
2,670,306.126127
-2,678,306.962245
5,499,307.573459
3,586,308.296074
-2,640,309.091175
-4,487,309.717798
1,830,310.775982
-3,640,311.587003
2,620,312.373517
2,614,313.147856
3,618,313.931011
-1,846,315.010304
-1,728,315.941934
3,551,316.641428
1,716,317.549145
2,661,318.364432
2,760,319.300687
3,534,319.976621
-3,571,320.699594
-1,724,321.599578
-3,564,322.312669
5,454,322.862913
-2,662,323.716183
2,632,324.525473
1,765,325.480561
1,792,326.485554
2,668,327.355944
-3,582,328.098128
3,569,328.834391
-3,596,329.571863
3,642,330.376842
-3,542,331.057228
-1,749,331.997895
-1,766,332.976028
-2,745,333.89977
4,492,334.531401
-5,412,335.081321
-4,494,335.702069
1,739,336.596364
1,751,337.549953
-3,554,338.253252
-2,684,339.122256
3,629,339.918671
3,539,340.594934
3,550,341.286791
-2,640,342.111208
2,715,343.035258
2,709,343.910173
1,704,344.80014
-3,551,345.46965
-2,630,346.281565
-3,566,346.9914
2,630,347.784861
-3,613,348.564472
1,796,349.575834
3,560,350.294749
-3,626,351.102733
-4,502,351.735364
-2,633,352.534966
3,690,353.406243
4,521,354.060999
2,661,354.897388
1,701,355.782958
-3,649,356.613142
-3,684,357.50136
-2,640,358.310449
-4,484,358.911367
-3,543,359.60078
-3,537,360.280572
-4,487,360.892309
4,532,361.571341
5,418,362.099289
-2,689,362.984864
2,637,363.806963
-1,837,364.869167
-1,765,365.818128
3,600,366.579536
4,536,367.253653
2,676,368.113133
-3,563,368.838898
-2,710,369.734361
1,839,370.770405
1,751,371.706069
1,699,372.584409
-3,590,373.343836
-3,539,374.013908
3,603,374.782924
1,731,375.730443
-2,619,376.508529
1,759,377.462836
1,733,378.393147
1,748,379.319438
2,656,380.162045
-1,747,381.101443
-2,666,381.900089
5,443,382.461052
-3,557,383.161656
4,529,383.833491
-4,551,384.533441
3,523,385.191885
-3,593,385.935495
3,641,386.73489
-1,787,387.730147
1,701,388.606692
-1,733,389.550983
-2,730,390.474922
-4,499,391.117087
-5,405,391.619073
-1,808,392.634351
2,654,393.454169
1,734,394.390527
2,638,395.189311
-1,768,396.166491
-3,546,396.838576
-2,617,397.604383
3,548,398.28655
3,682,399.141405
-3,630,399.920066
1,705,400.807
5,424,401.356129
-1,783,402.359162
4,513,403.026325
-1,714,403.926311
4,501,404.57956
-1,736,405.480696
2,686,406.32398
2,726,407.253285
-4,491,407.869305
2,716,408.794698
-1,737,409.731901
4,501,410.367632
3,619,411.154819
3,596,411.896925
-4,484,412.530534
1,766,413.505998
-1,761,414.472472
2,644,415.278933
-1,763,416.231819
3,557,416.942627
2,822,417.986597
3,605,418.752228
-3,688,419.596561
4,614,420.342238
-1,860,421.425852
1,761,422.371563
4,497,422.990856
1,774,423.968762
4,485,424.597823
-1,764,425.548695
5,473,426.139776
2,628,426.949715
-1,772,427.920932
3,591,428.657544
-4,514,429.333094
1,819,430.327338
-3,650,431.117039
1,848,432.196415
5,376,432.663241
1,756,433.636356
3,556,434.351263
2,775,435.30924
-2,644,436.099442
1,726,436.991529
4,545,437.664642
-5,403,438.171697
2,684,439.026721
-1,686,439.91077
2,625,440.688761
-1,798,441.659309
-3,547,442.350291
-2,655,443.16482
3,587,443.914807
-2,622,444.717015
-2,682,445.564102
2,651,446.366519
-4,488,446.989416
-1,733,447.913462
-5,389,448.390589
-2,627,449.1939
-4,471,449.794212
2,691,450.66817
2,630,451.496164
2,765,452.486688
4,491,453.122599
2,662,453.957782
2,685,454.822163
1,780,455.837662
2,731,456.748279
2,693,457.618829
-1,752,458.55065
-1,702,459.442306
-3,529,460.121208
2,624,460.899053
3,571,461.607434
-1,713,462.519421
3,571,463.258849
-4,532,463.902852
1,700,464.788832
3,599,465.541114
-2,667,466.39331
-1,760,467.355849
-3,495,467.998493
-2,648,468.811036
-3,588,469.559801
-4,461,470.150408
-4,468,470.747393
-2,711,471.665615
5,467,472.268113
1,753,473.210382
2,784,474.193208
-5,391,474.682513
-3,608,475.436031
1,705,476.321563
3,602,477.098906
-3,684,477.983243
4,539,478.68085
1,786,479.661484
-1,704,480.547812
2,736,481.467968
-3,574,482.187355
3,579,482.915812
-3,576,483.637635
1,782,484.616537
-3,543,485.310272
2,628,486.101456
-3,637,486.918288
4,489,487.538744
-1,734,488.463792
3,551,489.149548
3,645,489.976866
-3,566,490.700711
-1,737,491.614159
2,645,492.444521
2,681,493.262698
3,565,493.973167
-2,700,494.863866
-3,569,495.584892
-1,990,496.829083
-2,623,497.610415
1,734,498.522009
-1,766,499.484056
-3,525,500.148556
2,609,500.916337
-3,615,501.696509
2,632,502.480077
-1,766,503.448651
-1,916,504.594035
-4,484,505.189514
-2,694,506.041662
1,728,506.9718
-3,539,507.660905
-2,632,508.452958
-3,596,509.202474
4,522,509.865941
-1,757,510.82036
-4,499,511.456342
-3,566,512.18189
4,553,512.892961
2,630,513.707299
-2,620,514.507391
1,712,515.418703
-3,632,516.21751
2,653,517.036888
-1,769,518.013251
-3,532,518.701997
3,543,519.38849
1,776,520.374399
-2,634,521.174263
4,515,521.816797
-4,477,522.40694
-1,725,523.335104
-1,734,524.27688
-1,744,525.247363
2,680,526.108361
4,512,526.721858
3,568,527.46404
3,596,528.188781
3,532,528.873938
-4,447,529.439788
-2,621,530.232049
2,682,531.098528
-1,715,532.011043
3,570,532.72172
4,548,533.406109
-1,735,534.320883
-1,890,535.443286
-3,549,536.136757
-2,654,536.991183
-3,630,537.779499
-1,743,538.714138
-4,578,539.441511
-5,391,539.926939
3,602,540.684433
-2,705,541.565846
3,560,542.284221
4,615,543.085596
-3,719,544.015558
-3,633,544.807921
-5,413,545.338733
-1,740,546.277104
2,736,547.192874
-2,673,548.034392
2,666,548.862894
2,716,549.768968
-3,567,550.49735
-1,747,551.44408
4,461,552.025485
-3,663,552.876808
3,656,553.744847
-5,413,554.274283
-2,635,555.081893
-1,716,555.988565
-5,441,556.560386
3,660,557.392195
3,625,558.191527
4,468,558.779187
-2,651,559.599893
-1,815,560.625456
3,587,561.343193
4,518,561.993559
-1,751,562.946784
2,667,563.794706
-1,762,564.749861
3,609,565.498733
-2,674,566.363561
3,555,567.066062
2,715,567.962573
3,625,568.748503
-1,814,569.768431
4,468,570.361295
2,733,571.275098
2,644,572.100112
-2,659,572.944911
-3,574,573.647562
-1,751,574.626381
2,655,575.466062
-3,554,576.152344
1,746,577.07923
3,550,577.780138
-1,776,578.755174
-3,644,579.556608
5,460,580.141707
3,631,580.939354
4,584,581.668579
-2,839,582.735332
2,591,583.490598
-1,691,584.408803
1,755,585.389272
-2,723,586.306327
-3,569,587.041383
-2,693,587.919292
-3,533,588.589376
-1,782,589.586596
2,705,590.481285
1,743,591.4239
-2,706,592.304811
-5,402,592.813319
3,604,593.565365
-1,731,594.505033
2,679,595.337931
3,594,596.086959
3,591,596.824943
3,547,597.505832
2,658,598.340765
2,602,599.112101
3,573,599.829901
-3,601,600.591901
-3,563,601.302014
4,483,601.895437
-5,398,602.421649
2,640,603.235322
1,714,604.152872
2,637,604.939659
-5,374,605.418959
-4,473,606.008915
2,751,606.976624
1,686,607.837329
-4,467,608.45058
1,721,609.371095
2,592,610.121843
-1,758,611.082875
4,499,611.68671
3,571,612.394112
-3,585,613.121074
2,628,613.923981
1,717,614.846039
2,639,615.643657
2,626,616.423781
1,734,617.356699
3,630,618.145157
-4,522,618.793253
4,470,619.399224
5,391,619.914328
4,477,620.527946
-2,642,621.33555
5,455,621.915794
-3,595,622.66229
3,786,623.656817
-2,637,624.449831
1,790,625.446404
-2,733,626.38005
1,749,627.324206
-3,640,628.091297
-3,620,628.880632
-2,763,629.862999
2,707,630.726014
-4,499,631.352489
-2,687,632.227701
-5,442,632.768271
-2,665,633.620465
4,478,634.234195
-1,721,635.144741
3,614,635.918884
-3,725,636.840852
3,549,637.552495
3,566,638.27521
2,680,639.151642
2,644,639.965099
-4,497,640.563228
-4,541,641.246153
-4,542,641.944513
3,613,642.71283
-3,561,643.444596
2,652,644.258339
1,809,645.294403
-3,695,646.176414
3,572,646.891347
-3,610,647.685475
-4,525,648.342119
-2,702,649.245213
4,475,649.827768
4,527,650.485597
4,460,651.069674
1,772,652.038993
-4,495,652.670486
-4,624,653.460998
2,611,654.221739
1,726,655.123616
-2,726,656.046241
-2,686,656.918566
2,733,657.852859
2,716,658.770298
-5,412,659.282708
-3,634,660.101538
-2,756,661.071023
-3,591,661.815517
1,712,662.707122
-2,702,663.593248
3,630,664.386881
-2,679,665.252063
1,747,666.171677
-1,789,667.152847
-2,673,667.977737
3,588,668.736439
-1,739,669.660703
3,582,670.404629
4,472,671.013785
1,810,672.030491
-3,633,672.819577
4,481,673.427849
1,739,674.378372
3,531,675.072886
1,837,676.174166
-4,455,676.740905
-1,735,677.676297
3,624,678.472837
-3,616,679.260535
2,632,680.054158
3,560,680.739155
1,703,681.646358
1,746,682.577298
1,705,683.480031
-1,778,684.451173
3,563,685.175296
2,685,686.05353
3,620,686.838701
-3,540,687.500413
-1,772,688.451085
-2,652,689.294052
2,709,690.198915
2,663,691.024788
2,726,691.923706
-2,687,692.775355
2,697,693.656559
-5,483,694.263603
-1,703,695.157969
-3,524,695.810329
-3,567,696.521735
-1,732,697.443709
3,553,698.130699
-3,622,698.912313
5,405,699.429887
5,403,699.92831
-2,619,700.711373
1,851,701.753239
-3,615,702.546429
1,790,703.565564
2,677,704.421752
-3,582,705.190441
2,765,706.132155
2,636,706.930789
4,519,707.594785
-3,603,708.334667
3,666,709.169966
-2,653,709.981061
-4,503,710.596136
1,739,711.557223
-2,638,712.363674
2,681,713.235476
-3,513,713.902524
2,630,714.720356
-5,490,715.3284
2,722,716.24501
-5,406,716.738303
-3,599,717.49778
1,757,718.459462
4,511,719.091052
-2,699,719.966035
-2,778,720.939814
1,777,721.915443
4,480,722.519096
-2,634,723.32393
-1,738,724.270444
-3,568,724.986725
-1,737,725.920657
-1,821,726.9495
-3,552,727.653129
-4,464,728.228611
-4,492,728.854158
-1,819,729.882125
3,564,730.593177
-4,444,731.166342
-4,468,731.759777
1,706,732.650659
3,571,733.385851
-3,547,734.069964
-1,807,735.080614
-1,729,735.979851
4,548,736.669414
-1,702,737.553577
-3,559,738.274532
-2,656,739.090005
-4,562,739.780376
-2,672,740.623833
2,703,741.516745
3,560,742.233971
3,551,742.924289
-1,800,743.940106
2,644,744.739628
2,727,745.676067
3,590,746.4168
4,469,747.031425
2,645,747.859132
-3,627,748.67832
-2,632,749.475484
-5,430,750.016206
3,639,750.827239
-4,532,751.49436
2,652,752.331205
-3,609,753.104406
-1,751,754.043972
-2,670,754.898717
-5,397,755.397757
4,503,756.03761
-1,832,757.090463
1,769,758.055284
-3,542,758.732036
3,651,759.571007
-2,664,760.407521
2,632,761.216575
3,670,762.060664
-3,620,762.854367
-1,769,763.801874
3,655,764.636706
-3,560,765.356835
4,620,766.142981
2,625,766.920377
3,552,767.617943
-1,725,768.526625
2,668,769.387833
1,749,770.333407
2,628,771.145694
-3,563,771.857902
-4,489,772.485508
3,561,773.198061
2,632,774.004615
-1,715,774.933644
-4,537,775.615664
3,566,776.326854
-1,683,777.191737
2,644,778.006618
1,804,779.024288
1,730,779.919942
-4,480,780.519264
3,568,781.251639
4,518,781.901331
-2,702,782.785575
1,747,783.75046
-3,551,784.450996
1,780,785.456572
-1,827,786.498177
-2,650,787.325567
1,734,788.236458
1,790,789.242538
-5,410,789.738236
3,539,790.414987
-1,857,791.504578
-5,456,792.097383
3,524,792.743487
3,591,793.486277
3,581,794.210912
-5,453,794.78713
3,582,795.530817
-3,572,796.253554
-3,587,796.995045
1,716,797.90065
4,527,798.57167
-2,734,799.512547
1,735,800.436402
-4,485,801.041511
-1,737,801.983484
-3,713,802.896016
3,610,803.652206
-3,581,804.367478
-3,581,805.119683
-3,611,805.885542
-4,461,806.472159
5,498,807.110118
-1,709,807.993512
-1,797,808.979891
1,786,809.991782
-4,558,810.687089
-4,477,811.286457
-3,571,812.013734
1,784,813.011029
-1,696,813.88981
5,448,814.466439
1,799,815.488541
3,572,816.216095
-5,413,816.741841
-2,604,817.519121
-3,573,818.271705
2,649,819.085342
1,745,820.014019
1,719,820.934817
-1,734,821.841749
-3,615,822.622523
-4,487,823.234563
-2,656,824.066172
2,715,824.972219
3,575,825.714435
-2,712,826.605727
-1,744,827.541229
1,902,828.679498
1,733,829.617328
3,552,830.315196
4,590,831.07522
2,657,831.90315
-2,754,832.860516
-2,705,833.75478
1,727,834.668755
2,727,835.580355
-4,558,836.286598
-5,404,836.771089
4,505,837.415476
3,575,838.146939
3,555,838.853634
-3,637,839.641373
1,686,840.476736
-4,553,841.186796
-4,480,841.782758
-4,543,842.468711
3,602,843.223341
-3,620,843.992782
2,627,844.782003
-2,757,845.727079
-4,507,846.359374
-3,546,847.057154
2,638,847.865048
3,587,848.608508
-2,663,849.440931
4,458,850.001002
5,550,850.668651
1,854,851.743538
-2,634,852.560736
5,541,853.2517
1,707,854.14362
-4,543,854.837059
-1,748,855.787694
4,488,856.422208
-2,648,857.237506
2,691,858.105203
-2,657,858.935878
3,537,859.575334
1,704,860.44478
4,480,861.03632
-3,576,861.778189
2,678,862.645923
-2,682,863.485558
-2,689,864.369781
3,557,865.066087
-5,381,865.554125
-2,703,866.432376
-4,499,867.069711
4,473,867.678858
-4,482,868.291356
4,479,868.891166
-2,692,869.76958
2,624,870.568102
2,644,871.385338
-3,580,872.128494
2,634,872.926645
-4,482,873.534173
1,716,874.455623
4,642,875.279903
1,658,876.127201
-4,492,876.743377
-2,661,877.564087
2,664,878.379334
-2,685,879.254418
2,745,880.200027
2,603,880.946796
-4,556,881.632586
3,572,882.365337
-2,624,883.140761
1,794,884.142522
3,611,884.926689
2,691,885.807433
3,594,886.567112
2,667,887.442118
-2,688,888.330543
-1,781,889.328804
-1,787,890.315225
-1,736,891.216378
2,708,892.114636
-2,629,892.895159
-2,657,893.737174
3,568,894.451197
3,563,895.154213
2,669,895.985946
1,757,896.956797
2,642,897.753635
-2,629,898.527069
-1,793,899.517751
5,430,900.043408
-2,689,900.911761
2,634,901.758488
2,600,902.48843
2,651,903.345162
4,515,903.988346
-2,749,904.938744
-3,576,905.682575
2,633,906.490422
3,535,907.169315
2,766,908.150833
3,593,908.907339
-3,574,909.656319
4,494,910.292158
5,438,910.865154
2,637,911.669525
-1,753,912.634969
2,708,913.52199
-2,640,914.337926
3,574,915.059457
-1,762,916.031911
2,715,916.93135
-3,574,917.683771
-1,773,918.667354
-3,603,919.433554
-1,763,920.411528
-4,506,921.044703
5,385,921.532996
-3,546,922.250185
-3,580,922.987263
-4,508,923.6239
4,494,924.261568
3,551,924.941278
-3,591,925.667264
3,572,926.382461
1,779,927.364119
1,732,928.270788
4,457,928.860164
-1,756,929.808829
4,472,930.400016
-3,628,931.201545
-2,717,932.107892
3,563,932.826665
-1,732,933.739706
-3,574,934.461122
1,748,935.403359
-1,808,936.422856
-2,730,937.358496
2,631,938.156415
1,753,939.101418
1,685,939.953678
-3,569,940.669791
-3,545,941.348181
4,527,942.000661
-3,688,942.849085
-2,706,943.713009
2,664,944.540524
4,509,945.175632
4,548,945.862277
-4,539,946.52352
1,766,947.497355
3,641,948.304089
4,488,948.917113
-3,565,949.637235
1,760,950.614898
-1,746,951.555232
4,562,952.25326
1,753,953.22055
-3,662,954.044838
1,725,954.970924
-2,590,955.70403
4,535,956.377196
-1,700,957.265506
-2,672,958.118308
-1,735,959.044115
1,774,960.028624
-2,673,960.892749
-4,515,961.551468
-3,569,962.261364
4,451,962.822018
1,784,963.814397
1,736,964.755161
4,485,965.385427
5,406,965.899136
-2,674,966.759858
2,675,967.616402
-4,495,968.244734
-3,637,969.050877
1,697,969.935445
-2,703,970.841166
-4,488,971.460007
-1,709,972.359891
-4,509,973.018949
1,750,973.971401
4,465,974.55948
3,567,975.264131
-3,573,975.984682
1,723,976.910103
2,627,977.713386
2,617,978.530154
1,706,979.436008
-2,669,980.278078
2,613,981.034434
1,763,981.961833
1,707,982.858815
-4,603,983.634908
-5,426,984.151006
-4,441,984.715096
1,689,985.579189
-3,581,986.3135
-3,571,987.063319
3,558,987.775011
4,478,988.380534
-3,544,989.073918
2,658,989.879107
-1,736,990.808788
1,799,991.808564
4,513,992.438936
-3,604,993.230014
-4,526,993.90952
4,509,994.560324
-1,693,995.429965
-3,565,996.126919
2,653,996.958024
-2,648,997.776829
-4,517,998.42384
-3,525,999.097227
-1,779,1000.074473
-2,769,1001.076069
2,717,1001.978289
-3,569,1002.699446
-2,657,1003.537744
1,738,1004.462737
-1,767,1005.436023
-1,799,1006.445743
2,732,1007.377517
-3,593,1008.11968
2,764,1009.082847
-3,529,1009.741162
2,646,1010.564992
2,642,1011.364501
3,614,1012.136529
1,678,1012.985925
3,564,1013.677265
3,542,1014.366826
2,637,1015.167562
-2,669,1015.99739
3,535,1016.663886
3,555,1017.364329
-4,527,1018.041641
-2,800,1019.037163
-2,765,1020.023082
2,614,1020.819
3,540,1021.498002
3,559,1022.195308
-4,522,1022.85389
-2,656,1023.675361
-3,580,1024.414877
-2,597,1025.167498
-1,716,1026.081141
-2,679,1026.928929
-3,611,1027.694408
4,492,1028.326848
2,695,1029.205486
3,643,1030.006406
-3,583,1030.737492
4,551,1031.424571
-1,734,1032.360573
4,444,1032.89678
4,524,1033.547881
4,465,1034.150549
5,401,1034.648911
-2,753,1035.576543
-4,481,1036.184697
3,594,1036.937994
-3,589,1037.700156
3,555,1038.39829
-2,677,1039.248609
4,485,1039.881186
2,704,1040.779215
3,560,1041.500983
1,904,1042.647318
1,782,1043.635891
4,481,1044.229024
-1,759,1045.193083
-1,741,1046.128352
-1,787,1047.110758
2,641,1047.919668
1,806,1048.972258
-3,571,1049.679297
1,709,1050.572883
2,616,1051.364189
4,548,1052.05766
1,682,1052.913046
-1,749,1053.859833
4,557,1054.562457
4,474,1055.145381
-1,719,1056.041974
-3,653,1056.864806
5,421,1057.380882
-2,701,1058.260231
3,585,1059.037517
-4,523,1059.693238
3,541,1060.366441
1,718,1061.278177
-4,496,1061.898256
1,751,1062.848318
-3,567,1063.572558
-3,587,1064.294023
2,604,1065.063852
4,530,1065.738276
1,810,1066.748001
-2,610,1067.522932
-1,783,1068.536444
4,448,1069.105638
3,589,1069.845338
-2,619,1070.606592
-1,777,1071.622927
-2,622,1072.406811
-2,632,1073.208215
3,594,1073.953227
-3,658,1074.789979
3,567,1075.501412
-1,708,1076.401507
2,734,1077.324648
2,637,1078.119717
1,756,1079.0809
-3,536,1079.739127
-2,748,1080.703394
2,642,1081.508184
3,610,1082.268212
-3,575,1082.99697
2,644,1083.823495
-5,394,1084.328547
-5,407,1084.844146
2,732,1085.769088
3,579,1086.506529
-1,725,1087.417231
-1,728,1088.351278
2,725,1089.304457
2,650,1090.136753
3,662,1090.975504
3,565,1091.68042
4,467,1092.26751
-2,646,1093.089122
1,817,1094.12148
-2,623,1094.890179
-2,693,1095.751666
3,554,1096.450155
-5,402,1096.955184
4,522,1097.612688
-2,646,1098.444554
-2,653,1099.265386
-2,648,1100.098168
-2,660,1100.941721
5,432,1101.476755
1,728,1102.422106
-1,745,1103.371567
3,636,1104.17915
-2,668,1105.030087
-3,586,1105.768332
2,711,1106.669699
-3,575,1107.376076
-4,512,1108.032188
3,601,1108.773591
-3,539,1109.450932
3,611,1110.22563
2,651,1111.045244
2,649,1111.870789
3,566,1112.579758
1,706,1113.463362
-1,785,1114.441615
1,717,1115.363637
2,719,1116.269737
4,505,1116.887821
3,619,1117.681883
2,642,1118.465836
-2,646,1119.308283
-2,695,1120.189424
2,734,1121.121217
1,854,1122.170495
-5,517,1122.815521
-3,574,1123.528308
3,548,1124.220443
3,549,1124.944546
-2,624,1125.744875
-5,402,1126.239653
4,480,1126.836385
-4,499,1127.459276
2,673,1128.313487
2,645,1129.117397
-2,611,1129.882814
-2,685,1130.754313
-1,740,1131.681393
-2,616,1132.445425
1,808,1133.476337
3,571,1134.205337
-1,695,1135.093346
-3,624,1135.88313
-1,726,1136.820825
4,504,1137.437455
1,761,1138.395151
3,552,1139.106018
3,596,1139.862404
-1,754,1140.848404
3,573,1141.549287
1,766,1142.512208
2,657,1143.355201
2,626,1144.152842
-2,739,1145.091651
3,645,1145.938348
4,550,1146.625147
-2,708,1147.530612
2,670,1148.364501
-2,642,1149.169584
4,572,1149.897584
2,785,1150.896088
3,647,1151.71258
-2,649,1152.480877
-3,563,1153.213838
-3,529,1153.890907
-1,721,1154.806555
-4,480,1155.447984
-3,564,1156.160918
-3,536,1156.849928
-2,676,1157.693949
-2,791,1158.693918
-2,619,1159.460041
4,482,1160.072603
-2,618,1160.827356
4,540,1161.506857
3,574,1162.224676
5,405,1162.744895
4,559,1163.453581
-3,544,1164.140112
-2,652,1164.986566
3,555,1165.703048
3,583,1166.417994
3,569,1167.116528
1,702,1167.995525
-1,720,1168.88693
4,472,1169.50368
2,735,1170.438879
1,739,1171.365554
4,512,1172.009188
5,432,1172.537953
5,443,1173.088704
-2,623,1173.867945
-3,577,1174.604625
1,706,1175.498466
1,782,1176.493057
-1,810,1177.505064
-1,726,1178.419847
-4,491,1179.047173
2,609,1179.836205
-1,710,1180.742146
-3,609,1181.522983
-3,559,1182.231048
4,461,1182.802459
3,608,1183.58694
-3,561,1184.278563
-3,586,1185.00123
2,713,1185.902996
1,823,1186.913018
-5,464,1187.509024
2,665,1188.366257
-2,643,1189.183136
2,611,1189.973722
1,696,1190.862489
1,715,1191.776768
-3,563,1192.501353
3,686,1193.373871
-3,660,1194.197917
-3,553,1194.90009
2,729,1195.823401
3,618,1196.572115
-1,711,1197.468904
-4,465,1198.054701
1,723,1198.961446
-3,609,1199.74919
3,557,1200.450011
-2,640,1201.258906
-3,641,1202.052547
3,639,1202.853818
-5,441,1203.406897
-2,676,1204.27653
4,554,1204.971827
5,376,1205.437026
-3,558,1206.168183
-2,647,1206.993499
2,691,1207.866698
-5,374,1208.32359
-3,601,1209.06348
5,368,1209.523295
4,504,1210.193616
3,547,1210.881184
-2,757,1211.819327
2,688,1212.699042
-2,690,1213.577445
2,695,1214.465556
-2,615,1215.256039
-4,614,1216.023289
-1,725,1216.958385
2,673,1217.796233
-2,657,1218.610508
3,575,1219.350765
1,719,1220.260116
-3,572,1220.9646
2,654,1221.774917
-2,784,1222.775767
-2,638,1223.575127
-3,610,1224.35282
-2,630,1225.161199
-2,608,1225.920193
5,390,1226.428738
2,642,1227.252109
-2,748,1228.175621
-3,597,1228.922956
1,792,1229.898158
2,682,1230.790713
1,833,1231.841051
-2,795,1232.844926
-1,803,1233.851145
3,649,1234.650091
-2,625,1235.462446
-1,758,1236.43438
2,611,1237.197737
1,772,1238.166518
1,767,1239.118356
1,799,1240.14615
4,550,1240.819678
4,534,1241.490955
3,592,1242.223958
3,658,1243.070248
-3,599,1243.833456
1,728,1244.755476
4,557,1245.47193
-2,706,1246.370501
1,675,1247.247255
-2,618,1248.018135
-3,541,1248.696571
-1,709,1249.606209
-4,476,1250.217917
3,599,1250.986377
3,566,1251.699604
1,789,1252.706642
-1,771,1253.715126
-4,476,1254.321238
3,629,1255.102667
4,496,1255.747573
-1,687,1256.624932
1,701,1257.489214
-2,759,1258.443077
2,608,1259.204498
-2,631,1259.99674
-3,587,1260.741655
-3,554,1261.43919
2,658,1262.268975
3,745,1263.226796
-4,495,1263.849495
3,564,1265.225492
4,500,1265.674973
-1,793,1266.375675
4,508,1266.821533
-1,738,1267.465397
-1,761,1268.134434
2,696,1268.755383
3,625,1269.324773
2,662,1269.916452
3,552,1270.414912
3,615,1270.958369
-3,574,1271.475272
-4,483,1271.896844
3,653,1272.482147
-4,515,1272.953641
-2,723,1273.604696
-2,668,1274.207934
1,739,1274.867497
4,503,1275.310071
1,744,1275.973095
3,554,1276.468458
-1,800,1277.176685
1,735,1277.829506
-2,681,1278.441744
3,576,1278.97059
2,683,1279.578781
-4,457,1279.986583
-1,773,1280.696166
3,679,1281.306972
-4,485,1281.74402
-5,432,1282.127823
2,745,1282.80291
-2,645,1283.378929
-3,564,1283.883134
3,607,1284.417961
1,787,1285.123941
3,626,1285.66938
2,660,1286.26824
-2,687,1286.886909
-2,695,1287.513745
4,559,1288.004353
3,647,1288.589784
-2,692,1289.199702
-2,678,1289.813687
1,734,1290.427582
2,674,1291.031966
5,429,1291.409297
2,680,1292.027154
2,641,1292.599463
-2,656,1293.179019
-1,781,1293.862297
-1,719,1294.502264
-1,762,1295.188464
1,741,1295.847989
2,749,1296.5287
-3,585,1297.020877
2,665,1297.613563
-2,630,1298.181988
2,685,1298.79878
-5,408,1299.149024
2,709,1299.764688
2,633,1300.336503
2,638,1300.911232
-1,770,1301.601424
5,444,1302.015554
-3,619,1302.564615
-1,704,1303.207341
-2,608,1303.755311
1,800,1304.465134
3,616,1305.016104
1,718,1305.650218
4,539,1306.130294
3,571,1306.628518
3,605,1307.175506
-1,790,1307.872727
1,769,1308.500481
3,645,1309.080057
-1,762,1309.76392
3,675,1310.383587
1,760,1311.039414
-1,798,1311.757958
-3,610,1312.294495
5,440,1312.688199
3,524,1313.154031
2,658,1313.747235
2,636,1314.316167
2,661,1314.87978
1,739,1315.516417
3,573,1316.027637
3,541,1316.523467
-2,687,1317.131125
2,670,1317.740444
4,487,1318.172573
1,707,1318.800714
-2,663,1319.389561
1,766,1320.077535
1,701,1320.693883
-2,619,1321.244916
2,663,1321.834429
1,727,1322.442028
-4,472,1323.071332
