loss_kl,EpisodesSoFar,loss_ent,ev_tdlam_before,TimestepsSoFar,loss_pol_surr,loss_pol_entpen,EpThisIter,TimeElapsed,loss_vf_loss,EpRewMean,EpLenMean
0.014649998,0,1.7773632,0.5319996476173401,256,-0.041806236,-0.017773632,0,0.4156980514526367,0.016633864,,
0.009403962,1,1.7529073,0.5986289978027344,512,-0.025069302,-0.01752907,1,0.6341550350189209,0.028128415,0.030000000000004245,503.0
0.006935061,1,1.7533227,0.487432062625885,768,-0.022167549,-0.017533228,0,0.8541498184204102,0.028631361,0.030000000000004245,503.0
0.0068135746,1,1.7286398,0.4949209690093994,1024,-0.021956671,-0.017286398,0,1.077887773513794,0.046017617,0.030000000000004245,503.0
0.012722636,2,1.7169902,0.5710180997848511,1280,-0.03078093,-0.0171699,1,1.3111093044281006,0.02843523,0.9349999999999782,543.5
0.01167202,2,1.7347802,0.7875537723302841,1536,-0.02049837,-0.017347801,0,1.5302104949951172,0.024342906,0.9349999999999782,543.5
0.010212075,3,1.7502489,0.8175547569990158,1792,-0.03272199,-0.01750249,1,1.7450063228607178,0.029933821,0.7766666666666536,544.3333333333334
0.006463269,3,1.7447832,0.45873039960861206,2048,-0.02228303,-0.017447831,0,1.9554123878479004,0.039988723,0.7766666666666536,544.3333333333334
0.0031186577,4,1.751531,0.359824001789093,2304,-0.01749695,-0.01751531,1,2.1598281860351562,0.041365765,0.9999999999999847,575.0
0.0063062026,4,1.7503822,0.7238723039627075,2560,-0.020092279,-0.017503822,0,2.3711040019989014,0.012098636,0.9999999999999847,575.0
0.007555591,4,1.7371558,0.8442385196685791,2816,-0.030262655,-0.017371558,0,2.577528476715088,0.0132458005,0.9999999999999847,575.0
0.008959472,5,1.7184148,0.7137582302093506,3072,-0.021047086,-0.017184146,1,2.791008234024048,0.017157318,0.8579999999999884,565.8
0.0104142055,6,1.6569982,0.6676143407821655,3328,-0.02889788,-0.01656998,1,3.0063347816467285,0.037876505,0.8433333333333243,551.0
0.009734044,6,1.6506877,0.8118947446346283,3584,-0.024903702,-0.016506877,0,3.212658643722534,0.01681946,0.8433333333333243,551.0
0.008093875,7,1.6357547,0.7921205163002014,3840,-0.020365275,-0.016357549,1,3.4251906871795654,0.018481951,0.7314285714285642,544.5714285714286
0.013657511,7,1.6593872,0.692213773727417,4096,-0.022975858,-0.016593872,0,3.6329267024993896,0.017911369,0.7314285714285642,544.5714285714286
0.0065094773,7,1.6659257,0.6284626126289368,4352,-0.029012889,-0.016659256,0,3.8415377140045166,0.026542375,0.7314285714285642,544.5714285714286
0.011484957,8,1.6232507,0.8745084553956985,4608,-0.027841404,-0.016232507,1,4.076109409332275,0.0132427905,0.7724999999999926,552.25
0.013057739,8,1.590277,0.711863785982132,4864,-0.03182565,-0.015902769,0,4.299583673477173,0.019260777,0.7724999999999926,552.25
0.008914905,8,1.593317,0.7783277779817581,5120,-0.02155606,-0.01593317,0,4.511937379837036,0.011734253,0.7724999999999926,552.25
0.01882378,9,1.4804752,0.6991635262966156,5376,-0.041148238,-0.014804752,1,4.712903738021851,0.01826821,0.9177777777777671,569.5555555555555
0.013254022,9,1.5156437,0.7906325310468674,5632,-0.04228297,-0.015156437,0,4.907689094543457,0.040251262,0.9177777777777671,569.5555555555555
0.014506449,10,1.5107195,0.8026630878448486,5888,-0.017023232,-0.015107196,1,5.119574546813965,0.014165295,0.9159999999999908,571.6
0.013088254,10,1.4192533,0.8261101543903351,6144,-0.029684464,-0.014192534,0,5.326764345169067,0.017462306,0.9159999999999908,571.6
0.005985627,11,1.4793305,0.5389419198036194,6400,-0.021377582,-0.014793305,1,5.53364896774292,0.02882819,0.819090909090901,563.7272727272727
0.010674117,11,1.4099283,0.7979268878698349,6656,-0.035622828,-0.014099283,0,5.740328788757324,0.012414094,0.819090909090901,563.7272727272727
0.007641415,12,1.3732989,0.8380129337310791,6912,-0.016068254,-0.013732989,1,5.94107460975647,0.008275453,0.8958333333333233,572.9166666666666
0.0045131473,12,1.3670601,0.7867877930402756,7168,-0.01286222,-0.0136706,0,6.163546800613403,0.012172589,0.8958333333333233,572.9166666666666
0.024119137,12,1.3478215,0.7361074984073639,7424,-0.03522887,-0.013478215,0,6.401042699813843,0.012245288,0.8958333333333233,572.9166666666666
0.006765881,13,1.4127812,0.8137799352407455,7680,-0.021679271,-0.0141278105,1,6.619798183441162,0.013533219,0.94076923076922,578.6923076923077
0.008870765,13,1.4104111,0.8202281147241592,7936,-0.007999875,-0.01410411,0,6.8319151401519775,0.014960205,0.94076923076922,578.6923076923077
0.015632428,14,1.3491527,0.8842569068074226,8192,-0.01737536,-0.013491526,1,7.070997714996338,0.010509374,0.8435714285714189,570.0714285714286
0.0061859004,14,1.40221,0.7286835610866547,8448,-0.019817762,-0.0140221,0,7.292553186416626,0.022748139,0.8435714285714189,570.0714285714286
0.010427092,15,1.4357749,0.8713666498661041,8704,-0.027956951,-0.014357749,1,7.494570732116699,0.012782872,0.8439999999999911,571.0666666666667
0.011013377,15,1.4576848,0.8950524479150772,8960,-0.025499426,-0.014576847,0,7.729628324508667,0.013829379,0.8439999999999911,571.0666666666667
0.0043756645,16,1.3850052,0.72296541929245,9216,-0.012547638,-0.013850054,1,7.920793056488037,0.014750235,0.8324999999999918,570.75
0.006120939,16,1.3972907,0.9236114770174026,9472,-0.012586275,-0.013972906,0,8.141929626464844,0.009643336,0.8324999999999918,570.75
0.0042187804,16,1.4145823,0.15801680088043213,9728,-0.013892571,-0.014145821,0,8.350115299224854,0.018898431,0.8324999999999918,570.75
0.026585672,17,1.4248757,0.35942524671554565,9984,-0.03251475,-0.014248757,1,8.571020126342773,0.013102682,0.8741176470588153,575.6470588235294
0.010921037,17,1.3999497,0.7833902686834335,10240,-0.011940824,-0.013999496,0,8.783752202987671,0.015909437,0.8741176470588153,575.6470588235294
0.009060889,18,1.4821153,0.6937825381755829,10496,-0.02726117,-0.014821153,1,8.993613004684448,0.0127673205,0.8194444444444369,570.8333333333334
0.013236919,18,1.4115496,0.5709347426891327,10752,-0.020912806,-0.014115496,0,9.23154330253601,0.016336922,0.8194444444444369,570.8333333333334
0.018656898,19,1.4725251,0.692943274974823,11008,-0.023601636,-0.014725251,1,9.4441397190094,0.012071671,0.828421052631572,572.3157894736842
0.012611161,19,1.446102,0.7221273481845856,11264,-0.029746987,-0.014461019,0,9.660755157470703,0.021193394,0.828421052631572,572.3157894736842
0.016105354,20,1.5523775,0.8298441022634506,11520,-0.032800548,-0.015523774,1,9.90477991104126,0.011039877,0.8104999999999937,571.05
0.008277582,20,1.56955,0.8191586434841156,11776,-0.016947687,-0.015695501,0,10.116522550582886,0.015593377,0.8104999999999937,571.05
0.0064755143,21,1.5877969,0.9179811030626297,12032,-0.025260862,-0.01587797,1,10.331887006759644,0.011200074,0.7538095238095179,565.8571428571429
0.015188307,21,1.5533348,0.8172050267457962,12288,-0.035026778,-0.015533348,0,10.539023876190186,0.012381736,0.7538095238095179,565.8571428571429
0.008238712,22,1.5842347,0.8335563987493515,12544,-0.026864404,-0.015842346,1,10.76822566986084,0.007877717,0.7731818181818124,568.2272727272727
0.009436054,22,1.5347131,0.8793828636407852,12800,-0.018013109,-0.0153471315,0,10.974317789077759,0.011241538,0.7731818181818124,568.2272727272727
0.0050135143,23,1.4861176,0.9281242862343788,13056,-0.013301112,-0.014861176,1,11.177681684494019,0.010141048,0.7621739130434729,567.5217391304348
0.0077220625,23,1.4673531,0.8422864228487015,13312,-0.021938626,-0.01467353,0,11.3793203830719,0.012466093,0.7621739130434729,567.5217391304348
0.006954385,23,1.5202789,0.8145043551921844,13568,-0.017429762,-0.015202789,0,11.579310655593872,0.013180468,0.7621739130434729,567.5217391304348
0.015579399,24,1.4396524,0.826281413435936,13824,-0.025222244,-0.014396524,1,11.784921407699585,0.013681639,0.7824999999999949,569.9166666666666
0.005705719,24,1.4954879,-1.1825056076049805,14080,-0.013907831,-0.014954878,0,11.992877721786499,0.04829763,0.7824999999999949,569.9166666666666
0.00492971,24,1.5429074,0.0726017951965332,14336,-0.024136268,-0.015429072,0,12.196787118911743,0.026196867,0.7824999999999949,569.9166666666666
0.010078477,25,1.4453777,0.43864208459854126,14592,-0.013001589,-0.014453777,1,12.435635089874268,0.023027938,0.8851999999999905,576.52
0.015519068,25,1.4399915,0.2731882333755493,14848,-0.02915856,-0.014399913,0,12.63789176940918,0.030305974,0.8851999999999905,576.52
0.012492622,26,1.3051715,0.6865116059780121,15104,-0.023932528,-0.013051714,1,12.839272499084473,0.019956155,0.8665384615384527,575.1153846153846
0.011251328,26,1.3295567,0.23724067211151123,15360,-0.025461825,-0.013295567,0,13.042320966720581,0.061581057,0.8665384615384527,575.1153846153846
0.006573559,26,1.3392797,0.8131841719150543,15616,-0.018139262,-0.013392797,0,13.246176719665527,0.015986068,0.8665384615384527,575.1153846153846
0.004717555,27,1.3030975,0.65591761469841,15872,-0.015644234,-0.013030973,1,13.44993543624878,0.03098746,1.0122222222222086,582.7037037037037
0.012792483,27,1.2956262,0.8949322924017906,16128,-0.014470739,-0.012956262,0,13.656291723251343,0.013671581,1.0122222222222086,582.7037037037037
0.005393493,28,1.2143769,0.8528158813714981,16384,-0.008889601,-0.012143768,1,13.861432552337646,0.019061629,1.00535714285713,582.6785714285714
0.004842936,28,1.3301909,0.7785968780517578,16640,-0.02144274,-0.013301909,0,14.070084810256958,0.020617409,1.00535714285713,582.6785714285714
0.010496816,29,1.1815491,0.776540219783783,16896,-0.024400175,-0.011815491,1,14.27294635772705,0.023307957,0.9586206896551599,578.6206896551724
0.006872076,29,1.269049,0.6652596592903137,17152,-0.020929422,-0.012690491,0,14.47806715965271,0.015119061,0.9586206896551599,578.6206896551724
0.0030251765,30,1.0219871,0.6828783750534058,17408,-0.010268651,-0.01021987,1,14.68127179145813,0.015393956,0.9266666666666548,576.0
0.010629083,30,1.1713926,0.7003622651100159,17664,-0.025099361,-0.011713925,0,14.891588687896729,0.014807971,0.9266666666666548,576.0
0.009246284,31,1.1635208,0.7039269208908081,17920,-0.0133809075,-0.011635208,1,15.117773294448853,0.014715684,0.9299999999999886,576.8709677419355
0.005878119,31,1.1282694,0.8705237507820129,18176,-0.00865929,-0.0112826945,0,15.333838939666748,0.012534268,0.9299999999999886,576.8709677419355
0.0042352728,31,1.2225106,0.8562906682491302,18432,-0.01391007,-0.012225106,0,15.533856391906738,0.0066645117,0.9299999999999886,576.8709677419355
0.007827422,32,1.2200472,0.8487716764211655,18688,-0.014094012,-0.012200471,1,15.73697543144226,0.013563358,0.932187499999989,577.59375
0.0117064705,33,1.264446,0.8790293484926224,18944,-0.013975353,-0.0126444595,1,15.93727421760559,0.014145228,0.8863636363636257,573.4848484848485
0.0052372115,33,1.0842602,0.5557979941368103,19200,-0.014417332,-0.010842602,0,16.1308434009552,0.02516345,0.8863636363636257,573.4848484848485
0.010747805,33,1.2019404,0.8686979860067368,19456,-0.021276824,-0.012019403,0,16.33464002609253,0.008128595,0.8863636363636257,573.4848484848485
0.006060632,34,1.1395196,0.6030095219612122,19712,-0.019488556,-0.0113951955,1,16.537819385528564,0.01999332,0.897058823529401,575.0
0.006280924,34,1.0500612,0.7637796401977539,19968,-0.011746971,-0.010500612,0,16.7387912273407,0.01874297,0.897058823529401,575.0
0.011843769,35,1.0909672,0.7610072791576385,20224,-0.011147554,-0.010909672,1,16.940248727798462,0.015008579,0.9179999999999889,577.5142857142857
0.0018303504,35,1.1096715,0.857846662402153,20480,-0.009170309,-0.011096714,0,17.150119304656982,0.0122123,0.9179999999999889,577.5142857142857
0.020341907,35,1.1013347,0.8196235299110413,20736,-0.014918527,-0.011013346,0,17.357120752334595,0.011879379,0.9179999999999889,577.5142857142857
0.021518938,36,1.1531208,0.8987895846366882,20992,-0.022104865,-0.011531207,1,17.557973861694336,0.011474747,0.9111111111111003,577.2222222222222
0.009349281,36,1.1000419,0.8651125878095627,21248,-0.007633172,-0.011000418,0,17.758193254470825,0.016687136,0.9111111111111003,577.2222222222222
0.023983557,37,1.2743387,0.9068688228726387,21504,-0.029027402,-0.012743388,1,17.955090284347534,0.010160237,0.9191891891891788,578.4054054054054
0.022927625,37,1.3430564,0.8892016410827637,21760,-0.015442897,-0.013430564,0,18.164727210998535,0.009029504,0.9191891891891788,578.4054054054054
0.012688136,38,1.2634755,0.9183410406112671,22016,-0.022483729,-0.012634755,1,18.397929430007935,0.007863313,0.8842105263157795,575.2631578947369
0.011722278,38,1.4143133,0.8207463026046753,22272,-0.022130292,-0.014143134,0,18.600780963897705,0.016669527,0.8842105263157795,575.2631578947369
0.011511652,39,1.3224299,0.8839089348912239,22528,-0.020192659,-0.013224299,1,18.803903818130493,0.0078270985,0.892051282051272,576.3846153846154
0.004941688,39,1.2023289,0.8337315917015076,22784,-0.008576311,-0.012023289,0,19.01199746131897,0.014213403,0.892051282051272,576.3846153846154
0.008763043,40,1.2771828,0.8814891204237938,23040,-0.018458474,-0.012771826,1,19.214770793914795,0.013519485,0.8674999999999906,574.25
0.019329462,40,1.3233919,0.5307334065437317,23296,-0.022774767,-0.013233919,0,19.419596433639526,0.01625497,0.8674999999999906,574.25
0.014699599,40,1.2535219,0.7250346839427948,23552,-0.030415792,-0.012535219,0,19.62089490890503,0.01298396,0.8674999999999906,574.25
0.0138965575,41,1.3126035,0.7566242963075638,23808,-0.03819752,-0.013126035,1,19.819589853286743,0.016376331,0.898780487804867,577.6829268292682
0.022995252,41,1.297327,0.5611014366149902,24064,-0.033643674,-0.012973269,0,20.034139394760132,0.017663214,0.898780487804867,577.6829268292682
0.012767399,41,1.2233787,0.7579521089792252,24320,-0.016610067,-0.012233786,0,20.27200174331665,0.017052379,0.898780487804867,577.6829268292682
0.0069562704,42,1.2611867,0.8044788092374802,24576,-0.025818208,-0.012611867,1,20.488954305648804,0.012412793,0.9297619047618925,581.0714285714286
0.013253294,42,1.2639288,0.8682404011487961,24832,-0.020976307,-0.012639288,0,20.72393274307251,0.010924555,0.9297619047618925,581.0714285714286
0.01652242,42,1.2037933,0.8025065511465073,25088,-0.033420045,-0.012037931,0,24.458550214767456,0.010001019,0.9297619047618925,581.0714285714286
0.004665586,43,1.0916233,0.6914379000663757,25344,-0.009287445,-0.010916233,1,24.654846906661987,0.016528025,0.9520930232558017,583.5813953488372
0.006939183,44,1.0695488,0.860738605260849,25600,-0.01861677,-0.010695489,1,24.85992980003357,0.013307158,0.9313636363636245,581.7727272727273
0.010870633,44,1.2004368,0.8362125754356384,25856,-0.020834181,-0.012004367,0,25.061578035354614,0.012497579,0.9313636363636245,581.7727272727273
0.012582506,44,1.2000847,0.06163257360458374,26112,-0.023047175,-0.012000846,0,25.267788648605347,0.06532179,0.9313636363636245,581.7727272727273
0.016790267,45,1.0835267,0.38433414697647095,26368,-0.03299395,-0.010835267,1,25.47027087211609,0.021740481,0.9675555555555426,583.4222222222222
0.010389248,45,1.0175147,0.6422224640846252,26624,-0.014034482,-0.010175146,0,25.671109676361084,0.02493763,0.9675555555555426,583.4222222222222
0.028644256,45,1.1044474,0.8467931747436523,26880,-0.034960296,-0.011044473,0,25.875683546066284,0.008356404,0.9675555555555426,583.4222222222222
0.010022209,46,1.0399008,0.8549223840236664,27136,-0.02836049,-0.010399006,1,26.088465452194214,0.017136056,0.9889130434782473,585.8478260869565
0.015392877,46,1.0779667,0.8107663542032242,27392,-0.01816805,-0.010779667,0,26.308302402496338,0.018277531,0.9889130434782473,585.8478260869565
0.0028019224,47,0.97007126,0.6331506967544556,27648,-0.01185924,-0.009700712,1,26.515738010406494,0.023808984,0.9704255319148805,584.2765957446809
0.0089713605,47,1.0435848,0.6852687895298004,27904,-0.018972475,-0.0104358485,0,26.718896627426147,0.01979047,0.9704255319148805,584.2765957446809
0.011488393,48,1.1068878,0.8140459060668945,28160,-0.037147496,-0.011068879,1,26.922717571258545,0.011970112,0.9552083333333204,583.0208333333334
0.008468246,48,0.9322901,0.8571618348360062,28416,-0.014019735,-0.0093229,0,27.12824845314026,0.015561532,0.9552083333333204,583.0208333333334
0.015226046,49,1.0150793,0.8260265588760376,28672,-0.016146697,-0.010150793,1,27.33873152732849,0.009069961,0.9651020408163136,584.265306122449
0.005772659,49,0.98512936,0.7018490731716156,28928,-0.013684458,-0.009851293,0,27.547993421554565,0.021050664,0.9651020408163136,584.265306122449
0.0053764936,50,0.95462334,0.7820776253938675,29184,-0.009015091,-0.009546233,1,27.750931978225708,0.012199065,0.9435999999999873,582.36
0.005694371,50,1.114694,0.8106859624385834,29440,-0.010404663,-0.01114694,0,27.957120656967163,0.016319618,0.9435999999999873,582.36
0.004602068,51,1.0130308,0.8350822627544403,29696,-0.013025807,-0.010130308,1,28.1669921875,0.008550164,0.9249019607843013,580.7254901960785
0.008420596,51,1.1047678,0.8807122483849525,29952,-0.012495531,-0.011047678,0,28.36801505088806,0.011969005,0.9249019607843013,580.7254901960785
0.008292802,52,1.0428568,0.8572824150323868,30208,-0.018785106,-0.010428568,1,28.575090646743774,0.011035717,0.9094230769230649,579.4038461538462
0.008522488,52,1.0049362,0.847356304526329,30464,-0.013438415,-0.010049362,0,28.77336812019348,0.016859295,0.9094230769230649,579.4038461538462
0.008574108,53,1.1359148,0.9385046474635601,30720,-0.023557976,-0.011359148,1,28.972179412841797,0.0033065071,0.8850943396226297,577.188679245283
0.027974328,53,1.0585929,0.833370715379715,30976,-0.02184933,-0.01058593,0,29.160874128341675,0.015619654,0.8850943396226297,577.188679245283
0.01825647,53,1.1419231,0.6323787271976471,31232,-0.03059679,-0.01141923,0,29.354127407073975,0.017835874,0.8850943396226297,577.188679245283
0.018765645,54,1.0767853,0.7014770805835724,31488,-0.023543106,-0.010767855,1,29.560827493667603,0.017608508,0.8970370370370254,578.5925925925926
0.018151183,54,0.99705815,0.8368958681821823,31744,-0.027026998,-0.009970581,0,29.769091606140137,0.01175426,0.8970370370370254,578.5925925925926
0.009485411,55,1.0291522,0.8415141999721527,32000,-0.024328042,-0.010291521,1,29.979642868041992,0.007252224,0.9150909090908974,580.6
0.008227918,55,1.0597739,0.4894193410873413,32256,-0.035711393,-0.010597739,0,30.184626579284668,0.03184501,0.9150909090908974,580.6
0.007804964,55,0.8802079,0.8564024716615677,32512,-0.018660897,-0.008802079,0,30.40514874458313,0.014570158,0.9150909090908974,580.6
0.008850499,56,1.0311844,0.8459997624158859,32768,-0.015762836,-0.010311844,1,30.607227087020874,0.010812111,0.9301785714285588,582.3035714285714
0.004165082,56,1.0371181,0.5596970915794373,33024,-0.008928567,-0.01037118,0,30.811197996139526,0.022616344,0.9301785714285588,582.3035714285714
0.00606231,57,1.0828354,0.7915619611740112,33280,-0.0240578,-0.010828354,1,31.01464581489563,0.014637023,0.9075438596491104,580.2280701754386
0.013398288,57,0.91925097,0.8462544083595276,33536,-0.019377554,-0.0091925105,0,31.214353561401367,0.017194925,0.9075438596491104,580.2280701754386
0.017727755,58,1.0411348,0.888802707195282,33792,-0.020370536,-0.010411348,1,31.428170204162598,0.010271548,0.9056896551724016,580.2241379310345
0.00826999,58,1.0790424,0.8585899770259857,34048,-0.017110713,-0.010790424,0,31.643911600112915,0.014254421,0.9056896551724016,580.2241379310345
0.024412498,59,1.0526164,0.9168059080839157,34304,-0.02715145,-0.010526164,1,31.859076023101807,0.008232761,0.8981355932203271,579.6440677966102
0.010308475,59,1.1129589,0.8050105571746826,34560,-0.014852141,-0.01112959,0,32.06255006790161,0.0130019775,0.8981355932203271,579.6440677966102
0.015630592,60,1.1145834,0.9078518748283386,34816,-0.012264488,-0.011145834,1,32.266979694366455,0.010951738,0.8839999999999884,578.4
0.03959059,60,1.2323649,0.8408551514148712,35072,-0.021060675,-0.012323649,0,32.468347787857056,0.00786449,0.8839999999999884,578.4
0.016424775,61,1.0539922,0.7718023508787155,35328,-0.019316163,-0.010539923,1,32.66720533370972,0.01291308,0.8873770491803162,578.9016393442623
0.015124304,61,1.2098497,0.6350920498371124,35584,-0.0206436,-0.012098497,0,32.868951082229614,0.020987868,0.8873770491803162,578.9016393442623
0.016763829,61,1.2284845,0.8304814547300339,35840,-0.020400293,-0.012284844,0,33.07296538352966,0.009349635,0.8873770491803162,578.9016393442623
0.013000872,62,1.2606101,0.8512571603059769,36096,-0.021322079,-0.012606101,1,33.27360916137695,0.00832261,0.8933870967741817,579.6612903225806
0.009620799,62,1.2151872,0.7754723429679871,36352,-0.012211166,-0.012151872,0,33.46089720726013,0.020466628,0.8933870967741817,579.6612903225806
0.006246177,62,1.274296,0.7526407092809677,36608,-0.018520243,-0.01274296,0,33.661046743392944,0.0076122987,0.8933870967741817,579.6612903225806
0.014184543,63,1.089336,0.6923353672027588,36864,-0.027468402,-0.01089336,1,33.86521625518799,0.021538038,0.9106349206349084,581.5396825396825
0.0098303165,63,1.1182532,0.830540731549263,37120,-0.015167128,-0.011182532,0,34.07184886932373,0.015724886,0.9106349206349084,581.5396825396825
0.009805333,64,1.0570557,0.8662429004907608,37376,-0.019786675,-0.010570556,1,34.27081298828125,0.007385668,0.9029687499999881,580.921875
0.008749183,64,1.1175135,0.8648103624582291,37632,-0.011368282,-0.011175136,0,34.47101449966431,0.015485572,0.9029687499999881,580.921875
0.01795637,65,1.0685728,0.9020428955554962,37888,-0.0215045,-0.010685728,1,34.66673970222473,0.010131097,0.9115384615384495,581.9230769230769
0.0054066014,65,1.2130764,0.6633759140968323,38144,-0.02216959,-0.012130763,0,34.87049984931946,0.023666404,0.9115384615384495,581.9230769230769
0.013811996,65,1.1742183,0.8619282096624374,38400,-0.02208969,-0.011742183,0,35.07791328430176,0.012516132,0.9115384615384495,581.9230769230769
0.017557634,66,1.189288,0.8839420452713966,38656,-0.025304673,-0.01189288,1,35.28391671180725,0.01179536,0.9349999999999865,584.4090909090909
0.015301423,66,1.219963,0.334686815738678,38912,-0.02767365,-0.01219963,0,35.487632036209106,0.057468764,0.9349999999999865,584.4090909090909
0.021948593,67,1.2743561,0.7764470726251602,39168,-0.03110231,-0.012743561,1,35.6886248588562,0.01859396,0.9413432835820753,583.6865671641791
0.009355269,67,1.1966796,0.8212380856275558,39424,-0.01567088,-0.011966796,0,35.87882876396179,0.017910155,0.9413432835820753,583.6865671641791
0.012814648,68,1.3687797,0.8843684047460556,39680,-0.031126112,-0.013687796,1,36.081953287124634,0.010214872,0.9244117647058684,582.1470588235294
0.014646724,68,1.3868062,0.6550509929656982,39936,-0.03783161,-0.013868062,0,36.28318667411804,0.027543338,0.9244117647058684,582.1470588235294
0.01319459,68,1.3361282,0.8274253308773041,40192,-0.03235272,-0.013361283,0,36.474934339523315,0.013262477,0.9244117647058684,582.1470588235294
0.0064979917,69,1.263439,0.7995602041482925,40448,-0.014719099,-0.01263439,1,36.66770029067993,0.01952939,0.9644927536231731,584.8550724637681
0.01941075,69,1.3995703,0.9210216850042343,40704,-0.037052065,-0.013995703,0,36.8746771812439,0.00819931,0.9644927536231731,584.8550724637681
0.016425256,69,1.2637731,0.859132394194603,40960,-0.027794728,-0.01263773,0,37.105398178100586,0.01084716,0.9644927536231731,584.8550724637681
0.013789768,70,1.3316078,0.6765225827693939,41216,-0.02837941,-0.013316077,1,37.322908878326416,0.033426184,0.9921428571428416,587.7857142857143
0.008939326,70,1.2473338,0.7512957006692886,41472,-0.02019203,-0.012473337,0,37.5254921913147,0.0117100645,0.9921428571428416,587.7857142857143
0.011743445,70,1.2672558,0.7868116050958633,41728,-0.02486939,-0.0126725575,0,37.71565556526184,0.011274282,0.9921428571428416,587.7857142857143
0.0070663313,71,1.2244382,0.6672878563404083,41984,-0.017967619,-0.012244381,1,37.91489028930664,0.025174983,0.9966197183098436,588.3943661971831
0.011916572,71,1.2591577,0.8645772188901901,42240,-0.02421536,-0.012591576,0,38.119685888290405,0.010819653,0.9966197183098436,588.3943661971831
0.011090137,72,1.147903,0.6270788908004761,42496,-0.018771049,-0.0114790285,1,38.32054138183594,0.023061987,0.9877777777777624,587.6666666666666
0.0059210523,72,1.1740232,0.8385424464941025,42752,-0.010984909,-0.011740232,0,38.5224027633667,0.01029163,0.9877777777777624,587.6666666666666
0.007431719,73,1.2629526,0.8493949770927429,43008,-0.026830215,-0.012629526,1,38.7177836894989,0.008670322,0.9934246575342314,588.3835616438356
0.012395175,73,1.2165873,0.8834538459777832,43264,-0.024319094,-0.012165872,0,38.90857934951782,0.011987025,0.9934246575342314,588.3835616438356
0.009589905,74,1.2311535,0.8143055140972137,43520,-0.032313026,-0.012311535,1,39.09924507141113,0.012555297,0.9805405405405256,587.2432432432432
0.011026524,74,1.2431197,0.5786087512969971,43776,-0.020203281,-0.012431197,0,39.301005840301514,0.030419009,0.9805405405405256,587.2432432432432
0.011102384,75,1.1847107,0.6654181778430939,44032,-0.019199675,-0.011847108,1,39.50485873222351,0.020836536,0.964666666666652,585.8
0.009495121,75,1.193161,0.7821947783231735,44288,-0.02328916,-0.011931609,0,39.70665001869202,0.0113848755,0.964666666666652,585.8
0.02570594,75,1.2075876,0.6542882323265076,44544,-0.026227003,-0.012075875,0,39.91221070289612,0.017592741,0.964666666666652,585.8
0.004663187,76,1.1777399,0.7703955769538879,44800,-0.017451182,-0.011777399,1,40.11586308479309,0.014134144,0.9763157894736693,587.1052631578947
0.017048933,76,1.2080038,0.8077728748321533,45056,-0.024312932,-0.012080038,0,40.3172402381897,0.015283903,0.9763157894736693,587.1052631578947
0.012471458,77,1.1857419,0.8947635665535927,45312,-0.022560246,-0.011857419,1,40.51793575286865,0.00925199,0.9644155844155697,586.0519480519481
0.011469243,77,1.2383192,0.2224193811416626,45568,-0.022814289,-0.012383191,0,40.70521545410156,0.06294224,0.9644155844155697,586.0519480519481
0.0076060058,78,1.0677363,0.5385620594024658,45824,-0.028512422,-0.010677363,1,40.89506196975708,0.022005722,0.9893589743589587,587.3974358974359
0.012961416,78,1.215592,0.8204783052206039,46080,-0.016105354,-0.012155919,0,41.10031509399414,0.014510486,0.9893589743589587,587.3974358974359
0.014309312,78,1.308588,0.06389063596725464,46336,-0.022678718,-0.013085879,0,41.30086421966553,0.055458352,0.9893589743589587,587.3974358974359
0.03513963,79,1.2349461,-0.007916688919067383,46592,-0.041636273,-0.012349461,1,41.503204107284546,0.020512443,1.0082278481012499,588.1645569620254
0.018190969,79,1.2228589,0.7937355041503906,46848,-0.026452892,-0.0122285895,0,41.70490217208862,0.010261446,1.0082278481012499,588.1645569620254
0.018912585,79,1.26263,0.3989402651786804,47104,-0.030880455,-0.0126263,0,41.90770721435547,0.03139975,1.0082278481012499,588.1645569620254
0.0097664725,80,1.2460114,0.6048869490623474,47360,-0.022087269,-0.0124601135,1,42.100706815719604,0.016636832,1.0432499999999834,590.575
0.0110779535,80,1.213012,0.8231074661016464,47616,-0.023339333,-0.01213012,0,42.3008234500885,0.01098036,1.0432499999999834,590.575
0.010091242,81,1.2626941,0.9003056138753891,47872,-0.02248307,-0.012626941,1,42.52172517776489,0.009116347,1.0253086419752924,588.9506172839506
0.010660029,81,1.1703978,0.8070042878389359,48128,-0.018521935,-0.011703976,0,42.74020433425903,0.016958456,1.0253086419752924,588.9506172839506
0.015230981,81,1.2122765,0.6797777116298676,48384,-0.038106624,-0.012122764,0,42.95000505447388,0.026196351,1.0253086419752924,588.9506172839506
0.032215238,82,1.1895874,0.6716025769710541,48640,-0.037661232,-0.011895874,1,43.15400528907776,0.023394484,1.0447560975609582,591.060975609756
0.013574856,82,1.236017,-0.1270531415939331,48896,-0.026576683,-0.01236017,0,43.39069199562073,0.045170844,1.0447560975609582,591.060975609756
0.006959228,83,1.2508922,0.6031687259674072,49152,-0.015849024,-0.012508921,1,43.59599947929382,0.022279115,1.0480722891566092,591.5542168674699
0.018686084,83,1.2085863,0.859845370054245,49408,-0.025205852,-0.012085862,0,43.79873466491699,0.008370749,1.0480722891566092,591.5542168674699
0.023599507,84,1.1662233,0.7685521245002747,49664,-0.02476667,-0.011662233,1,44.044814109802246,0.013471456,1.0355952380952211,590.4642857142857
0.0036236008,84,1.0553575,0.8450504243373871,49920,-0.012729436,-0.010553574,0,44.23891305923462,0.016067185,1.0355952380952211,590.4642857142857
0.02455818,84,1.1622019,0.7180204391479492,50176,-0.031042725,-0.011622019,0,47.69137167930603,0.014378048,1.0355952380952211,590.4642857142857
0.03209588,85,1.1456424,0.7891332805156708,50432,-0.023716887,-0.011456424,1,47.895888328552246,0.014872178,1.0330588235293952,590.364705882353
0.009537279,86,1.1221769,0.7634782493114471,50688,-0.022369493,-0.011221769,1,48.11406636238098,0.026864873,1.0218604651162626,589.3953488372093
0.02302911,86,1.1713982,0.8629961460828781,50944,-0.020286884,-0.011713981,0,48.33390974998474,0.007261467,1.0218604651162626,589.3953488372093
0.010739196,87,1.1602505,0.8165509253740311,51200,-0.019204214,-0.011602505,1,48.53684377670288,0.012540088,1.0110344827586044,588.4597701149426
0.009501785,87,1.1944648,0.8206156194210052,51456,-0.019807559,-0.011944648,0,48.739816188812256,0.013349843,1.0110344827586044,588.4597701149426
0.009152556,88,1.240433,0.8098284900188446,51712,-0.022184353,-0.01240433,1,48.948143005371094,0.022267403,0.9960227272727115,587.1022727272727
0.0137389535,88,1.2773652,0.8875802680850029,51968,-0.025932664,-0.012773652,0,49.15101766586304,0.01102401,0.9960227272727115,587.1022727272727
0.01042146,89,1.2401296,0.887867234647274,52224,-0.022687878,-0.012401296,1,49.37887358665466,0.014292162,0.9839325842696474,586.0337078651686
0.025682503,89,1.2563944,0.7664227187633514,52480,-0.03319794,-0.012563944,0,49.58784246444702,0.011674784,0.9839325842696474,586.0337078651686
0.012365044,89,1.3267038,0.8876707404851913,52736,-0.029102497,-0.013267037,0,49.7808575630188,0.010729122,0.9839325842696474,586.0337078651686
0.016424136,90,1.2191317,0.7700621038675308,52992,-0.034038022,-0.012191316,1,49.98067831993103,0.018934447,0.9891111111110956,586.6888888888889
0.010785299,91,1.1170495,0.856501117348671,53248,-0.011505235,-0.011170494,1,50.18710970878601,0.013243373,0.9699999999999847,584.9120879120879
0.020050887,91,1.267209,0.8404585272073746,53504,-0.02392044,-0.01267209,0,50.3979754447937,0.014314278,0.9699999999999847,584.9120879120879
0.016300704,92,1.3269992,0.8123497366905212,53760,-0.015942095,-0.013269992,1,50.60493874549866,0.017751276,0.9604347826086805,584.0869565217391
0.01283996,92,1.2863688,0.8572323471307755,54016,-0.022990014,-0.012863688,0,50.808104276657104,0.012388142,0.9604347826086805,584.0869565217391
0.012956733,93,1.2805293,0.9115182608366013,54272,-0.0274054,-0.012805292,1,51.0150465965271,0.01045472,0.9440860215053614,582.5806451612904
0.0119824,93,1.331605,0.32994920015335083,54528,-0.029447138,-0.013316049,0,51.21901559829712,0.04035008,0.9440860215053614,582.5806451612904
0.011942817,93,1.3205512,0.5031903684139252,54784,-0.032972682,-0.013205511,0,51.41735029220581,0.034087032,0.9440860215053614,582.5806451612904
0.024134684,93,1.2963426,0.5156496465206146,55040,-0.03827116,-0.012963427,0,51.610766887664795,0.032681346,0.9440860215053614,582.5806451612904
0.012332018,94,1.2030574,0.6929758191108704,55296,-0.027371362,-0.012030574,1,51.810882568359375,0.02023463,1.0089361702127493,587.063829787234
0.0090175215,94,1.2364955,0.5944846570491791,55552,-0.028072651,-0.012364954,0,52.01632070541382,0.025136147,1.0089361702127493,587.063829787234
0.024464376,95,1.2268655,0.6561658382415771,55808,-0.023754004,-0.012268656,1,52.217278242111206,0.023787009,1.0151578947368254,586.7789473684211
0.016477052,95,1.3042675,0.7247290909290314,56064,-0.031784818,-0.013042675,0,52.407822370529175,0.014124646,1.0151578947368254,586.7789473684211
0.01362339,95,1.209621,0.7805237919092178,56320,-0.017244672,-0.012096209,0,52.6107292175293,0.015926385,1.0151578947368254,586.7789473684211
0.013474546,96,1.3056962,0.8610678017139435,56576,-0.024674306,-0.013056962,1,52.814679861068726,0.021810886,1.0132291666666502,586.7395833333334
0.008375751,96,1.3162999,0.8322498053312302,56832,-0.015906759,-0.0131629985,0,53.02260947227478,0.0143789435,1.0132291666666502,586.7395833333334
0.014853348,97,1.3250256,0.6748549938201904,57088,-0.027401162,-0.013250254,1,53.24028515815735,0.02707953,1.0098969072164785,586.5567010309278
0.02815358,97,1.230324,0.7870712429285049,57344,-0.02629617,-0.012303239,0,53.461267948150635,0.013620162,1.0098969072164785,586.5567010309278
0.01799141,98,1.2542112,0.8698610067367554,57600,-0.020325571,-0.012542111,1,53.6825532913208,0.01558658,1.0063265306122287,586.3469387755102
0.01467959,98,1.3590193,0.7775031328201294,57856,-0.021672888,-0.0135901915,0,53.894925117492676,0.00898602,1.0063265306122287,586.3469387755102
0.00767319,98,1.2551235,0.7243385910987854,58112,-0.014580752,-0.012551234,0,54.09785008430481,0.024680058,1.0063265306122287,586.3469387755102
0.010825518,99,1.290066,0.6388417184352875,58368,-0.021622516,-0.01290066,1,54.30085468292236,0.029657912,1.0154545454545287,587.4040404040404
0.008219238,99,1.2714458,0.8558140993118286,58624,-0.02138349,-0.012714457,0,54.50381851196289,0.013284982,1.0154545454545287,587.4040404040404
0.019576076,100,1.3059334,0.8440741449594498,58880,-0.034636695,-0.013059333,1,54.70555806159973,0.012993233,1.0098999999999836,586.99
0.014444718,100,1.270756,0.498060941696167,59136,-0.03635353,-0.012707559,0,54.90902757644653,0.032909118,1.0098999999999836,586.99
0.037561454,101,1.3330556,0.8312680721282959,59392,-0.057829056,-0.013330556,1,55.11683392524719,0.020117696,1.0225999999999835,587.26
0.0073144115,101,1.3011824,0.7619556337594986,59648,-0.032468706,-0.013011823,0,55.31971740722656,0.024089206,1.0225999999999835,587.26
0.01464216,102,1.2323146,0.8606861680746078,59904,-0.027680581,-0.012323145,1,55.51989769935608,0.014991193,1.005699999999984,586.57
0.0107830195,102,1.2391634,0.8973837941884995,60160,-0.01942005,-0.012391634,0,55.723670959472656,0.017271118,1.005699999999984,586.57
0.0097780395,103,1.2159908,0.8890079408884048,60416,-0.029396405,-0.012159907,1,55.929967641830444,0.014348337,1.000499999999984,586.05
0.0076869437,103,1.253553,0.8790623992681503,60672,-0.022492325,-0.01253553,0,56.13900637626648,0.012160587,1.000499999999984,586.05
0.0070989225,104,1.301347,0.9222760945558548,60928,-0.025142081,-0.01301347,1,56.349608182907104,0.010219643,0.9922999999999843,585.23
0.0098971035,104,1.2591283,0.6171470880508423,61184,-0.025423383,-0.012591283,0,56.54198861122131,0.016750682,0.9922999999999843,585.23
0.010661412,104,1.243314,0.8382232934236526,61440,-0.026032535,-0.012433141,0,56.73610305786133,0.0149681885,0.9922999999999843,585.23
0.011005768,105,1.1850536,0.8516995161771774,61696,-0.0330182,-0.011850536,1,56.943716049194336,0.017617712,1.011299999999983,587.13
0.015911605,105,1.2331692,0.8627413660287857,61952,-0.032028038,-0.012331692,0,57.14899253845215,0.010534929,1.011299999999983,587.13
0.006430596,106,1.1893486,0.778899535536766,62208,-0.020667216,-0.011893486,1,57.35192584991455,0.01669764,1.0097999999999832,587.98
0.01458637,106,1.1459024,0.7677474766969681,62464,-0.0178663,-0.011459025,0,57.55480456352234,0.015981136,1.0097999999999832,587.98
0.004921509,107,1.1968935,0.8898378014564514,62720,-0.018829925,-0.011968935,1,57.7543261051178,0.0070614396,1.0065999999999833,587.66
0.011554871,107,1.1586298,0.8734794408082962,62976,-0.021097507,-0.011586297,0,57.9657940864563,0.015604995,1.0065999999999833,587.66
0.015663214,108,1.2376326,0.8964204490184784,63232,-0.018879987,-0.012376326,1,58.17679405212402,0.008466019,1.0031999999999832,587.32
0.018758513,108,1.169677,0.8607351183891296,63488,-0.029500896,-0.01169677,0,58.38691473007202,0.019536696,1.0031999999999832,587.32
0.015356658,109,1.294179,0.6801773905754089,63744,-0.029394418,-0.01294179,1,58.59233283996582,0.028376179,0.9892999999999836,585.93
0.0044006836,109,1.254159,0.8621702790260315,64000,-0.007558693,-0.012541588,0,58.78974795341492,0.012374206,0.9892999999999836,585.93
0.016002558,109,1.3035176,0.8983321934938431,64256,-0.030380342,-0.013035174,0,59.01030349731445,0.0077865096,0.9892999999999836,585.93
0.02516082,110,1.3103919,0.6730135381221771,64512,-0.03616267,-0.01310392,1,59.23888659477234,0.01833048,0.9850999999999835,585.51
0.030253362,111,1.3574293,0.6171517968177795,64768,-0.029498108,-0.013574293,1,59.444849491119385,0.01887083,0.9859999999999834,585.6
0.011294539,111,1.3104506,0.8357353806495667,65024,-0.025855655,-0.013104506,0,59.64485549926758,0.012523076,0.9859999999999834,585.6
0.01605974,111,1.2093349,0.854919508099556,65280,-0.026337475,-0.012093348,0,59.84658932685852,0.010350697,0.9859999999999834,585.6
0.009559849,112,1.2755779,0.8659353405237198,65536,-0.019278932,-0.012755779,1,60.07780909538269,0.008720971,0.9793999999999837,584.94
0.0122211,112,1.2785277,0.7434862852096558,65792,-0.027598046,-0.012785277,0,60.283379793167114,0.020269156,0.9793999999999837,584.94
0.0120520685,113,1.3086631,0.9051952585577965,66048,-0.02489869,-0.013086631,1,60.49103903770447,0.007675573,0.979199999999984,583.92
0.011759822,113,1.3590207,0.8225474655628204,66304,-0.037571453,-0.013590208,0,60.710946559906006,0.021198813,0.979199999999984,583.92
0.012583723,113,1.3122346,0.7277103960514069,66560,-0.037319273,-0.013122347,0,60.91697025299072,0.01765982,0.979199999999984,583.92
0.012083519,114,1.2933304,0.8490933328866959,66816,-0.015804682,-0.0129333045,1,61.115628242492676,0.017431451,1.0001999999999833,586.02
0.014623808,114,1.3223501,0.6969418227672577,67072,-0.024730556,-0.013223501,0,61.319833517074585,0.011872659,1.0001999999999833,586.02
0.017522678,115,1.3430697,0.8187436461448669,67328,-0.031570725,-0.013430696,1,61.52324295043945,0.014042753,1.0109999999999832,587.1
0.024922088,115,1.3260621,0.5646120607852936,67584,-0.02808367,-0.01326062,0,61.72897386550903,0.030990288,1.0109999999999832,587.1
0.013521442,115,1.3102332,0.8264910280704498,67840,-0.027423644,-0.013102332,0,61.94045543670654,0.009423787,1.0109999999999832,587.1
0.011814411,116,1.2832525,0.8837893530726433,68096,-0.031679388,-0.012832525,1,62.142558097839355,0.01365261,1.0234999999999823,587.35
0.009640063,116,1.3822181,0.8388759642839432,68352,-0.016482025,-0.013822179,0,62.349769115448,0.016305432,1.0234999999999823,587.35
0.016615748,117,1.3518105,0.9281768873333931,68608,-0.03769432,-0.013518104,1,62.55902051925659,0.0058597918,1.0150999999999823,586.51
0.018056646,117,1.2993519,0.8508502393960953,68864,-0.0387424,-0.012993519,0,62.76458120346069,0.018313581,1.0150999999999823,586.51
0.024566866,118,1.2791964,0.940874483436346,69120,-0.048498318,-0.012791963,1,62.97591590881348,0.008086844,1.0243999999999822,587.44
0.0113636935,118,1.2302545,0.8539292365312576,69376,-0.023724401,-0.012302546,0,63.17890191078186,0.019351067,1.0243999999999822,587.44
0.008011484,119,1.2585661,0.8167937994003296,69632,-0.01951754,-0.01258566,1,63.39076113700867,0.015264893,1.0164999999999822,586.65
0.014134446,119,1.2393858,0.7956184446811676,69888,-0.029837973,-0.012393858,0,63.612460136413574,0.014680045,1.0164999999999822,586.65
0.020818202,119,1.2655946,-0.9717667102813721,70144,-0.03007569,-0.0126559455,0,63.81991267204285,0.024848504,1.0164999999999822,586.65
0.014869107,120,1.2487397,0.5690463483333588,70400,-0.027078664,-0.0124873975,1,64.03089690208435,0.014031496,1.0439999999999818,588.4
0.029914366,120,1.2133803,0.7245544791221619,70656,-0.035507105,-0.012133802,0,64.24343371391296,0.017710336,1.0439999999999818,588.4
0.031106025,120,1.1339655,0.7661226242780685,70912,-0.035988104,-0.011339654,0,64.46795535087585,0.011748674,1.0439999999999818,588.4
0.015049606,121,1.1893064,0.8450408428907394,71168,-0.017407756,-0.011893062,1,64.69553875923157,0.014292482,1.0634999999999817,590.35
0.004465583,121,1.2347457,0.6414221525192261,71424,-0.020248532,-0.012347458,0,64.92286849021912,0.024275921,1.0634999999999817,590.35
0.02184312,122,1.0791233,0.828193724155426,71680,-0.033058275,-0.010791233,1,65.13608264923096,0.023856614,1.0804999999999811,591.05
0.011550768,122,1.1460478,0.8452311009168625,71936,-0.018568091,-0.011460479,0,65.34403610229492,0.014571805,1.0804999999999811,591.05
0.004185423,123,1.0878825,0.8666160553693771,72192,-0.017357022,-0.010878825,1,65.55288124084473,0.01563562,1.0793999999999813,590.94
0.0091736745,123,1.0574899,0.8272086381912231,72448,-0.023262758,-0.010574898,0,65.7537727355957,0.014956973,1.0793999999999813,590.94
0.016908675,124,1.0847092,0.885864220559597,72704,-0.014290598,-0.010847092,1,65.96297311782837,0.0137212565,1.0658999999999814,589.59
0.0030288047,124,1.1042871,0.832135483622551,72960,-0.01453134,-0.011042871,0,66.17064595222473,0.01338074,1.0658999999999814,589.59
0.004339493,124,1.0405308,0.6342549622058868,73216,-0.019070935,-0.010405307,0,66.38081002235413,0.015883876,1.0658999999999814,589.59
0.0096724685,125,1.0776052,0.8798449262976646,73472,-0.014483736,-0.01077605,1,66.58845710754395,0.012228035,1.0534999999999821,589.35
0.0039302036,125,1.0794817,0.843275710940361,73728,-0.011197835,-0.0107948175,0,66.79202556610107,0.012819602,1.0534999999999821,589.35
0.0066966778,126,1.0896387,0.86979541182518,73984,-0.021288386,-0.010896387,1,67.00435376167297,0.015844086,1.048499999999982,588.85
0.008862751,126,1.0429459,0.8806839883327484,74240,-0.013212198,-0.010429459,0,67.21092653274536,0.010692627,1.048499999999982,588.85
0.0114028035,127,1.0508907,0.7991839796304703,74496,-0.014660746,-0.010508906,1,67.41839027404785,0.018795684,1.0046999999999833,586.47
0.006527053,127,0.89289993,0.8854654207825661,74752,-0.017815582,-0.008928999,0,67.62482166290283,0.010410379,1.0046999999999833,586.47
0.010110332,127,1.0532596,0.7604953944683075,75008,-0.01805577,-0.010532595,0,71.21248054504395,0.0155585315,1.0046999999999833,586.47
0.012817607,128,1.039834,0.6564355790615082,75264,-0.028458,-0.01039834,1,71.42140293121338,0.023953145,1.0134999999999827,587.35
0.009178079,128,0.9091737,0.8540045320987701,75520,-0.021531872,-0.009091737,0,71.63084650039673,0.0076633207,1.0134999999999827,587.35
0.02284992,129,0.99032307,0.7946566045284271,75776,-0.028339216,-0.00990323,1,71.84890699386597,0.017360302,1.0436999999999816,589.37
0.017033122,129,1.0226299,0.5915827751159668,76032,-0.024906844,-0.010226298,0,72.09212946891785,0.017080922,1.0436999999999816,589.37
0.0018043432,129,0.7664635,0.8644812554121017,76288,-0.0101779485,-0.0076646353,0,72.3312463760376,0.011251626,1.0436999999999816,589.37
0.006558315,130,1.0657148,0.14913374185562134,76544,-0.024135591,-0.010657148,1,72.54767298698425,0.043077923,1.0719999999999812,591.2
0.009483732,130,1.0237329,0.7511723339557648,76800,-0.0254573,-0.01023733,0,72.7617781162262,0.012093136,1.0719999999999812,591.2
0.014784776,130,0.9822171,0.765765830874443,77056,-0.026806254,-0.00982217,0,72.99899125099182,0.011255879,1.0719999999999812,591.2
0.008662444,131,1.0831232,0.5061232149600983,77312,-0.020184271,-0.010831231,1,73.22655415534973,0.021106329,1.0795999999999812,591.96
0.016138893,132,0.9537165,0.8069206029176712,77568,-0.028903708,-0.009537165,1,73.4598593711853,0.014579794,1.061999999999981,590.2
0.012037642,132,0.89022636,0.7745562940835953,77824,-0.013592679,-0.008902263,0,73.67676830291748,0.019458206,1.061999999999981,590.2
0.010039415,133,0.9686228,0.6761786341667175,78080,-0.020864505,-0.009686229,1,73.88540649414062,0.023380969,1.0675999999999812,590.76
0.011070767,133,0.9487324,0.7905059903860092,78336,-0.02711846,-0.009487323,0,74.15195870399475,0.018364975,1.0675999999999812,590.76
0.017808119,134,0.67182946,0.9266336336731911,78592,-0.04018461,-0.006718294,1,74.36505174636841,0.0053815614,1.0533999999999812,589.34
0.05573157,134,1.1016757,0.8107572644948959,78848,-0.018675333,-0.011016756,0,74.57294082641602,0.014491267,1.0533999999999812,589.34
0.0074908575,135,0.8495692,0.9102452024817467,79104,-0.02252551,-0.008495692,1,74.79790735244751,0.011811953,1.0344999999999818,587.45
0.009251663,135,0.9955354,0.8440683037042618,79360,-0.010289386,-0.009955354,0,75.00790333747864,0.013099801,1.0344999999999818,587.45
0.009079692,136,0.9948142,0.7754883468151093,79616,-0.020481264,-0.009948142,1,75.21636366844177,0.02034533,1.0258999999999816,586.59
0.01376227,137,1.1480175,0.8693802207708359,79872,-0.020574313,-0.011480175,1,75.45358443260193,0.017523903,1.0046999999999815,584.47
0.010884922,137,1.1244512,0.7513185888528824,80128,-0.026172522,-0.011244512,0,75.68585133552551,0.015308363,1.0046999999999815,584.47
0.008160233,138,0.9328686,0.8588435649871826,80384,-0.026609346,-0.009328686,1,75.90052509307861,0.009648636,1.0039999999999814,584.4
0.012928381,138,1.2319417,0.7812118530273438,80640,-0.028399704,-0.012319418,0,76.11718249320984,0.014513217,1.0039999999999814,584.4
0.014527641,139,0.8686381,0.8672422766685486,80896,-0.026127817,-0.00868638,1,76.34887957572937,0.0101337265,0.9895999999999815,582.96
0.0069975033,139,1.0193695,0.8544008731842041,81152,-0.01579469,-0.010193694,0,76.55627131462097,0.010861095,0.9895999999999815,582.96
0.008738125,140,0.9756189,0.7215652167797089,81408,-0.020634707,-0.009756189,1,76.76172661781311,0.015688429,1.0032999999999814,584.33
0.022140708,140,0.9573182,0.8868959918618202,81664,-0.019553015,-0.009573182,0,76.97783637046814,0.010038793,1.0032999999999814,584.33
0.0050134184,141,0.98753923,0.8922325670719147,81920,-0.018698923,-0.009875392,1,77.19308066368103,0.011121666,0.977899999999982,581.79
0.012347663,141,0.81249386,0.5922746360301971,82176,-0.022782017,-0.008124938,0,77.40784239768982,0.018029658,0.977899999999982,581.79
0.01173361,142,0.8074626,0.8812074288725853,82432,-0.014477123,-0.008074625,1,77.61115169525146,0.011036486,0.9609999999999828,580.1
0.0049027037,142,0.85261774,0.8042037785053253,82688,-0.017883766,-0.008526177,0,77.81699752807617,0.012661981,0.9609999999999828,580.1
0.007586451,142,0.7029476,0.8792938068509102,82944,-0.021820068,-0.0070294756,0,78.02559208869934,0.007968886,0.9609999999999828,580.1
0.017189557,143,0.8107524,0.8976832628250122,83200,-0.014349669,-0.008107523,1,78.230717420578,0.009983186,0.9488999999999831,578.89
0.009374049,143,1.0153773,0.7868462800979614,83456,-0.01707011,-0.010153773,0,78.42492294311523,0.013724729,0.9488999999999831,578.89
0.011694381,144,0.7641067,0.8921259269118309,83712,-0.014793893,-0.007641067,1,78.62077307701111,0.009773464,0.9485999999999831,578.86
0.012627199,144,0.66097957,0.8463638871908188,83968,-0.025937319,-0.0066097956,0,78.82387208938599,0.010378604,0.9485999999999831,578.86
0.0065911897,145,0.62091446,0.8954081758856773,84224,-0.014203321,-0.0062091453,1,79.03267192840576,0.007894676,0.9432999999999835,579.33
0.011377519,145,0.85163224,0.8232010006904602,84480,-0.017789382,-0.008516323,0,79.2360360622406,0.013335595,0.9432999999999835,579.33
0.004988161,145,0.6653959,0.8621291816234589,84736,-0.015106814,-0.006653959,0,79.42686533927917,0.008930733,0.9432999999999835,579.33
0.010877844,146,0.80665743,0.8765675351023674,84992,-0.0145270135,-0.008066574,1,79.63410234451294,0.011980267,0.9466999999999836,579.67
0.02190566,146,0.7511136,0.8932357132434845,85248,-0.013737768,-0.0075111357,0,79.8417387008667,0.010778027,0.9466999999999836,579.67
0.008655315,147,0.86736643,0.8154123723506927,85504,-0.020659814,-0.008673664,1,80.06553936004639,0.013050353,0.9442999999999836,579.43
0.0066459775,147,0.9754666,0.7387708425521851,85760,-0.015956577,-0.009754667,0,80.29254746437073,0.015536476,0.9442999999999836,579.43
0.0046490277,148,0.7484377,0.8215199410915375,86016,-0.016041752,-0.0074843774,1,80.50244665145874,0.013373378,0.9476999999999834,579.77
0.016914308,148,0.99894905,0.780262678861618,86272,-0.024537437,-0.009989491,0,80.71455001831055,0.012735001,0.9476999999999834,579.77
0.0111908,148,0.7182251,0.894123449921608,86528,-0.015043333,-0.0071822507,0,80.94605684280396,0.008722721,0.9476999999999834,579.77
0.0032824026,149,0.6305312,0.9051205292344093,86784,-0.014086001,-0.006305312,1,81.17384815216064,0.009400453,0.9413999999999835,579.14
0.005756353,149,0.7403504,0.8754056766629219,87040,-0.010531198,-0.0074035046,0,81.38994193077087,0.013083349,0.9413999999999835,579.14
0.012681725,150,0.6151174,0.8122141808271408,87296,-0.013575967,-0.0061511733,1,81.60629773139954,0.016523743,0.9554999999999835,580.55
0.01728654,150,0.8123513,0.789531484246254,87552,-0.024078418,-0.008123512,0,81.82670664787292,0.011367219,0.9554999999999835,580.55
0.0063787666,151,0.64778143,0.7757457494735718,87808,-0.020821257,-0.006477814,1,82.05122685432434,0.0116381785,0.9632999999999836,581.33
0.0031900504,151,0.57648075,0.7727156430482864,88064,-0.012716558,-0.005764807,0,82.27565360069275,0.018146615,0.9632999999999836,581.33
0.0129230935,152,0.8859863,0.7682927548885345,88320,-0.016952207,-0.0088598635,1,82.48691916465759,0.012221348,0.9677999999999837,581.78
0.006263077,152,0.7974163,0.838128000497818,88576,-0.017390417,-0.007974163,0,82.69389033317566,0.0123726055,0.9677999999999837,581.78
0.01616241,153,0.74725753,0.8692692071199417,88832,-0.022717418,-0.0074725747,1,82.90325355529785,0.015900873,0.9710999999999836,582.11
0.006088009,153,0.7665647,0.8170798718929291,89088,-0.020245587,-0.007665647,0,83.12413215637207,0.010455576,0.9710999999999836,582.11
0.00971389,154,0.9800979,0.8511537313461304,89344,-0.013041273,-0.009800979,1,83.33506298065186,0.013288671,0.9542999999999837,580.43
0.012264423,154,0.75458896,0.860512375831604,89600,-0.019670438,-0.007545889,0,83.54509043693542,0.011965891,0.9542999999999837,580.43
0.008656666,155,0.65573686,0.9179690927267075,89856,-0.0120001435,-0.006557368,1,83.76357579231262,0.008973361,0.9407999999999841,579.08
0.013601516,155,0.78652847,0.8432706892490387,90112,-0.020137217,-0.007865284,0,84.02597451210022,0.012344135,0.9407999999999841,579.08
0.0069571016,156,0.8607521,0.8058552742004395,90368,-0.016407527,-0.00860752,1,84.24695801734924,0.017826602,0.9133999999999846,576.34
0.010559376,156,0.64969873,0.9110570624470711,90624,-0.018233314,-0.006496988,0,84.45594668388367,0.0054612914,0.9133999999999846,576.34
0.026384251,156,0.78020215,0.7261851727962494,90880,-0.019381706,-0.0078020217,0,84.67184090614319,0.013021576,0.9133999999999846,576.34
0.009614691,157,0.95087373,0.8431489169597626,91136,-0.02611487,-0.009508737,1,84.88910031318665,0.010443518,0.941099999999984,579.11
0.009505313,157,0.76758826,0.8546376675367355,91392,-0.015945196,-0.0076758815,0,85.10694479942322,0.009769855,0.941099999999984,579.11
0.022527378,158,1.0203679,0.837211400270462,91648,-0.028238242,-0.010203678,1,85.31275701522827,0.014885915,0.9319999999999838,578.2
0.0132294195,158,0.8049936,0.8817758932709694,91904,-0.016885277,-0.008049936,0,85.52362775802612,0.011264471,0.9319999999999838,578.2
0.015615022,159,0.7928644,0.9164039343595505,92160,-0.031882748,-0.007928643,1,85.73872756958008,0.008712975,0.9273999999999839,577.74
0.007812516,159,0.8329065,0.7983717918395996,92416,-0.0101381615,-0.0083290655,0,85.98058867454529,0.011545654,0.9273999999999839,577.74
0.0094651915,160,0.7463541,0.9210612773895264,92672,-0.019691655,-0.007463541,1,86.2289400100708,0.0107761435,0.9348999999999839,578.49
0.01029617,160,0.7881224,0.7049605548381805,92928,-0.016375609,-0.007881224,0,86.49423146247864,0.019675415,0.9348999999999839,578.49
0.01051815,161,0.8481188,0.578838437795639,93184,-0.015409326,-0.008481188,1,86.72981238365173,0.04626023,0.9533999999999836,578.34
0.030100152,161,0.85790896,0.6765666007995605,93440,-0.036598556,-0.008579089,0,86.9853093624115,0.022384483,0.9533999999999836,578.34
0.005328878,161,0.8994372,0.6606605648994446,93696,-0.024360172,-0.008994372,0,87.21317481994629,0.01889923,0.9533999999999836,578.34
0.009767742,162,0.92941016,0.7531738430261612,93952,-0.018866163,-0.009294101,1,87.43198132514954,0.018511143,0.9476999999999838,577.77
0.019499268,162,0.81139845,0.5665236711502075,94208,-0.03005717,-0.008113984,0,87.64845204353333,0.019692201,0.9476999999999838,577.77
0.007040578,163,0.79863286,0.836207315325737,94464,-0.021185061,-0.007986329,1,87.85349535942078,0.010766481,0.9406999999999843,577.07
0.004886172,163,0.9301279,0.8934438452124596,94720,-0.008996826,-0.009301279,0,88.06745982170105,0.011547753,0.9406999999999843,577.07
0.013553176,164,0.8158709,0.8450981974601746,94976,-0.028080229,-0.008158708,1,88.27171349525452,0.009356936,0.9325999999999841,576.26
0.0312409,165,0.8111143,0.8381554335355759,95232,-0.032582656,-0.008111143,1,88.49317193031311,0.013145588,0.9095999999999843,573.96
0.010924762,165,0.73892736,0.6367704570293427,95488,-0.031800836,-0.0073892735,0,88.7285807132721,0.011678422,0.9095999999999843,573.96
0.0052902657,165,0.69449985,0.8717869073152542,95744,-0.0137766525,-0.0069449986,0,88.94376635551453,0.012563687,0.9095999999999843,573.96
0.009339411,166,0.6968957,0.5362758934497833,96000,-0.02244877,-0.0069689564,1,89.1738452911377,0.028517798,0.8911999999999854,572.12
0.011171998,166,0.70476127,0.5686132311820984,96256,-0.017566318,-0.007047613,0,89.41683554649353,0.015996676,0.8911999999999854,572.12
0.0042449487,167,0.7027487,0.4580618143081665,96512,-0.0148235895,-0.0070274873,1,89.6480770111084,0.015326612,0.8973999999999853,573.74
0.0061481316,167,0.71610117,0.8528157472610474,96768,-0.016454544,-0.0071610115,0,89.84414172172546,0.014055904,0.8973999999999853,573.74
0.007031764,167,0.77069545,0.5040941834449768,97024,-0.020329464,-0.007706955,0,90.06608819961548,0.015893815,0.8973999999999853,573.74
0.009332929,168,0.76161575,0.6012139022350311,97280,-0.020783518,-0.007616157,1,90.28770446777344,0.018634805,0.9052999999999852,574.53
0.013155272,168,0.81420326,0.879308670759201,97536,-0.021000838,-0.008142033,0,90.55382108688354,0.010751522,0.9052999999999852,574.53
0.011831453,169,0.80278885,0.788564458489418,97792,-0.02583919,-0.008027889,1,90.7904965877533,0.014337382,0.8810999999999861,573.11
0.008119107,169,0.72043896,0.8812595158815384,98048,-0.023034435,-0.0072043897,0,91.05030918121338,0.010319111,0.8810999999999861,573.11
0.00799037,169,0.70963955,0.4863605499267578,98304,-0.01962321,-0.007096396,0,91.30964088439941,0.034334797,0.8810999999999861,573.11
0.009454995,170,0.7657746,0.7640251517295837,98560,-0.01901866,-0.007657746,1,91.54130554199219,0.0128868725,0.8874999999999856,572.75
0.015749283,170,0.68948686,-1.264911413192749,98816,-0.021415958,-0.0068948683,0,91.78675985336304,0.0133437235,0.8874999999999856,572.75
0.024066715,170,0.7688339,0.8068924248218536,99072,-0.027648235,-0.007688338,0,92.03483247756958,0.01758964,0.8874999999999856,572.75
0.027230917,170,0.7627194,0.7299009561538696,99328,-0.031279996,-0.007627193,0,92.27872490882874,0.007005087,0.8874999999999856,572.75
0.02116416,171,0.7835066,0.8733197301626205,99584,-0.028345123,-0.007835065,1,92.50411820411682,0.006644637,0.9355999999999842,577.56
0.011774945,171,0.8244285,0.7857048958539963,99840,-0.02752344,-0.008244284,0,92.72379899024963,0.02013733,0.9355999999999842,577.56
0.010960357,172,0.81848115,0.7772624343633652,100096,-0.01246828,-0.008184811,1,97.83649444580078,0.0204385,0.9341999999999843,577.42
0.011844207,172,0.87458634,0.5500234365463257,100352,-0.024950001,-0.008745862,0,98.05905175209045,0.023585316,0.9341999999999843,577.42
0.007846443,172,0.8587272,0.8922450765967369,100608,-0.017005267,-0.008587272,0,98.31085896492004,0.011680512,0.9341999999999843,577.42
0.011111,173,0.9113712,0.6147891879081726,100864,-0.02330268,-0.009113711,1,98.55101108551025,0.032197163,0.9386999999999841,577.87
0.042970963,173,0.93402237,0.7883634120225906,101120,-0.03581953,-0.009340224,0,98.78441953659058,0.00797376,0.9386999999999841,577.87
0.006781378,173,0.8476424,0.48932188749313354,101376,-0.012652292,-0.008476423,0,98.99967360496521,0.015814863,0.9386999999999841,577.87
0.015673686,174,0.82941216,0.7988041341304779,101632,-0.015983097,-0.00829412,1,99.2275185585022,0.01689817,0.9544999999999836,579.45
0.013149198,175,0.95130444,0.8694116622209549,101888,-0.03184215,-0.009513045,1,99.46491765975952,0.010857852,0.9515999999999833,579.16
0.014015315,175,0.8194235,0.8929409086704254,102144,-0.015380151,-0.008194235,0,99.70179915428162,0.01124247,0.9515999999999833,579.16
0.0067094974,175,0.84202945,0.8222396522760391,102400,-0.01439703,-0.008420294,0,99.92373585700989,0.012873614,0.9515999999999833,579.16
0.017925119,176,0.906595,0.898686595261097,102656,-0.0207936,-0.00906595,1,100.15650677680969,0.013702261,0.9415999999999839,578.16
0.0111228265,176,0.8960081,0.8356615006923676,102912,-0.014535746,-0.008960081,0,100.37312006950378,0.012692146,0.9415999999999839,578.16
0.015675861,177,0.88694525,0.9021087065339088,103168,-0.032889478,-0.008869452,1,100.61590528488159,0.008017867,0.950199999999984,579.02
0.011728559,177,0.78302914,0.8361664116382599,103424,-0.013640016,-0.007830291,0,100.82687425613403,0.015233272,0.950199999999984,579.02
0.010485522,178,0.7970443,0.7646839469671249,103680,-0.018724186,-0.007970442,1,101.04191780090332,0.01618191,0.9114999999999849,576.15
0.016078146,179,0.8145266,0.8587389141321182,103936,-0.019160174,-0.008145266,1,101.25512433052063,0.013390264,0.8849999999999852,574.5
0.01587597,179,0.8084496,-0.3622318506240845,104192,-0.029642574,-0.0080844965,0,101.46501803398132,0.027212966,0.8849999999999852,574.5
0.0033765922,179,0.7723646,0.8382819890975952,104448,-0.011087924,-0.007723646,0,101.67869639396667,0.015728105,0.8849999999999852,574.5
0.022567058,180,0.8649926,0.8434135764837265,104704,-0.038319614,-0.008649925,1,101.88810873031616,0.011785624,0.8789999999999849,573.9
0.0081530465,180,0.80735373,0.8830740675330162,104960,-0.009679886,-0.008073538,0,102.10228157043457,0.009799251,0.8789999999999849,573.9
0.013521517,180,0.86538404,0.8682867139577866,105216,-0.02063264,-0.00865384,0,102.31662559509277,0.011390843,0.8789999999999849,573.9
0.010171846,181,0.8309988,0.49800193309783936,105472,-0.024926204,-0.008309987,1,102.5218734741211,0.05090358,0.9163999999999846,576.64
0.029102637,181,0.8368114,0.7838247120380402,105728,-0.028518256,-0.008368114,0,102.71357750892639,0.016437415,0.9163999999999846,576.64
0.024678186,182,0.7160116,0.7223418354988098,105984,-0.022722226,-0.0071601155,1,102.9303719997406,0.013091315,0.8969999999999857,574.7
0.0063441424,182,0.75680655,0.7183330655097961,106240,-0.015967999,-0.007568065,0,103.15692806243896,0.017810354,0.8969999999999857,574.7
0.006182642,183,0.794324,0.8733781576156616,106496,-0.013367758,-0.00794324,1,103.37996625900269,0.012891819,0.8749999999999858,572.5
0.014213779,183,0.81519544,0.8021472543478012,106752,-0.025128342,-0.008151954,0,103.57990908622742,0.014236576,0.8749999999999858,572.5
0.01360807,184,0.8017154,0.7435683012008667,107008,-0.022075215,-0.0080171535,1,103.7708306312561,0.012446646,0.8874999999999857,573.75
0.008501915,184,0.759457,0.6188193559646606,107264,-0.02229004,-0.00759457,0,103.97814655303955,0.032303836,0.8874999999999857,573.75
0.011881724,184,0.74601924,0.8268307149410248,107520,-0.01623062,-0.0074601923,0,104.18082094192505,0.010985801,0.8874999999999857,573.75
0.0080246255,185,0.7036765,0.7306674420833588,107776,-0.008419171,-0.007036765,1,104.38523364067078,0.0150127765,0.8862999999999857,573.63
0.008404053,185,0.781707,0.7453669607639313,108032,-0.02108634,-0.007817069,0,104.58986139297485,0.013407297,0.8862999999999857,573.63
0.011172746,186,0.7625438,0.8052715808153152,108288,-0.020376077,-0.0076254373,1,104.80077838897705,0.010479415,0.8997999999999857,574.98
0.007786768,186,0.80735976,0.8926438763737679,108544,-0.009829972,-0.008073597,0,105.00950527191162,0.010187491,0.8997999999999857,574.98
0.0067626084,186,0.7585696,0.7480867505073547,108800,-0.016979838,-0.007585696,0,105.21775078773499,0.010492823,0.8997999999999857,574.98
0.0098562315,187,0.7163527,0.7726237773895264,109056,-0.018353906,-0.007163527,1,105.41960120201111,0.015648099,0.9113999999999856,576.14
0.015926454,187,0.8325592,0.8156089782714844,109312,-0.018421441,-0.008325592,0,105.6231529712677,0.011239778,0.9113999999999856,576.14
0.0066289036,188,0.78115267,0.9043601676821709,109568,-0.01505528,-0.007811527,1,105.82787585258484,0.008370245,0.9199999999999855,577.0
0.008827107,188,0.7637298,0.9077929109334946,109824,-0.016521808,-0.0076372973,0,106.0391354560852,0.010949619,0.9199999999999855,577.0
0.006989097,189,0.7812931,0.8378142416477203,110080,-0.013152678,-0.00781293,1,106.2448353767395,0.019121327,0.9245999999999855,577.46
0.014037609,189,0.82252944,0.833468496799469,110336,-0.022143092,-0.008225295,0,106.45183253288269,0.00902107,0.9245999999999855,577.46
0.020058557,189,0.91736573,0.6301918923854828,110592,-0.031342845,-0.009173658,0,106.6586844921112,0.014442093,0.9245999999999855,577.46
0.009286378,190,0.8625626,0.7500482946634293,110848,-0.021915395,-0.008625626,1,106.86481857299805,0.019741954,0.9327999999999852,578.28
0.021691041,190,0.94071156,0.6363978981971741,111104,-0.03006513,-0.009407115,0,107.07582378387451,0.01720485,0.9327999999999852,578.28
0.022873528,190,0.8716929,0.8849506676197052,111360,-0.017170856,-0.00871693,0,107.29118394851685,0.011022891,0.9327999999999852,578.28
0.0074931243,191,0.8845453,0.8917350322008133,111616,-0.023085995,-0.008845452,1,107.50225734710693,0.008649996,0.9701999999999842,582.02
0.020450365,191,0.8919449,0.474149227142334,111872,-0.023869365,-0.008919449,0,107.70991706848145,0.03843496,0.9701999999999842,582.02
0.014348367,192,0.8876984,0.8256497830152512,112128,-0.021333791,-0.008876984,1,107.91590905189514,0.016083408,0.9839999999999837,583.4
0.014187241,192,0.8912631,0.8589744418859482,112384,-0.010850262,-0.008912631,0,108.12450218200684,0.010969709,0.9839999999999837,583.4
0.012754238,193,0.8401015,0.8411607295274734,112640,-0.020824574,-0.008401015,1,108.32584238052368,0.017574228,0.9943999999999837,584.44
0.010060748,193,0.85463834,0.19036829471588135,112896,-0.029727956,-0.008546383,0,108.55095911026001,0.05943921,0.9943999999999837,584.44
0.011794598,193,0.79125845,0.8153932690620422,113152,-0.025644442,-0.007912585,0,108.76926565170288,0.0069006355,0.9943999999999837,584.44
0.005691761,193,0.8334909,0.4226847290992737,113408,-0.025683764,-0.008334909,0,108.98940348625183,0.03469211,0.9943999999999837,584.44
0.006593748,194,0.7832087,0.8517787307500839,113664,-0.0089726895,-0.007832088,1,109.22123718261719,0.016068282,0.9656999999999837,582.57
0.011671606,194,0.7144613,0.608961671590805,113920,-0.020647814,-0.007144613,0,109.42139887809753,0.015291771,0.9656999999999837,582.57
0.0020866715,195,0.7821489,0.8969540670514107,114176,-0.009820001,-0.007821489,1,109.61817836761475,0.010056469,0.9700999999999839,583.01
0.017835017,195,0.79399645,0.7054811716079712,114432,-0.021743054,-0.0079399645,0,109.84369039535522,0.014360986,0.9700999999999839,583.01
0.0072313454,196,0.8140142,0.7567600458860397,114688,-0.018839046,-0.008140141,1,110.06872391700745,0.031392597,0.9685999999999838,582.86
0.019654043,196,0.8340789,0.8227526098489761,114944,-0.024101328,-0.008340789,0,110.26880693435669,0.010819346,0.9685999999999838,582.86
0.008291793,196,0.81665915,0.8449395447969437,115200,-0.012621501,-0.008166591,0,110.4714686870575,0.012906629,0.9685999999999838,582.86
0.0054663867,197,0.8060291,0.6888113617897034,115456,-0.018029813,-0.0080602905,1,110.68413877487183,0.023905246,0.9771999999999836,583.72
0.00834908,197,0.89344794,0.8808970525860786,115712,-0.016714823,-0.008934479,0,110.88800406455994,0.010345272,0.9771999999999836,583.72
0.014000512,198,0.8274276,0.9183209091424942,115968,-0.012583053,-0.008274276,1,111.12810826301575,0.008847826,0.9881999999999829,583.82
0.0044274656,198,0.88175225,0.8453060239553452,116224,-0.017228981,-0.008817522,0,111.34047293663025,0.019251646,0.9881999999999829,583.82
0.008936791,199,0.836311,0.7745016366243362,116480,-0.01975539,-0.00836311,1,111.54880928993225,0.017410219,0.9798999999999833,582.99
0.015666937,199,0.8431814,0.31042611598968506,116736,-0.026133932,-0.008431814,0,111.7841067314148,0.027695566,0.9798999999999833,582.99
0.006609753,199,0.83423865,0.6263287663459778,116992,-0.022660848,-0.008342386,0,111.99163961410522,0.013126962,0.9798999999999833,582.99
0.018192142,200,0.8628099,0.8654170036315918,117248,-0.021189013,-0.008628098,1,112.19955539703369,0.013963713,0.9905999999999833,583.06
0.008205323,200,0.7964411,0.8654318749904633,117504,-0.008738227,-0.007964411,0,112.4036295413971,0.010641848,0.9905999999999833,583.06
0.029965099,200,0.8253975,0.7582737654447556,117760,-0.029000916,-0.008253975,0,112.6055371761322,0.0029748199,0.9905999999999833,583.06
0.008025586,201,0.8489679,0.780183270573616,118016,-0.019268632,-0.008489679,1,112.82677626609802,0.015358413,1.006699999999983,585.67
0.005209813,201,0.7559259,0.9210709184408188,118272,-0.00912637,-0.0075592585,0,113.04785180091858,0.011196975,1.006699999999983,585.67
0.01116664,202,0.83916473,0.8679555654525757,118528,-0.024787128,-0.008391647,1,113.2574074268341,0.011054647,1.009299999999983,585.93
0.0066263136,202,0.80205834,0.8865741714835167,118784,-0.012327421,-0.008020584,0,113.46563744544983,0.009600314,1.009299999999983,585.93
0.008905164,203,0.8462113,0.8586329072713852,119040,-0.018808383,-0.008462113,1,113.67215132713318,0.016754262,1.022699999999983,587.27
0.0041564293,203,0.7725825,0.7885419428348541,119296,-0.0172714,-0.007725825,0,113.88405632972717,0.01651177,1.022699999999983,587.27
0.004469181,203,0.8494533,0.7704086452722549,119552,-0.013334505,-0.008494533,0,114.16546201705933,0.0116367275,1.022699999999983,587.27
0.008739122,204,0.8619782,0.7374741733074188,119808,-0.011374736,-0.008619782,1,114.4191370010376,0.010349398,1.0281999999999827,587.82
0.007557853,204,0.759807,0.7778475135564804,120064,-0.016612306,-0.0075980695,0,114.63728499412537,0.012800891,1.0281999999999827,587.82
0.015515342,205,0.7976453,0.8063388913869858,120320,-0.024068007,-0.007976452,1,114.84700036048889,0.012794585,1.0056999999999836,585.57
