optimgain,explained_variance_tdlam_before,meankl,TimeElapsed,EpLenMean,EpRewMean,EpisodesSoFar,entropy,entloss,EpThisIter,TimestepsSoFar,surrgain
0.040169574,-0.7420718669891357,0.006799589,1.1155304908752441,556.0,4.0,1,2.072745,0.0,1,1024,0.040169574
0.03260474,-0.0922391414642334,0.00573551,1.7506277561187744,673.6666666666666,0.0,3,2.0634003,0.0,2,2048,0.03260474
0.049385447,0.585528701543808,0.008100436,2.4327311515808105,653.0,-0.75,4,2.0519812,0.0,1,3072,0.049385447
0.044447728,0.5511120855808258,0.0066170366,3.165661573410034,640.1666666666666,0.5,6,2.0503833,0.0,2,4096,0.044447728
0.045287177,0.690811961889267,0.007548849,3.8055176734924316,652.7142857142857,0.7142857142857143,7,2.0479543,0.0,1,5120,0.045287177
0.050022982,0.7244494557380676,0.008239828,4.436513423919678,667.6666666666666,0.8888888888888888,9,2.0508401,0.0,2,6144,0.050022982
0.042161856,0.808370053768158,0.005718828,5.081568956375122,668.9,1.0,10,2.049107,0.0,1,7168,0.042161856
0.042563524,0.8000194281339645,0.0064650094,5.83921480178833,667.0833333333334,1.0,12,2.0348887,0.0,2,8192,0.042563524
0.047290735,0.7014065682888031,0.006728186,6.581162452697754,669.2307692307693,0.7692307692307693,13,2.0275857,0.0,1,9216,0.047290735
0.04243224,0.7794508039951324,0.009019629,7.2164318561553955,677.0666666666667,0.6666666666666666,15,2.023595,0.0,2,10240,0.04243224
0.04668231,0.7436532080173492,0.009684563,7.851768732070923,687.0625,0.5625,16,2.0151517,0.0,1,11264,0.04668231
0.05067764,0.8260497748851776,0.0071789613,8.48708462715149,691.4117647058823,0.5882352941176471,17,2.0153809,0.0,1,12288,0.05067764
0.050491057,0.855725958943367,0.007251118,9.252671718597412,688.5263157894736,0.7894736842105263,19,2.0105457,0.0,2,13312,0.050491057
0.04665906,0.8571602553129196,0.00736923,9.90774154663086,685.35,0.85,20,1.9905716,0.0,1,14336,0.04665906
0.054158024,0.6911691725254059,0.0079976525,10.540407657623291,689.5,0.6363636363636364,22,1.9868094,0.0,2,15360,0.054158024
0.049017884,0.7304873168468475,0.007969247,11.179262638092041,672.0,0.25,24,1.9614277,0.0,2,16384,0.049017884
0.05247607,0.6225591003894806,0.007779572,11.816352367401123,672.48,0.32,25,1.9611754,0.0,1,17408,0.05247607
0.053051375,0.7606774568557739,0.008708291,12.516113996505737,665.6296296296297,0.3333333333333333,27,1.9780359,0.0,2,18432,0.053051375
0.053570755,0.8546192497014999,0.009447958,13.150825500488281,666.9655172413793,0.1724137931034483,29,1.9701332,0.0,2,19456,0.053570755
0.04266601,0.7326081693172455,0.0069983457,13.789419651031494,661.4666666666667,0.3,30,1.9624332,0.0,1,20480,0.04266601
0.04854863,0.8295876085758209,0.0067081777,14.422956466674805,658.1875,0.4375,32,1.9744419,0.0,2,21504,0.04854863
0.05314324,0.7658923417329788,0.007983702,15.175221681594849,656.0294117647059,0.4411764705882353,34,1.979363,0.0,2,22528,0.05314324
0.04558705,0.8375255018472672,0.0070300438,15.815374851226807,658.0571428571428,0.4,35,1.9666522,0.0,1,23552,0.04558705
0.051888175,0.7919547110795975,0.007894256,16.562615394592285,658.2702702702703,0.43243243243243246,37,1.9515138,0.0,2,24576,0.051888175
0.045769468,0.7303903996944427,0.007063841,17.344982385635376,655.5384615384615,0.5641025641025641,39,1.93734,0.0,2,25600,0.045769468
0.057890754,0.6695273518562317,0.011448534,18.062292337417603,656.25,0.475,40,1.9169322,0.0,1,26624,0.057890754
0.049429916,0.7927888184785843,0.0074568945,18.746180295944214,654.85,0.325,42,1.9200518,0.0,2,27648,0.049429916
0.059716024,0.767486572265625,0.009597911,19.491055727005005,653.05,0.45,43,1.9359744,0.0,1,28672,0.059716024
0.05713261,0.781256839632988,0.009376341,20.133857011795044,654.875,0.475,45,1.9318362,0.0,2,29696,0.05713261
0.058525067,0.7896696478128433,0.007931327,20.774943351745605,659.4,0.375,46,1.9410295,0.0,1,30720,0.058525067
0.05392635,0.8567880392074585,0.008751377,21.41920042037964,660.875,0.3,47,1.9079354,0.0,1,31744,0.05392635
0.040709496,0.8341769725084305,0.0071300645,22.055643320083618,661.9,0.225,49,1.9369581,0.0,2,32768,0.040709496
0.059188418,0.8184940069913864,0.008833679,22.70638942718506,656.025,0.15,51,1.9007006,0.0,2,33792,0.059188418
0.055693485,0.7876754105091095,0.008325467,23.34259033203125,645.875,0.4,53,1.9370625,0.0,2,34816,0.055693485
0.04383392,0.8037161082029343,0.008045711,23.98019289970398,637.55,0.25,55,1.9091897,0.0,2,35840,0.04383392
0.05600842,0.8814604505896568,0.010451266,24.615118980407715,633.025,0.325,56,1.8886175,0.0,1,36864,0.05600842
0.055737212,0.8327092230319977,0.006809234,25.271567344665527,635.375,0.325,57,1.8933307,0.0,1,37888,0.055737212
0.052068263,0.8103927224874496,0.011413593,26.03560519218445,639.425,0.275,59,1.8769313,0.0,2,38912,0.052068263
0.06687497,0.7921134382486343,0.00858193,26.80082941055298,641.75,0.2,60,1.8810381,0.0,1,39936,0.06687497
0.05863171,0.843161329627037,0.009169288,27.434981107711792,634.525,0.325,62,1.8672024,0.0,2,40960,0.05863171
0.06251133,0.9111336097121239,0.009387156,28.137328147888184,642.6,0.5,64,1.8798428,0.0,2,41984,0.06251133
0.061304122,0.7389648854732513,0.008976283,28.773661375045776,645.775,0.475,65,1.8663867,0.0,1,43008,0.061304122
0.07309259,0.7703833132982254,0.01117382,29.54048991203308,640.75,0.65,67,1.8999171,0.0,2,44032,0.07309259
0.054512065,0.8692628145217896,0.008367143,30.200083017349243,642.4,0.85,69,1.8845913,0.0,2,45056,0.054512065
0.0458209,0.7348771691322327,0.008728793,30.905243396759033,649.45,0.725,70,1.8785036,0.0,1,46080,0.0458209
0.050609693,0.8590334951877594,0.009130072,31.54218077659607,649.85,0.675,71,1.8912842,0.0,1,47104,0.050609693
0.051832438,0.7978882938623428,0.009472819,32.24311280250549,657.225,0.475,73,1.8779011,0.0,2,48128,0.051832438
0.0537687,0.7599644958972931,0.010450821,32.879733085632324,659.825,0.5,74,1.8540988,0.0,1,49152,0.0537687
0.060771447,0.7067202031612396,0.00902291,33.546868562698364,656.85,0.475,76,1.8953615,0.0,2,50176,0.060771447
0.059914924,0.8636005222797394,0.009841335,34.18068337440491,654.35,0.075,78,1.9045503,0.0,2,51200,0.059914924
0.054764293,0.7770414501428604,0.008070402,34.825032234191895,645.8,0.175,79,1.8715451,0.0,1,52224,0.054764293
0.055760294,0.8722207397222519,0.0075738747,35.45622372627258,649.8,0.175,81,1.88922,0.0,2,53248,0.055760294
0.052986946,0.7959451824426651,0.011337629,36.149779081344604,650.075,0.075,83,1.9104402,0.0,2,54272,0.052986946
0.063088745,0.8855429515242577,0.009244113,36.92275810241699,645.5,0.075,85,1.856168,0.0,2,55296,0.063088745
0.0672938,0.7250005900859833,0.009606408,37.57091188430786,642.55,0.025,86,1.8935168,0.0,1,56320,0.0672938
0.056452338,0.8024641871452332,0.010330339,38.202677488327026,634.15,-0.125,88,1.8830264,0.0,2,57344,0.056452338
0.05715789,0.7906084060668945,0.009659259,38.89325022697449,627.875,-0.05,90,1.879784,0.0,2,58368,0.05715789
0.06281702,0.8856373354792595,0.012521605,39.674373626708984,635.7,-0.15,91,1.8737844,0.0,1,59392,0.06281702
0.058638606,0.8392466455698013,0.012356614,40.479897022247314,640.2,-0.4,93,1.8540893,0.0,2,60416,0.058638606
0.0575462,0.8700419366359711,0.012329274,41.26483130455017,638.4,-0.45,95,1.8680706,0.0,2,61440,0.0575462
0.06380908,0.8337202668190002,0.009838226,42.03137540817261,640.4,-0.475,96,1.8539696,0.0,1,62464,0.06380908
0.054637905,0.7981757968664169,0.010205134,42.67318940162659,625.175,-0.575,98,1.872879,0.0,2,63488,0.054637905
0.06713268,0.9055864661931992,0.012694814,43.362306356430054,621.375,-0.7,100,1.8724743,0.0,2,64512,0.06713268
0.071740225,0.8667925894260406,0.011145879,44.05865025520325,624.05,-0.65,102,1.863295,0.0,2,65536,0.071740225
0.057175063,0.874224841594696,0.010066007,44.692692041397095,628.35,-0.55,103,1.8517768,0.0,1,66560,0.057175063
0.060565986,0.7963302135467529,0.010278231,45.37977147102356,620.4,-0.6,105,1.8618772,0.0,2,67584,0.060565986
0.061276767,0.7909621298313141,0.008658813,46.1580023765564,620.95,-0.8,106,1.8425641,0.0,1,68608,0.061276767
0.061915997,0.8461685180664062,0.008126944,46.898188829422,627.35,-0.9,108,1.8493227,0.0,2,69632,0.061915997
0.059961043,0.8364561498165131,0.0095578935,47.53281545639038,626.325,-0.9,109,1.8003969,0.0,1,70656,0.059961043
0.061983623,0.6706052720546722,0.009824718,48.18219590187073,627.8,-0.85,110,1.7825178,0.0,1,71680,0.061983623
0.063241735,0.7304829657077789,0.010831347,48.94836759567261,628.425,-0.975,112,1.7632914,0.0,2,72704,0.063241735
0.08948241,0.8305679559707642,0.010137843,49.6611328125,622.375,-1.025,114,1.7999175,0.0,2,73728,0.08948241
0.076684356,0.8567730933427811,0.011855766,50.29482078552246,627.075,-0.95,115,1.768161,0.0,1,74752,0.076684356
0.07736248,0.8007279634475708,0.010949692,50.93873381614685,626.8,-0.925,117,1.8113558,0.0,2,75776,0.07736248
0.054122183,0.6016037166118622,0.0104429005,51.57194948196411,633.55,-0.75,118,1.7961788,0.0,1,76800,0.054122183
0.06654092,0.7849681675434113,0.010089079,52.20800828933716,633.8,-0.7,120,1.8182372,0.0,2,77824,0.06654092
0.051421132,0.7937205582857132,0.009256542,52.8415367603302,631.15,-0.475,122,1.8427098,0.0,2,78848,0.051421132
0.060708955,0.8103459477424622,0.0088931,53.488797426223755,635.925,-0.35,123,1.8084638,0.0,1,79872,0.060708955
0.053216908,0.7678196281194687,0.009039013,54.13214612007141,638.25,-0.475,125,1.8023586,0.0,2,80896,0.053216908
0.062531404,0.873633861541748,0.010045292,54.76680088043213,630.875,-0.525,126,1.8144795,0.0,1,81920,0.062531404
0.07364531,0.8965826407074928,0.009847689,55.547680139541626,636.925,-0.375,128,1.840755,0.0,2,82944,0.07364531
0.06291942,0.8324808180332184,0.012591078,56.30715775489807,642.075,-0.325,130,1.8514295,0.0,2,83968,0.06291942
0.061115216,0.8337215632200241,0.010029582,56.94881796836853,630.75,-0.575,132,1.7415189,0.0,2,84992,0.061115216
0.09270091,0.8841321021318436,0.009015025,57.5850043296814,631.55,-0.3,134,1.799648,0.0,2,86016,0.09270091
0.057691462,0.8309906721115112,0.009106527,58.22220468521118,636.425,-0.175,135,1.7733372,0.0,1,87040,0.057691462
0.058533166,0.8946510031819344,0.009430399,58.861942529678345,635.2,-0.4,137,1.7963811,0.0,2,88064,0.058533166
0.05504244,0.8420435935258865,0.009389479,59.5214478969574,638.975,-0.35,138,1.7913525,0.0,1,89088,0.05504244
0.059301816,0.8024129271507263,0.009998325,60.15781831741333,641.275,-0.125,140,1.7796648,0.0,2,90112,0.059301816
0.052327134,0.9043579399585724,0.0087936055,60.80794811248779,634.5,-0.25,142,1.766534,0.0,2,91136,0.052327134
0.07960962,0.9161399230360985,0.007978753,61.44499373435974,627.225,-0.275,144,1.7827767,0.0,2,92160,0.07960962
0.062180698,0.9154626354575157,0.011799287,62.08448076248169,625.0,-0.3,146,1.7885267,0.0,2,93184,0.062180698
0.059578616,0.8543869107961655,0.0096392315,62.72254920005798,621.6,-0.25,147,1.7601886,0.0,1,94208,0.059578616
0.054601002,0.8033917993307114,0.008629089,63.35946488380432,616.375,-0.375,149,1.8026402,0.0,2,95232,0.054601002
0.06052268,0.8049073964357376,0.01047953,63.99719452857971,608.675,-0.275,151,1.7691847,0.0,2,96256,0.06052268
0.058986306,0.8489005714654922,0.009818634,64.63048315048218,608.825,-0.1,152,1.7889289,0.0,1,97280,0.058986306
0.062628865,0.8911619856953621,0.010805995,65.26894426345825,616.95,0.025,154,1.779073,0.0,2,98304,0.062628865
0.04948564,0.8312976807355881,0.009870464,65.9022626876831,607.1,-0.175,156,1.7545768,0.0,2,99328,0.04948564
0.05503518,0.8875055015087128,0.0094722845,106.27781701087952,607.15,-0.15,157,1.7596939,0.0,1,100352,0.05503518
0.057175092,0.8851313665509224,0.0110218385,211.53762221336365,610.45,-0.225,158,1.7147055,0.0,1,101376,0.057175092
0.05965288,0.7451263964176178,0.010903057,220.4638066291809,615.525,-0.3,160,1.7377248,0.0,2,102400,0.05965288
0.05952482,0.8033432811498642,0.010111085,225.56735515594482,616.4,-0.4,161,1.6991359,0.0,1,103424,0.05952482
0.061229736,0.9250988513231277,0.009542542,234.1590223312378,611.7,-0.675,163,1.6988728,0.0,2,104448,0.061229736
0.060702384,0.8147786259651184,0.0095951,242.51511931419373,609.45,-0.4,165,1.7432585,0.0,2,105472,0.060702384
0.065388635,0.8347905278205872,0.010921467,247.93672561645508,616.4,-0.225,166,1.715833,0.0,1,106496,0.065388635
0.05903197,0.8398286402225494,0.008585203,256.3714475631714,614.975,-0.3,168,1.7079165,0.0,2,107520,0.05903197
0.06434865,0.797197550535202,0.011062942,262.0895402431488,616.45,-0.225,169,1.6536806,0.0,1,108544,0.06434865
0.063702084,0.8902869448065758,0.012392994,269.7147116661072,613.85,-0.4,171,1.6883372,0.0,2,109568,0.063702084
0.057852283,0.9107199236750603,0.012061505,278.1117169857025,616.925,-0.15,173,1.6979587,0.0,2,110592,0.057852283
0.055610105,0.8287734538316727,0.011216553,286.0253562927246,620.0,-0.375,175,1.6425418,0.0,2,111616,0.055610105
0.07919668,0.803313672542572,0.0109413825,294.66442036628723,612.85,-0.05,177,1.7516165,0.0,2,112640,0.07919668
0.054087542,0.9031634032726288,0.008915783,299.14999556541443,614.15,0.05,178,1.7203684,0.0,1,113664,0.054087542
0.045312434,0.9043578431010246,0.010136035,307.37379455566406,612.45,0.05,180,1.7071513,0.0,2,114688,0.045312434
0.055048577,0.8711933195590973,0.010263367,313.1963973045349,615.225,0.025,181,1.7195511,0.0,1,115712,0.055048577
0.064718604,0.8307210803031921,0.0095582865,320.724116563797,614.5,0.2,183,1.7038014,0.0,2,116736,0.064718604
0.04692145,0.8457086235284805,0.013064336,328.3319215774536,628.525,0.175,185,1.5968049,0.0,2,117760,0.04692145
0.050390795,0.8591808974742889,0.009323418,332.81179785728455,633.225,0.225,186,1.6690382,0.0,1,118784,0.050390795
0.076811194,0.898889422416687,0.010176843,341.66842126846313,631.45,0.05,188,1.6307993,0.0,2,119808,0.076811194
0.05042094,0.8987493366003036,0.010680555,349.26236748695374,632.95,-0.075,190,1.7026534,0.0,2,120832,0.05042094
0.06644938,0.8727342188358307,0.009232618,356.4882183074951,624.3,-0.375,192,1.6176131,0.0,2,121856,0.06644938
0.06474446,0.8581487536430359,0.010494221,363.9786319732666,614.3,-0.55,194,1.6564021,0.0,2,122880,0.06474446
0.0604077,0.8444262444972992,0.0094962325,370.7243592739105,620.925,-0.5,195,1.6832681,0.0,1,123904,0.0604077
0.056783922,0.8980541527271271,0.009036979,379.0238745212555,622.15,-0.375,197,1.7013726,0.0,2,124928,0.056783922
0.07121895,0.8203972280025482,0.012193741,383.72870898246765,616.825,-0.275,198,1.6967599,0.0,1,125952,0.07121895
0.055026233,0.894583560526371,0.009114537,391.3631818294525,614.275,-0.375,200,1.667186,0.0,2,126976,0.055026233
0.05591617,0.8780428022146225,0.010187639,399.22344756126404,610.825,-0.425,202,1.671677,0.0,2,128000,0.05591617
0.045951463,0.8975927084684372,0.008412087,404.1071927547455,611.975,-0.4,203,1.5983317,0.0,1,129024,0.045951463
0.061467387,0.847266361117363,0.009602066,413.8145716190338,622.05,-0.6,205,1.6957941,0.0,2,130048,0.061467387
0.05295197,0.8968500196933746,0.009210207,418.749276638031,621.325,-0.7,206,1.6169232,0.0,1,131072,0.05295197
0.058098488,0.903467483818531,0.009276923,426.23038244247437,614.75,-0.75,208,1.6578951,0.0,2,132096,0.058098488
0.052204378,0.8487986475229263,0.009570969,430.7370607852936,616.625,-0.8,209,1.6468022,0.0,1,133120,0.052204378
0.055520095,0.8978579193353653,0.011740639,438.2880778312683,621.7,-0.7,211,1.62518,0.0,2,134144,0.055520095
0.062090956,0.8486575186252594,0.009240346,442.6658945083618,623.8,-0.65,212,1.6363173,0.0,1,135168,0.062090956
0.057496816,0.8775362893939018,0.010148792,450.2515449523926,633.225,-0.65,214,1.6622663,0.0,2,136192,0.057496816
0.051292084,0.8058124035596848,0.011141852,455.0513598918915,631.8,-0.7,215,1.6424135,0.0,1,137216,0.051292084
0.055006836,0.8927054777741432,0.011097163,465.21341824531555,637.65,-0.925,217,1.6044667,0.0,2,138240,0.055006836
0.07515404,0.8539073914289474,0.011429044,472.8523449897766,631.525,-0.975,219,1.6928691,0.0,2,139264,0.07515404
0.050143927,0.870902344584465,0.010255193,480.1224932670593,628.1,-0.925,221,1.6541846,0.0,2,140288,0.050143927
0.05416717,0.8540436327457428,0.0096465815,484.6097676753998,627.875,-0.875,222,1.6187283,0.0,1,141312,0.05416717
0.058215372,0.809131309390068,0.009314918,489.3316638469696,636.625,-0.975,223,1.6312677,0.0,1,142336,0.058215372
0.06006278,0.8291386365890503,0.01149665,496.54274582862854,636.25,-0.925,225,1.5904105,0.0,2,143360,0.06006278
0.04893871,0.8945184424519539,0.010340499,504.5537977218628,634.725,-1.0,227,1.5587647,0.0,2,144384,0.04893871
0.06633741,0.8419680446386337,0.010873122,509.10632824897766,640.175,-0.9,228,1.5808874,0.0,1,145408,0.06633741
0.050297312,0.8908269107341766,0.009885369,516.2925324440002,641.625,-0.8,230,1.590714,0.0,2,146432,0.050297312
0.048735224,0.8140857964754105,0.011594543,521.0878012180328,647.3,-0.75,231,1.5529449,0.0,1,147456,0.048735224
0.08604106,0.8440639227628708,0.012124959,532.5711300373077,651.025,-0.475,233,1.6118362,0.0,2,148480,0.08604106
0.055714708,0.7428239583969116,0.014024943,537.1472194194794,657.075,-0.4,234,1.5355814,0.0,1,149504,0.055714708
0.06309956,0.855382040143013,0.010958714,544.5740921497345,653.75,-0.525,236,1.6016068,0.0,2,150528,0.06309956
0.047950752,0.8109873682260513,0.008335038,549.0700764656067,657.4,-0.45,237,1.5440217,0.0,1,151552,0.047950752
0.054993577,0.8108414113521576,0.009946579,556.4725565910339,658.725,-0.625,239,1.5033878,0.0,2,152576,0.054993577
0.06498149,0.8803885579109192,0.012310233,564.1441102027893,653.925,-0.425,241,1.5908543,0.0,2,153600,0.06498149
0.05387971,0.8163080364465714,0.010330486,569.3839511871338,659.225,-0.375,242,1.5754282,0.0,1,154624,0.05387971
0.05507979,0.8446930199861526,0.01126864,577.1913228034973,657.075,-0.1,244,1.5004058,0.0,2,155648,0.05507979
0.06276596,0.8349855095148087,0.010362543,581.6960780620575,655.275,-0.05,245,1.5372049,0.0,1,156672,0.06276596
0.055911355,0.831196665763855,0.011057222,586.282546043396,657.25,0.025,246,1.5407574,0.0,1,157696,0.055911355
0.06921885,0.8090574890375137,0.01247596,594.5518646240234,664.4,0.275,248,1.5592228,0.0,2,158720,0.06921885
0.0561619,0.8733303993940353,0.00903957,602.1712117195129,662.175,0.3,250,1.5153654,0.0,2,159744,0.0561619
0.055592194,0.896866075694561,0.013135986,611.0213170051575,660.5,0.325,251,1.5905015,0.0,1,160768,0.055592194
0.06736662,0.8151132166385651,0.011610195,618.2719416618347,653.05,0.35,253,1.5039847,0.0,2,161792,0.06736662
0.063774064,0.9193889498710632,0.008915164,626.1671116352081,650.225,0.2,255,1.5645986,0.0,2,162816,0.063774064
0.06391926,0.8836111798882484,0.010888092,630.5011882781982,645.7,0.25,256,1.5511532,0.0,1,163840,0.06391926
0.065742776,0.8597802221775055,0.013653705,637.6531281471252,649.4,0.45,258,1.5356891,0.0,2,164864,0.065742776
0.07552697,0.8420445173978806,0.009851406,642.2868473529816,656.475,0.275,259,1.5544817,0.0,1,165888,0.07552697
0.06809607,0.7759859710931778,0.012079487,650.0678408145905,664.675,0.2,261,1.5325153,0.0,2,166912,0.06809607
0.107547656,0.8883170932531357,0.011372533,654.8959577083588,665.95,0.2,262,1.6082933,0.0,1,167936,0.107547656
0.0861654,0.9204600006341934,0.012161216,663.1423416137695,662.65,0.075,264,1.5962485,0.0,2,168960,0.0861654
0.072055325,0.832640990614891,0.010855633,668.3583045005798,655.7,0.2,265,1.6121402,0.0,1,169984,0.072055325
0.064653486,0.8493696302175522,0.010893206,677.2440969944,659.7,0.325,267,1.5808148,0.0,2,171008,0.064653486
0.050804295,0.8825397342443466,0.01170454,681.8387675285339,660.625,0.325,268,1.6254842,0.0,1,172032,0.050804295
0.0498381,0.776802733540535,0.0101531055,689.1916999816895,661.725,0.475,270,1.6070418,0.0,2,173056,0.0498381
0.07183174,0.8749540597200394,0.010675739,697.5320041179657,651.625,0.625,272,1.5877924,0.0,2,174080,0.07183174
0.064416654,0.9181058332324028,0.010683087,710.9530465602875,644.9,0.6,274,1.5917327,0.0,2,175104,0.064416654
0.06099876,0.8153602927923203,0.011143398,715.4041604995728,643.35,0.675,275,1.5448804,0.0,1,176128,0.06099876
0.076265305,0.8661707788705826,0.010466367,722.5331189632416,649.75,0.825,277,1.5680722,0.0,2,177152,0.076265305
0.055704575,0.896159902215004,0.010130987,727.2986669540405,645.825,0.95,278,1.6379232,0.0,1,178176,0.055704575
0.07556814,0.9029304906725883,0.009333992,735.9244391918182,647.55,0.925,280,1.5469923,0.0,2,179200,0.07556814
0.079544775,0.8228264451026917,0.010213568,740.4147815704346,651.6,0.9,281,1.6150702,0.0,1,180224,0.079544775
0.05798279,0.8662114143371582,0.010861285,747.8049750328064,647.925,0.825,283,1.5594778,0.0,2,181248,0.05798279
0.056692615,0.8799796849489212,0.010176654,755.3829016685486,647.675,0.625,285,1.5359814,0.0,2,182272,0.056692615
0.06581551,0.8452910631895065,0.010168734,760.0602445602417,649.025,0.575,286,1.6165922,0.0,1,183296,0.06581551
0.06744575,0.8660409599542618,0.009817192,764.502875328064,643.8,0.575,287,1.5856982,0.0,1,184320,0.06744575
0.08482914,0.9050038084387779,0.00970259,771.9453432559967,650.8,0.5,289,1.5970553,0.0,2,185344,0.08482914
0.05947238,0.8134268969297409,0.009989515,779.4385554790497,649.675,0.525,291,1.586005,0.0,2,186368,0.05947238
0.0608195,0.8437744230031967,0.010086855,783.9458992481232,653.3,0.625,292,1.6094167,0.0,1,187392,0.0608195
0.06331742,0.8913808092474937,0.011823166,791.0746247768402,656.0,0.7,294,1.637393,0.0,2,188416,0.06331742
0.10947604,0.8676870912313461,0.011949555,795.4973814487457,655.5,0.85,295,1.5758315,0.0,1,189440,0.10947604
0.07544179,0.8926579728722572,0.010927917,803.6608426570892,657.925,0.75,297,1.6250026,0.0,2,190464,0.07544179
0.07433695,0.8869866952300072,0.010524469,811.1055996417999,653.725,0.8,299,1.6098721,0.0,2,191488,0.07433695
0.06682611,0.8636362701654434,0.012038272,815.9343974590302,652.75,0.675,300,1.6173748,0.0,1,192512,0.06682611
0.059550866,0.8821585029363632,0.008853322,824.0237576961517,644.225,0.675,302,1.6178683,0.0,2,193536,0.059550866
0.06401999,0.8449137955904007,0.01053373,836.0210683345795,642.475,0.6,303,1.6138216,0.0,1,194560,0.06401999
0.067046046,0.9065858349204063,0.012223088,844.728434085846,648.9,0.6,305,1.5975834,0.0,2,195584,0.067046046
0.055206865,0.8554818630218506,0.009052022,849.1861443519592,649.95,0.725,306,1.5981133,0.0,1,196608,0.055206865
0.0667395,0.8875684067606926,0.011869183,856.5115938186646,644.95,0.675,308,1.608938,0.0,2,197632,0.0667395
0.06215616,0.8832264319062233,0.011157108,863.8308098316193,646.575,0.475,310,1.5796973,0.0,2,198656,0.06215616
0.06861547,0.8548399955034256,0.010275004,868.2947735786438,649.475,0.375,311,1.5815837,0.0,1,199680,0.06861547
0.064295664,0.837398886680603,0.012334424,1261.3649990558624,649.475,0.375,311,1.5963154,0.0,0,200704,0.064295664
0.04754878,0.8572397828102112,0.009765776,1269.099591255188,673.85,0.1,313,1.5684934,0.0,2,201728,0.04754878
0.060688898,0.8340924829244614,0.010305983,1273.820079088211,681.8,0.175,314,1.5635343,0.0,1,202752,0.060688898
0.059693586,0.9040150567889214,0.011739366,1282.2644448280334,676.3,0.125,316,1.5829821,0.0,2,203776,0.059693586
0.055965554,0.8799542784690857,0.009676529,1287.2231750488281,675.1,0.125,317,1.5847846,0.0,1,204800,0.055965554
0.060843304,0.8632817566394806,0.012940131,1295.3059439659119,677.625,0.0,319,1.5300312,0.0,2,205824,0.060843304
0.07224876,0.8757140561938286,0.012691484,1300.2498936653137,680.075,0.025,320,1.5851071,0.0,1,206848,0.07224876
0.062056374,0.8029761761426926,0.011452456,1323.1759147644043,679.775,-0.1,322,1.5552984,0.0,2,207872,0.062056374
0.06022732,0.8630666583776474,0.010896014,1330.6715288162231,679.575,0.075,324,1.5426182,0.0,2,208896,0.06022732
0.06634678,0.7878168374300003,0.010204883,1335.6654000282288,685.525,0.125,325,1.5388452,0.0,1,209920,0.06634678
0.07019785,0.8733174800872803,0.010282025,1343.7419230937958,680.6,0.15,327,1.5578061,0.0,2,210944,0.07019785
0.06347431,0.8811917379498482,0.011208246,1348.3797788619995,673.85,0.25,328,1.5385553,0.0,1,211968,0.06347431
0.059445105,0.836130678653717,0.011497494,1355.8543317317963,675.85,0.325,330,1.5154297,0.0,2,212992,0.059445105
0.056204695,0.8754826113581657,0.010894839,1363.387549161911,668.9,0.275,332,1.5499418,0.0,2,214016,0.056204695
0.055666357,0.8685466051101685,0.010473243,1368.203881263733,671.875,0.225,333,1.5389183,0.0,1,215040,0.055666357
0.05030732,0.8568523675203323,0.0105345175,1375.6362798213959,673.825,0.225,335,1.5300663,0.0,2,216064,0.05030732
0.06281161,0.891091875731945,0.010720549,1380.7150647640228,675.075,0.35,336,1.5317974,0.0,1,217088,0.06281161
0.055355936,0.9067564383149147,0.011108259,1388.1693642139435,670.275,0.375,338,1.486079,0.0,2,218112,0.055355936
0.055508263,0.8919887840747833,0.009478183,1395.8651609420776,674.075,0.375,340,1.5260979,0.0,2,219136,0.055508263
0.061488688,0.797931045293808,0.010557605,1403.94122672081,662.85,0.325,342,1.4913825,0.0,2,220160,0.061488688
0.06802551,0.89945999532938,0.012423328,1408.816954612732,666.0,0.35,343,1.5315065,0.0,1,221184,0.06802551
0.054447312,0.8728012442588806,0.011103852,1416.8067407608032,670.125,0.375,345,1.5152029,0.0,2,222208,0.054447312
0.057562925,0.8806264698505402,0.010468015,1421.4370934963226,671.4,0.275,346,1.5023918,0.0,1,223232,0.057562925
0.05573361,0.9080475866794586,0.010205682,1428.9376909732819,669.775,0.175,348,1.5193642,0.0,2,224256,0.05573361
0.05615727,0.8920883685350418,0.0135981925,1436.4455251693726,663.05,0.25,350,1.5170641,0.0,2,225280,0.05615727
0.058705848,0.9069819673895836,0.01145168,1441.4767220020294,661.225,0.225,351,1.5305268,0.0,1,226304,0.058705848
0.064358756,0.8726173043251038,0.010933517,1449.2564270496368,641.275,0.275,353,1.4723544,0.0,2,227328,0.064358756
0.04828822,0.8906255438923836,0.011739228,1456.8710224628448,633.1,0.2,355,1.515831,0.0,2,228352,0.04828822
0.054345485,0.8892378360033035,0.010041098,1461.3997967243195,633.525,0.075,356,1.5239644,0.0,1,229376,0.054345485
0.08725717,0.8739347010850906,0.010645346,1468.636962890625,633.725,0.0,358,1.5267291,0.0,2,230400,0.08725717
0.067382514,0.8904263004660606,0.012477569,1472.9538490772247,632.925,0.1,359,1.5534521,0.0,1,231424,0.067382514
0.07300647,0.9102600365877151,0.012707295,1480.3323383331299,627.85,0.35,361,1.5533098,0.0,2,232448,0.07300647
0.062070798,0.9093109369277954,0.010654649,1487.534443616867,632.7,0.3,363,1.5827864,0.0,2,233472,0.062070798
0.062841386,0.8829904869198799,0.012056974,1492.5319385528564,630.475,0.325,364,1.5395904,0.0,1,234496,0.062841386
0.05466266,0.8633412271738052,0.0102517335,1500.909460067749,625.35,0.5,366,1.5769135,0.0,2,235520,0.05466266
0.06534712,0.8792500272393227,0.010580657,1505.3267214298248,632.525,0.4,367,1.5529839,0.0,1,236544,0.06534712
0.06479035,0.8868533745408058,0.010836222,1512.6293501853943,637.275,0.225,369,1.5625086,0.0,2,237568,0.06479035
0.06120929,0.8366412818431854,0.010435563,1517.654818058014,632.7,0.25,370,1.5498368,0.0,1,238592,0.06120929
0.061064385,0.873749628663063,0.010605773,1525.656278371811,642.95,0.2,372,1.5314151,0.0,2,239616,0.061064385
0.06250763,0.9237262383103371,0.010598989,1533.6228983402252,633.825,0.15,374,1.5278386,0.0,2,240640,0.06250763
0.06679772,0.8999150767922401,0.00999093,1538.1762111186981,630.125,0.175,375,1.5111871,0.0,1,241664,0.06679772
0.07417652,0.8244699835777283,0.009235149,1546.290657043457,637.775,0.1,377,1.5033422,0.0,2,242688,0.07417652
0.05020272,0.8636890649795532,0.010463301,1551.0593717098236,641.425,0.15,378,1.5175662,0.0,1,243712,0.05020272
0.05565993,0.8882134854793549,0.009804226,1558.4653904438019,639.325,-0.025,380,1.5378842,0.0,2,244736,0.05565993
0.058639638,0.888477697968483,0.009290639,1565.5979073047638,638.45,-0.275,382,1.5887687,0.0,2,245760,0.058639638
0.062030192,0.8432051688432693,0.01255159,1572.901584148407,627.225,-0.45,384,1.5363443,0.0,2,246784,0.062030192
0.057005957,0.868912935256958,0.009602282,1581.1544916629791,619.625,-0.475,386,1.5377835,0.0,2,247808,0.057005957
0.068996236,0.8796463683247566,0.011029519,1585.737275838852,622.5,-0.325,387,1.5085318,0.0,1,248832,0.068996236
0.058442503,0.7686014622449875,0.010262039,1610.1885590553284,621.45,-0.575,389,1.4940102,0.0,2,249856,0.058442503
0.06842427,0.8665600121021271,0.012012261,1618.0112109184265,625.275,-0.375,391,1.4974535,0.0,2,250880,0.06842427
0.06783632,0.9017670005559921,0.01008325,1622.5840311050415,620.675,-0.525,392,1.4704826,0.0,1,251904,0.06783632
0.060944118,0.9006112217903137,0.011493117,1631.128000497818,620.625,-0.325,394,1.498039,0.0,2,252928,0.060944118
0.0680975,0.9010477960109711,0.011095798,1638.6429200172424,622.875,-0.15,396,1.5012604,0.0,2,253952,0.0680975
0.062009044,0.8954097256064415,0.010878255,1646.5907802581787,616.3,-0.15,398,1.4862523,0.0,2,254976,0.062009044
0.065981574,0.911973662674427,0.010747775,1655.1275887489319,607.8,-0.25,400,1.5135703,0.0,2,256000,0.065981574
0.05966395,0.8550703972578049,0.010128861,1659.7881586551666,613.5,-0.375,401,1.4918634,0.0,1,257024,0.05966395
0.06451199,0.8016424477100372,0.011556867,1667.7669105529785,616.975,-0.525,403,1.5118029,0.0,2,258048,0.06451199
0.053874876,0.8631753921508789,0.008773374,1676.300770998001,609.2,-0.6,405,1.4920517,0.0,2,259072,0.053874876
0.06349842,0.8698343932628632,0.011055518,1681.6230278015137,609.75,-0.7,406,1.5228605,0.0,1,260096,0.06349842
0.07158161,0.8766849637031555,0.011725835,1686.7433171272278,607.75,-0.65,407,1.5021548,0.0,1,261120,0.07158161
0.05960263,0.8933880105614662,0.011131698,1694.6959342956543,613.925,-0.6,409,1.5259207,0.0,2,262144,0.05960263
0.066442676,0.9002372175455093,0.010924694,1699.5653383731842,616.275,-0.675,410,1.4747617,0.0,1,263168,0.066442676
0.064450555,0.8615164756774902,0.010569812,1707.882353067398,613.725,-0.55,412,1.4691799,0.0,2,264192,0.064450555
0.061467923,0.9046070277690887,0.011330561,1716.2996363639832,614.725,-0.55,414,1.5155513,0.0,2,265216,0.061467923
0.06505383,0.7529749572277069,0.010135727,1721.071766614914,620.325,-0.6,415,1.4939587,0.0,1,266240,0.06505383
0.052732363,0.8816895633935928,0.011904633,1728.9471461772919,608.825,-0.85,417,1.4647212,0.0,2,267264,0.052732363
0.066566534,0.8943893313407898,0.010872582,1736.2830991744995,609.55,-0.775,419,1.4613724,0.0,2,268288,0.066566534
0.059590183,0.7587149143218994,0.011161313,1743.4605321884155,607.85,-0.8,421,1.4841114,0.0,2,269312,0.059590183
0.061260488,0.9095802083611488,0.01188916,1748.4839541912079,613.4,-0.625,422,1.4857434,0.0,1,270336,0.061260488
0.054019243,0.869423970580101,0.00974078,1752.868186712265,615.125,-0.6,423,1.4512355,0.0,1,271360,0.054019243
0.05974333,0.7803640216588974,0.009668595,1760.1957955360413,627.275,-0.65,425,1.4606274,0.0,2,272384,0.05974333
0.05464174,0.8322780728340149,0.009653056,1765.4078443050385,631.05,-0.625,426,1.4575442,0.0,1,273408,0.05464174
0.049458988,0.8960042670369148,0.010403389,1773.026661157608,635.225,-0.6,428,1.4384494,0.0,2,274432,0.049458988
0.05635204,0.8975646421313286,0.00970512,1777.5146307945251,634.0,-0.6,429,1.4435526,0.0,1,275456,0.05635204
0.052894805,0.9093832448124886,0.009531917,1784.7752125263214,635.025,-0.75,431,1.4122918,0.0,2,276480,0.052894805
0.057080436,0.8707626312971115,0.009305104,1792.982859134674,631.7,-0.575,433,1.4269598,0.0,2,277504,0.057080436
0.051091067,0.8980002403259277,0.011028543,1800.2075374126434,632.95,-0.75,435,1.4168477,0.0,2,278528,0.051091067
0.055224292,0.8562811613082886,0.011574413,1805.1534156799316,631.6,-0.725,436,1.4128538,0.0,1,279552,0.055224292
0.044485822,0.8724884688854218,0.010567915,1812.779513835907,636.425,-0.675,438,1.3711364,0.0,2,280576,0.044485822
0.055867523,0.804993137717247,0.010088248,1817.163028717041,640.275,-0.7,439,1.353779,0.0,1,281600,0.055867523
0.053445727,0.9159204140305519,0.011695314,1824.4287059307098,644.225,-0.55,441,1.3668742,0.0,2,282624,0.053445727
0.056770198,0.844597339630127,0.012147965,1828.8998744487762,645.475,-0.55,442,1.3511488,0.0,1,283648,0.056770198
0.06704849,0.8985617384314537,0.012589715,1836.2660963535309,642.925,-0.475,444,1.361572,0.0,2,284672,0.06704849
0.061751094,0.8348447382450104,0.012818927,1843.5559124946594,645.3,-0.65,446,1.3456621,0.0,2,285696,0.061751094
0.047460113,0.8655394464731216,0.009680621,1850.9373254776,636.175,-0.6,448,1.3439155,0.0,2,286720,0.047460113
0.0616353,0.886901929974556,0.01243704,1855.2554788589478,635.225,-0.6,449,1.3332652,0.0,1,287744,0.0616353
0.059971303,0.8906871452927589,0.010009063,1862.3362772464752,634.95,-0.7,451,1.3740113,0.0,2,288768,0.059971303
0.063399,0.8296193480491638,0.010057924,1866.6443934440613,631.575,-0.775,452,1.3974963,0.0,1,289792,0.063399
0.06265774,0.8841389045119286,0.010355609,1873.896139383316,633.35,-0.675,454,1.3733206,0.0,2,290816,0.06265774
0.052225098,0.8671179860830307,0.011602447,1881.0017821788788,634.7,-0.45,456,1.3815782,0.0,2,291840,0.052225098
0.06826159,0.9020141437649727,0.010460838,1888.3759605884552,628.1,-0.6,458,1.3697312,0.0,2,292864,0.06826159
0.056580193,0.9148177653551102,0.011382334,1893.1089868545532,629.45,-0.475,459,1.3826146,0.0,1,293888,0.056580193
0.049620003,0.867681086063385,0.009569908,1900.5544037818909,637.65,-0.275,461,1.3664962,0.0,2,294912,0.049620003
0.0603613,0.8755935207009315,0.012995383,1905.1652557849884,636.425,-0.25,462,1.4030799,0.0,1,295936,0.0603613
0.031518877,0.8813675865530968,0.004593465,1912.1208262443542,632.025,-0.25,464,1.351988,0.0,2,296960,0.031518877
0.0642179,0.8960277661681175,0.009740703,1919.0800936222076,624.075,-0.275,466,1.362143,0.0,2,297984,0.0642179
0.065851204,0.8540061265230179,0.011116966,1923.2665770053864,624.4,-0.325,467,1.3831611,0.0,1,299008,0.065851204
0.056653064,0.8470618575811386,0.0101471385,2350.704354286194,624.0,-0.375,469,1.3147483,0.0,2,300032,0.056653064
0.07553117,0.8607708662748337,0.012983688,2355.3889379501343,625.75,-0.3,470,1.4323454,0.0,1,301056,0.07553117
0.12229312,0.8456023782491684,0.011733606,2363.0229144096375,621.0,0.0,472,1.3961992,0.0,2,302080,0.12229312
0.06192116,0.8342143148183823,0.009869503,2368.424823284149,628.2,-0.125,473,1.3837106,0.0,1,303104,0.06192116
0.06758785,0.8875120207667351,0.009791134,2376.2479717731476,634.15,0.05,475,1.3962713,0.0,2,304128,0.06758785
0.06401831,0.8953720033168793,0.010402158,2380.8782393932343,639.225,-0.075,476,1.406404,0.0,1,305152,0.06401831
0.05784569,0.9293029457330704,0.012845844,2388.5393586158752,644.125,-0.025,478,1.4047309,0.0,2,306176,0.05784569
0.056553077,0.8933640792965889,0.010632099,2393.2475457191467,645.95,-0.05,479,1.392546,0.0,1,307200,0.056553077
0.05707936,0.8628545701503754,0.010228097,2401.2038893699646,641.275,-0.225,481,1.3636128,0.0,2,308224,0.05707936
0.048437387,0.9210784882307053,0.010472169,2405.7837750911713,643.525,-0.2,482,1.3886969,0.0,1,309248,0.048437387
0.058730606,0.8309152871370316,0.012650046,2412.9902036190033,641.375,-0.25,484,1.3805959,0.0,2,310272,0.058730606
0.059332497,0.9223700985312462,0.0105097955,2420.9372527599335,636.1,-0.3,486,1.3890555,0.0,2,311296,0.059332497
0.057599362,0.8707820773124695,0.011428882,2428.746335506439,639.55,-0.375,488,1.4217945,0.0,2,312320,0.057599362
0.053074047,0.8652132153511047,0.008896921,2433.42169046402,637.475,-0.4,489,1.3730625,0.0,1,313344,0.053074047
0.06442452,0.844581738114357,0.010623604,2441.1410517692566,638.9,-0.325,491,1.3661315,0.0,2,314368,0.06442452
0.063164815,0.7982518374919891,0.011061111,2445.59414768219,642.4,-0.3,492,1.417321,0.0,1,315392,0.063164815
0.072273195,0.7008819282054901,0.0111793345,2453.2731800079346,643.6,-0.3,494,1.3828571,0.0,2,316416,0.072273195
0.0433681,0.8687057346105576,0.011068316,2458.211894750595,641.325,-0.275,495,1.4053228,0.0,1,317440,0.0433681
0.05443767,0.7945628464221954,0.011450415,2465.8716402053833,648.75,-0.4,497,1.3967372,0.0,2,318464,0.05443767
0.07015951,0.862298920750618,0.010066412,2470.336028575897,652.475,-0.325,498,1.4046819,0.0,1,319488,0.07015951
0.055407077,0.8999677523970604,0.012236497,2477.5808339118958,659.925,-0.325,500,1.3861988,0.0,2,320512,0.055407077
0.07344697,0.834974855184555,0.012142863,2481.9971318244934,660.325,-0.4,501,1.3750556,0.0,1,321536,0.07344697
0.057507243,0.9030459001660347,0.010847904,2486.4069015979767,664.35,-0.45,502,1.442221,0.0,1,322560,0.057507243
0.07120474,0.7811435908079147,0.012046692,2494.0522968769073,667.775,-0.375,504,1.3759143,0.0,2,323584,0.07120474
0.0569092,0.8429257273674011,0.013768639,2501.9662296772003,664.2,-0.275,506,1.409467,0.0,2,324608,0.0569092
0.059929922,0.7696564644575119,0.01115852,2506.647857904434,665.375,-0.275,507,1.4054372,0.0,1,325632,0.059929922
0.059788473,0.850398451089859,0.012550686,2511.555250644684,663.9,-0.175,508,1.4239625,0.0,1,326656,0.059788473
0.060885563,0.8330592066049576,0.010798708,2519.5734329223633,662.425,-0.225,510,1.4163371,0.0,2,327680,0.060885563
0.06170608,0.8897313103079796,0.0111486465,2527.59566283226,662.225,-0.4,512,1.4143822,0.0,2,328704,0.06170608
0.052613847,0.8477881401777267,0.011293173,2535.530221223831,660.175,-0.375,514,1.3863333,0.0,2,329728,0.052613847
0.064947665,0.8760654106736183,0.012582397,2540.7633938789368,662.1,-0.4,515,1.4134418,0.0,1,330752,0.064947665
0.05586127,0.8891585618257523,0.013145031,2548.667731285095,657.925,-0.275,517,1.3719692,0.0,2,331776,0.05586127
0.065057166,0.8615161776542664,0.012630833,2556.4162244796753,647.25,-0.55,519,1.3874165,0.0,2,332800,0.065057166
0.07252438,0.8817713633179665,0.012704825,2561.2055637836456,649.175,-0.525,520,1.4125311,0.0,1,333824,0.07252438
0.089761235,0.8814699649810791,0.010870062,2569.0794303417206,649.35,-0.325,522,1.4288661,0.0,2,334848,0.089761235
0.05723966,0.8828264623880386,0.010359354,2574.2739317417145,644.425,-0.5,523,1.4422874,0.0,1,335872,0.05723966
0.06417228,0.8941178321838379,0.011017869,2582.5178275108337,650.85,-0.35,525,1.4220462,0.0,2,336896,0.06417228
0.07742421,0.9145750999450684,0.014310738,2590.2599799633026,654.875,-0.225,527,1.4665667,0.0,2,337920,0.07742421
0.057474434,0.8510831296443939,0.0122125605,2598.0542011260986,647.5,-0.425,529,1.4482548,0.0,2,338944,0.057474434
0.06956532,0.8702308982610703,0.013485463,2606.6092627048492,643.95,-0.4,531,1.4442931,0.0,2,339968,0.06956532
0.056194004,0.861286848783493,0.009753602,2611.6279199123383,639.225,-0.3,532,1.4477534,0.0,1,340992,0.056194004
0.06144893,0.8571742475032806,0.011114647,2620.04328417778,638.225,-0.375,534,1.4625025,0.0,2,342016,0.06144893
0.059120044,0.8817160427570343,0.013786912,2627.605379343033,635.4,-0.35,536,1.444643,0.0,2,343040,0.059120044
0.06374925,0.8890679180622101,0.014766365,2632.119146823883,635.525,-0.2,537,1.41417,0.0,1,344064,0.06374925
0.07207585,0.888186126947403,0.012640665,2639.8480236530304,628.85,-0.2,539,1.3848333,0.0,2,345088,0.07207585
0.05355551,0.8638616651296616,0.010000539,2647.254140853882,622.15,-0.225,541,1.4588609,0.0,2,346112,0.05355551
0.06727164,0.8733435124158859,0.011125945,2651.6786851882935,615.425,-0.15,542,1.3920133,0.0,1,347136,0.06727164
0.05218512,0.8811265751719475,0.010312276,2659.2314836978912,614.275,-0.1,544,1.4098122,0.0,2,348160,0.05218512
0.05695909,0.8852987587451935,0.011828691,2663.84654378891,616.925,0.1,545,1.3674707,0.0,1,349184,0.05695909
0.062639594,0.8881446719169617,0.012014906,2671.1937642097473,618.0,0.075,547,1.423985,0.0,2,350208,0.062639594
0.067237385,0.8678999990224838,0.014969779,2676.720161676407,622.775,0.05,548,1.4216222,0.0,1,351232,0.067237385
0.06621933,0.9060704484581947,0.012233971,2684.351064682007,622.975,0.275,550,1.3816322,0.0,2,352256,0.06621933
0.071113124,0.8581090122461319,0.014747741,2688.8208158016205,623.9,0.3,551,1.4205743,0.0,1,353280,0.071113124
0.05541783,0.8790397271513939,0.009585962,2696.6615612506866,623.175,0.125,553,1.4437389,0.0,2,354304,0.05541783
0.048892573,0.9060580432415009,0.011878994,2701.379144191742,625.4,0.15,554,1.4285327,0.0,1,355328,0.048892573
0.06704816,0.8773514032363892,0.011137935,2708.545907974243,623.05,0.1,556,1.4162798,0.0,2,356352,0.06704816
0.07098215,0.766793504357338,0.012686054,2712.882652282715,628.625,0.05,557,1.4167298,0.0,1,357376,0.07098215
0.06402147,0.8741111308336258,0.012372961,2721.473532438278,637.95,0.15,559,1.4332864,0.0,2,358400,0.06402147
0.067727625,0.802837073802948,0.012150943,2726.0309765338898,642.225,0.175,560,1.4574571,0.0,1,359424,0.067727625
0.06550482,0.8946387767791748,0.014274431,2733.727595806122,635.9,0.025,562,1.394583,0.0,2,360448,0.06550482
0.070587695,0.7475686073303223,0.011009246,2741.851083278656,634.55,-0.05,564,1.5178021,0.0,2,361472,0.070587695
0.05444754,0.9101062417030334,0.010570485,2746.6773006916046,633.825,-0.075,565,1.4367324,0.0,1,362496,0.05444754
0.06702362,0.8664906620979309,0.012216716,2757.0731036663055,628.05,0.175,568,1.4060596,0.0,3,363520,0.06702362
0.08353768,0.9074042290449142,0.010801211,2764.8403861522675,628.725,0.2,570,1.3814383,0.0,2,364544,0.08353768
0.056711614,0.8646227270364761,0.011808934,2769.1890935897827,631.4,0.3,571,1.361047,0.0,1,365568,0.056711614
0.06410575,0.8428761214017868,0.011989631,2773.5467121601105,634.925,0.25,572,1.3511388,0.0,1,366592,0.06410575
0.031253584,0.902559757232666,0.004399528,2780.811890602112,634.925,0.35,574,1.3302438,0.0,2,367616,0.031253584
0.064394034,0.9009557515382767,0.011528786,2788.00608420372,639.275,0.35,576,1.3969646,0.0,2,368640,0.064394034
0.06694421,0.8948873952031136,0.014861951,2792.6651315689087,642.025,0.325,577,1.3951062,0.0,1,369664,0.06694421
0.048354257,0.8600010871887207,0.0092490865,2801.428889274597,641.825,0.275,579,1.4653571,0.0,2,370688,0.048354257
0.05843455,0.8962970599532127,0.010689487,2806.670247077942,646.725,0.325,580,1.4087803,0.0,1,371712,0.05843455
0.049168035,0.9002434983849525,0.012622275,2813.837275981903,646.125,0.025,582,1.4319015,0.0,2,372736,0.049168035
0.07264097,0.8751511350274086,0.012304965,2821.0707881450653,644.675,-0.075,584,1.4158169,0.0,2,373760,0.07264097
0.053445175,0.904415637254715,0.009535793,2825.662842273712,646.225,-0.2,585,1.4465654,0.0,1,374784,0.053445175
0.076781794,0.9330094903707504,0.013962106,2836.2739658355713,621.4,-0.4,588,1.3910825,0.0,3,375808,0.076781794
0.059584986,0.9184520989656448,0.011926003,2843.4565994739532,615.375,-0.525,590,1.4243157,0.0,2,376832,0.059584986
0.031321954,0.8823195099830627,0.004059907,2847.816330909729,614.025,-0.55,591,1.4181662,0.0,1,377856,0.031321954
0.063036434,0.8209511935710907,0.014007676,2855.094276189804,610.55,-0.3,593,1.35516,0.0,2,378880,0.063036434
0.06760208,0.8920333832502365,0.0127061065,2894.1681492328644,612.15,-0.275,595,1.3976318,0.0,2,379904,0.06760208
0.06358804,0.8336044400930405,0.014248032,2898.783011674881,611.7,-0.3,596,1.4149706,0.0,1,380928,0.06358804
0.05288896,0.8994343504309654,0.0125537235,2906.453585624695,605.4,-0.3,598,1.4103289,0.0,2,381952,0.05288896
0.06493742,0.8698804974555969,0.013620868,2914.8135731220245,596.7,-0.35,600,1.4281082,0.0,2,382976,0.06493742
0.05494912,0.8718552142381668,0.010919256,2919.4525797367096,597.775,-0.35,601,1.4001937,0.0,1,384000,0.05494912
0.055864,0.9124965965747833,0.011377593,2927.401865720749,600.575,-0.4,603,1.4261615,0.0,2,385024,0.055864
0.08444779,0.9112206548452377,0.010537554,2934.729076385498,599.15,-0.4,605,1.4234291,0.0,2,386048,0.08444779
0.050217498,0.8771083950996399,0.004345243,2939.2545375823975,603.125,-0.475,606,1.3929157,0.0,1,387072,0.050217498
0.07734643,0.890607550740242,0.011981934,2946.6601614952087,606.55,-0.575,608,1.4800056,0.0,2,388096,0.07734643
0.060009256,0.8128952085971832,0.009831008,2954.0929741859436,612.075,-0.75,610,1.4190032,0.0,2,389120,0.060009256
0.0631302,0.8669995069503784,0.011591188,2961.9150896072388,604.55,-0.825,612,1.4183285,0.0,2,390144,0.0631302
0.06932832,0.8392165005207062,0.011641851,2966.403060913086,605.3,-0.85,613,1.3991282,0.0,1,391168,0.06932832
0.07672848,0.812329575419426,0.011270799,2970.9100387096405,610.9,-0.975,614,1.4150429,0.0,1,392192,0.07672848
0.07004017,0.9113960564136505,0.013320967,2978.358898162842,611.725,-0.975,616,1.3938663,0.0,2,393216,0.07004017
0.05720615,0.8994981646537781,0.0140452,2986.0067145824432,603.425,-1.175,618,1.4218172,0.0,2,394240,0.05720615
0.060103673,0.8953927308320999,0.012100999,2990.776802778244,609.625,-1.125,619,1.3382491,0.0,1,395264,0.060103673
0.041196324,0.8551032394170761,0.004915683,2998.531960964203,606.075,-1.175,621,1.3879745,0.0,2,396288,0.041196324
0.05849255,0.8073254972696304,0.01034591,3002.775996685028,608.15,-1.15,622,1.3256663,0.0,1,397312,0.05849255
0.0732102,0.9051916748285294,0.013117533,3009.9809215068817,609.375,-1.15,624,1.3443382,0.0,2,398336,0.0732102
0.0738984,0.8760181292891502,0.011934323,3014.2798993587494,612.125,-1.075,625,1.301507,0.0,1,399360,0.0738984
0.062073525,0.8166196197271347,0.013992859,3394.2593162059784,618.125,-0.9,626,1.3075771,0.0,1,400384,0.062073525
0.07120375,0.8515538722276688,0.011303935,3401.6628091335297,640.875,-0.75,628,1.3179618,0.0,2,401408,0.07120375
0.086014345,0.789834052324295,0.012134019,3407.3789439201355,642.8,-0.775,629,1.2961582,0.0,1,402432,0.086014345
0.042302337,0.8197982311248779,0.005779706,3415.0899047851562,653.4,-0.55,631,1.3153908,0.0,2,403456,0.042302337
0.090248846,0.8995256647467613,0.012751777,3420.519067287445,652.35,-0.7,632,1.3155282,0.0,1,404480,0.090248846
0.068105124,0.8824677169322968,0.013399397,3428.8224568367004,659.275,-0.75,634,1.3111869,0.0,2,405504,0.068105124
0.058984358,0.7339852154254913,0.009466687,3436.878804922104,642.125,-1.0,636,1.444776,0.0,2,406528,0.058984358
0.06941768,0.8723509311676025,0.010966412,3444.431965112686,639.575,-0.9,638,1.3303868,0.0,2,407552,0.06941768
0.079061724,0.9047830775380135,0.014412306,3492.7806656360626,641.85,-0.8,640,1.3678634,0.0,2,408576,0.079061724
0.039539292,0.7883564531803131,0.0042408826,3497.4419627189636,645.175,-0.75,641,1.337255,0.0,1,409600,0.039539292
0.056610703,0.7847242653369904,0.010603683,3505.259025335312,638.9,-0.85,643,1.3688043,0.0,2,410624,0.056610703
0.04615607,0.8551914691925049,0.004721168,3512.7911314964294,639.1,-0.625,645,1.3364426,0.0,2,411648,0.04615607
0.08649329,0.8641351610422134,0.012598889,3520.344040632248,634.65,-0.675,647,1.3678234,0.0,2,412672,0.08649329
0.040001515,0.730156660079956,0.0049372655,3525.3477244377136,637.85,-0.65,648,1.3491888,0.0,1,413696,0.040001515
0.0701999,0.8662611246109009,0.014307879,3533.3219401836395,635.8,-0.7,650,1.3605845,0.0,2,414720,0.0701999
0.075907685,0.8825796097517014,0.011880901,3540.8781566619873,638.675,-0.625,652,1.261337,0.0,2,415744,0.075907685
0.095434375,0.9181336462497711,0.013856925,3548.8060989379883,627.975,-0.55,654,1.27619,0.0,2,416768,0.095434375
0.071613684,0.8864216804504395,0.011286409,3554.4842257499695,623.2,-0.575,655,1.3033926,0.0,1,417792,0.071613684
0.06123983,0.8934206590056419,0.012240196,3562.213126897812,627.875,-0.6,657,1.3025954,0.0,2,418816,0.06123983
0.06550903,0.8992292508482933,0.012873331,3569.8298687934875,621.65,-0.4,659,1.2844083,0.0,2,419840,0.06550903
0.07751311,0.761579230427742,0.014780815,3574.290976047516,625.875,-0.35,660,1.3276565,0.0,1,420864,0.07751311
0.064109504,0.8757148236036301,0.01337073,3578.813081741333,630.55,-0.25,661,1.2492777,0.0,1,421888,0.064109504
0.06814968,0.8539757281541824,0.012807702,3586.446455001831,631.925,-0.2,663,1.2789179,0.0,2,422912,0.06814968
0.030928584,0.8935326635837555,0.0047874195,3591.356992959976,629.7,-0.075,664,1.2332594,0.0,1,423936,0.030928584
0.078304626,0.9169276803731918,0.0119667575,3599.4389991760254,626.55,-0.225,666,1.248655,0.0,2,424960,0.078304626
0.05382932,0.9087088853120804,0.009792997,3607.470590353012,614.95,-0.3,668,1.254768,0.0,2,425984,0.05382932
0.042364165,0.8700461983680725,0.004605662,3612.034657716751,616.2,-0.325,669,1.2341843,0.0,1,427008,0.042364165
0.06214875,0.8547969460487366,0.014789129,3619.468136072159,611.35,-0.5,671,1.300774,0.0,2,428032,0.06214875
0.0676773,0.9021711498498917,0.012704892,3624.315865755081,615.05,-0.4,672,1.26441,0.0,1,429056,0.0676773
0.081291184,0.8142227679491043,0.011585474,3632.173548221588,613.075,-0.55,674,1.2991484,0.0,2,430080,0.081291184
0.043021098,0.837627649307251,0.0051984186,3637.026402950287,614.75,-0.525,675,1.276211,0.0,1,431104,0.043021098
0.039347395,0.8148599117994308,0.004398913,3644.221547603607,622.35,-0.35,677,1.1930847,0.0,2,432128,0.039347395
0.06543843,0.8943684250116348,0.012813501,3652.2880997657776,624.925,-0.525,679,1.246866,0.0,2,433152,0.06543843
0.07776395,0.8956163600087166,0.012370061,3656.777527332306,628.575,-0.375,680,1.2393379,0.0,1,434176,0.07776395
0.065643795,0.8984829783439636,0.012076676,3664.760172843933,628.925,-0.275,682,1.271161,0.0,2,435200,0.065643795
0.07004018,0.8323889225721359,0.011438845,3672.4938626289368,623.825,-0.2,684,1.2445899,0.0,2,436224,0.07004018
0.0786668,0.8520094007253647,0.014085643,3677.1478617191315,633.125,-0.275,685,1.2337329,0.0,1,437248,0.0786668
0.0687303,0.9064029827713966,0.011469994,3685.0460708141327,637.575,-0.25,687,1.2768214,0.0,2,438272,0.0687303
0.06204442,0.8684275448322296,0.013865886,3689.821308851242,639.125,-0.225,688,1.2207668,0.0,1,439296,0.06204442
0.03256661,0.8370012193918228,0.0042558983,3697.834730386734,638.4,-0.125,690,1.2916594,0.0,2,440320,0.03256661
0.07301494,0.8846527114510536,0.014598394,3705.679924249649,635.65,-0.2,692,1.2880337,0.0,2,441344,0.07301494
0.061468393,0.8928761556744576,0.012418465,3713.5060017108917,640.65,-0.3,694,1.236399,0.0,2,442368,0.061468393
0.08467561,0.8781919330358505,0.013027312,3718.47158741951,642.45,-0.3,695,1.3154845,0.0,1,443392,0.08467561
0.064499736,0.8935110792517662,0.0137874745,3726.2948439121246,640.325,-0.25,697,1.2909138,0.0,2,444416,0.064499736
0.07996399,0.8013694584369659,0.014451437,3731.053245782852,640.55,-0.25,698,1.2733215,0.0,1,445440,0.07996399
0.07631116,0.9104056730866432,0.014356681,3739.214090824127,642.85,-0.225,700,1.2504776,0.0,2,446464,0.07631116
0.03768795,0.8617747128009796,0.004476434,3743.6428146362305,641.275,-0.225,701,1.2598598,0.0,1,447488,0.03768795
0.062437665,0.8929644823074341,0.012372419,3751.6116392612457,637.125,-0.075,703,1.2725209,0.0,2,448512,0.062437665
0.059499957,0.8662215173244476,0.014857476,3759.780816078186,636.125,-0.1,705,1.2445967,0.0,2,449536,0.059499957
0.06473686,0.9047883450984955,0.013529554,3764.419336795807,637.25,-0.075,706,1.3014445,0.0,1,450560,0.06473686
0.059285954,0.9236587062478065,0.0126557,3772.044134616852,635.875,-0.175,708,1.2408665,0.0,2,451584,0.059285954
0.074474394,0.895623542368412,0.0144072585,3779.299940109253,631.0,0.025,710,1.248458,0.0,2,452608,0.074474394
0.0697682,0.7586608976125717,0.013429817,3783.8417201042175,632.35,0.075,711,1.1895373,0.0,1,453632,0.0697682
0.057346124,0.9131476804614067,0.013019394,3791.7742524147034,627.575,0.25,713,1.268893,0.0,2,454656,0.057346124
0.06688964,0.8762908056378365,0.01127373,3796.1138682365417,624.75,0.375,714,1.2049284,0.0,1,455680,0.06688964
0.040794447,0.588434249162674,0.0043458813,3803.4195096492767,635.4,0.45,716,1.206399,0.0,2,456704,0.040794447
0.0613178,0.9007058292627335,0.0111896545,3807.853264808655,637.475,0.325,717,1.2720908,0.0,1,457728,0.0613178
0.04821121,0.7095852196216583,0.0047086524,3815.0202984809875,633.05,0.55,719,1.1809287,0.0,2,458752,0.04821121
0.039388694,0.7962865233421326,0.004044909,3822.2225301265717,631.375,0.725,721,1.2366688,0.0,2,459776,0.039388694
0.0407025,0.8679544180631638,0.0037864144,3826.6614751815796,631.275,0.625,722,1.2566032,0.0,1,460800,0.0407025
0.049769074,0.8519241660833359,0.0047234683,3833.8918192386627,637.05,0.825,724,1.237267,0.0,2,461824,0.049769074
0.07028306,0.7810455858707428,0.012144212,3838.2710943222046,634.6,0.825,725,1.2096728,0.0,1,462848,0.07028306
0.07286064,0.9016660824418068,0.013977192,3849.0240561962128,624.95,0.9,728,1.2148598,0.0,3,463872,0.07286064
0.05876603,0.9100522324442863,0.014862998,3856.597288608551,620.675,1.2,730,1.2001207,0.0,2,464896,0.05876603
0.068907775,0.8787058815360069,0.014552001,3861.1854033470154,622.075,1.175,731,1.233395,0.0,1,465920,0.068907775
0.036981426,0.8830372393131256,0.0038564196,3868.334291934967,622.85,1.475,733,1.2499714,0.0,2,466944,0.036981426
0.076422095,0.8625301271677017,0.013967962,3872.8933057785034,622.0,1.475,734,1.2251556,0.0,1,467968,0.076422095
0.08677376,0.8914894461631775,0.013247618,3880.112143754959,623.95,1.5,736,1.2885685,0.0,2,468992,0.08677376
0.039416425,0.8871633186936378,0.0045425245,3887.490958929062,621.1,1.4,738,1.2832823,0.0,2,470016,0.039416425
0.06732896,0.9094921573996544,0.012669431,3894.8948018550873,613.75,1.125,740,1.2641288,0.0,2,471040,0.06732896
0.076090634,0.7932905703783035,0.012759341,3899.5189259052277,611.5,1.05,741,1.2780294,0.0,1,472064,0.076090634
0.10651411,0.8053486347198486,0.014103374,3906.575412750244,616.275,0.95,743,1.2367659,0.0,2,473088,0.10651411
0.067438126,0.7904803454875946,0.010766699,3910.929333925247,615.775,1.0,744,1.2410483,0.0,1,474112,0.067438126
0.36124736,0.8836068361997604,0.013832506,3918.0830783843994,624.6,0.875,746,1.271814,0.0,2,475136,0.36124736
0.037269965,0.8860456869006157,0.0040591275,3922.4445106983185,625.65,1.025,747,1.2566146,0.0,1,476160,0.037269965
0.09427351,0.9180766046047211,0.014678484,3929.9498727321625,626.35,0.9,749,1.2394712,0.0,2,477184,0.09427351
0.061730377,0.8906136453151703,0.013727436,3935.6129364967346,633.525,0.8,750,1.1766593,0.0,1,478208,0.061730377
0.062916875,0.8882144764065742,0.014171191,3942.8563923835754,631.55,0.85,752,1.2429254,0.0,2,479232,0.062916875
0.07551643,0.9205909743905067,0.014223859,3950.146199464798,631.425,0.825,754,1.2304776,0.0,2,480256,0.07551643
0.036608774,0.830834835767746,0.0038245893,3954.5724833011627,624.95,0.725,755,1.2598826,0.0,1,481280,0.036608774
0.07668921,0.9127418100833893,0.013478033,3962.1368260383606,617.4,0.95,757,1.2826052,0.0,2,482304,0.07668921
0.06487094,0.8941164463758469,0.010922501,3966.6390964984894,623.1,0.9,758,1.2271655,0.0,1,483328,0.06487094
0.06337159,0.9106896668672562,0.011652069,3974.224207878113,627.975,0.725,760,1.2185555,0.0,2,484352,0.06337159
0.038203966,0.9151579141616821,0.0037481184,3978.8642065525055,632.9,0.6,761,1.2075919,0.0,1,485376,0.038203966
0.057557873,0.8962848708033562,0.013066868,3986.8844685554504,636.95,0.575,763,1.23141,0.0,2,486400,0.057557873
0.067259476,0.8453079462051392,0.011633167,3991.7134025096893,641.375,0.525,764,1.2263793,0.0,1,487424,0.067259476
0.07620943,0.8698591738939285,0.01170419,3999.345431804657,633.125,0.425,766,1.1832147,0.0,2,488448,0.07620943
0.07149467,0.8342941701412201,0.014102967,4004.035243034363,636.15,0.225,767,1.2228276,0.0,1,489472,0.07149467
0.035808936,0.8275784105062485,0.0052504,4011.9135122299194,647.45,0.225,769,1.2046614,0.0,2,490496,0.035808936
0.046046928,0.792167603969574,0.0037257902,4019.692100048065,650.95,0.2,771,1.1625254,0.0,2,491520,0.046046928
0.07119878,0.8574431389570236,0.011205474,4024.371907711029,656.7,0.15,772,1.1950747,0.0,1,492544,0.07119878
0.058528483,0.8330614566802979,0.011984386,4031.5550634860992,645.75,0.025,774,1.2435417,0.0,2,493568,0.058528483
0.038047038,0.8761933967471123,0.004690984,4039.5235517024994,648.025,0.075,776,1.1886837,0.0,2,494592,0.038047038
0.09256561,0.8549898415803909,0.008954662,4043.8629338741302,650.375,0.1,777,1.2128689,0.0,1,495616,0.09256561
0.06687069,0.9118034690618515,0.013804426,4051.117878675461,657.5,0.175,779,1.1996808,0.0,2,496640,0.06687069
0.05625497,0.8636301308870316,0.0057693063,4055.4585466384888,659.95,0.25,780,1.2292614,0.0,1,497664,0.05625497
0.06856115,0.8839317336678505,0.0139804315,4059.8150115013123,663.325,0.275,781,1.2360151,0.0,1,498688,0.06856115
0.0815584,0.846347764134407,0.013166875,4066.938972711563,666.15,0.25,783,1.2238389,0.0,2,499712,0.0815584
0.06462178,0.7102751731872559,0.01467669,4493.545762062073,674.175,0.3,784,1.2246983,0.0,1,500736,0.06462178
0.065440975,0.8298989236354828,0.013171459,4498.078104972839,667.475,0.425,785,1.2306662,0.0,1,501760,0.065440975
0.073410876,0.8894112035632133,0.013345775,4506.373962640762,666.825,0.275,787,1.2616609,0.0,2,502784,0.073410876
0.06911547,0.8707898110151291,0.01419378,4513.784065008163,667.35,0.225,789,1.2514634,0.0,2,503808,0.06911547
0.07607973,0.9069888070225716,0.014554841,4518.268262624741,661.75,0.275,790,1.2411551,0.0,1,504832,0.07607973
0.07921048,0.920105867087841,0.0134648755,4526.287024736404,666.35,0.225,792,1.2416024,0.0,2,505856,0.07921048
0.0748674,0.8568558096885681,0.010155481,4534.973948001862,664.85,0.3,794,1.2410064,0.0,2,506880,0.0748674
0.06865494,0.9065531715750694,0.010592626,4540.064211368561,668.575,0.35,795,1.2340951,0.0,1,507904,0.06865494
0.08304645,0.8239596784114838,0.013746094,4547.493517875671,663.325,0.4,797,1.2407212,0.0,2,508928,0.08304645
0.0686039,0.9054057374596596,0.01329698,4556.077835083008,658.95,0.475,799,1.2525253,0.0,2,509952,0.0686039
0.09743504,0.8629130572080612,0.0132589955,4564.2146553993225,649.975,0.3,801,1.2864375,0.0,2,510976,0.09743504
0.091380656,0.8932527750730515,0.01308267,4568.658470869064,644.95,0.45,802,1.2719471,0.0,1,512000,0.091380656
0.07104224,0.8800277784466743,0.01032634,4576.0917892456055,641.875,0.35,804,1.2581927,0.0,2,513024,0.07104224
0.04360045,0.8657505959272385,0.003981519,4580.7780504226685,639.8,0.225,805,1.2469922,0.0,1,514048,0.04360045
0.0729152,0.8993746787309647,0.014679007,4588.468535900116,651.775,0.325,807,1.2819844,0.0,2,515072,0.0729152
0.06444956,0.8107703626155853,0.01437403,4593.06264424324,650.575,0.3,808,1.2581239,0.0,1,516096,0.06444956
0.06825462,0.6772373616695404,0.013343869,4600.745403051376,648.625,0.45,810,1.2162266,0.0,2,517120,0.06825462
0.032563042,0.8368724137544632,0.0041312603,4608.141338825226,646.925,0.425,812,1.247333,0.0,2,518144,0.032563042
0.04080052,0.8993188291788101,0.004356581,4615.442298650742,647.825,0.45,814,1.2162858,0.0,2,519168,0.04080052
0.073579386,0.6968298554420471,0.012806792,4619.951418161392,645.875,0.55,815,1.2590252,0.0,1,520192,0.073579386
0.07484504,0.8404808640480042,0.012226209,4627.496044635773,640.7,0.6,817,1.2536548,0.0,2,521216,0.07484504
0.07635446,0.9190846532583237,0.0147767775,4635.862912654877,641.7,0.7,819,1.240272,0.0,2,522240,0.07635446
0.07828053,0.8569643646478653,0.013661036,4643.157409667969,631.875,0.675,821,1.265443,0.0,2,523264,0.07828053
0.080061354,0.7515366971492767,0.011658973,4647.642425060272,627.325,0.575,822,1.2478135,0.0,1,524288,0.080061354
0.066636056,0.8993967324495316,0.013344994,4655.505959033966,613.45,0.525,824,1.2716196,0.0,2,525312,0.066636056
0.04277018,0.7868222892284393,0.004217591,4660.405408143997,612.825,0.525,825,1.2472295,0.0,1,526336,0.04277018
0.037052415,0.9109162613749504,0.00416464,4668.321034193039,619.45,0.65,827,1.3130462,0.0,2,527360,0.037052415
0.07138088,0.9189509004354477,0.011922298,4676.469319105148,614.85,0.8,829,1.2748742,0.0,2,528384,0.07138088
0.042947035,0.8306451886892319,0.00556307,4685.046913146973,611.15,0.675,831,1.271473,0.0,2,529408,0.042947035
0.06275372,0.8770445063710213,0.014053544,4689.824928998947,612.65,0.6,832,1.3182706,0.0,1,530432,0.06275372
0.041586116,0.8765706568956375,0.004005812,4697.653602838516,615.325,0.35,834,1.2935157,0.0,2,531456,0.041586116
0.06476987,0.8904435411095619,0.01099374,4702.392183542252,615.8,0.4,835,1.2687913,0.0,1,532480,0.06476987
0.07382466,0.914130337536335,0.013934927,4706.9844472408295,622.425,0.275,836,1.2813644,0.0,1,533504,0.07382466
0.07179029,0.8478653281927109,0.014396894,4714.707050085068,633.55,0.15,838,1.3076184,0.0,2,534528,0.07179029
0.07374054,0.8762579411268234,0.014161802,4722.148641109467,627.825,0.3,840,1.2577314,0.0,2,535552,0.07374054
0.061354592,0.8637726157903671,0.010558866,4726.5953810215,637.95,0.375,841,1.2565938,0.0,1,536576,0.061354592
0.065008044,0.8817640468478203,0.012209944,4734.40882396698,637.6,0.125,843,1.2576184,0.0,2,537600,0.065008044
0.092433885,0.8978381454944611,0.012357125,4739.799284934998,636.775,0.25,844,1.2591208,0.0,1,538624,0.092433885
0.034827746,0.8815493732690811,0.005336209,4748.341472625732,627.825,0.35,846,1.2623011,0.0,2,539648,0.034827746
0.0895178,0.858767569065094,0.013247997,4756.829853057861,618.975,0.35,848,1.3049277,0.0,2,540672,0.0895178
0.06464715,0.8355918824672699,0.014244208,4764.543520927429,621.95,0.1,850,1.2238344,0.0,2,541696,0.06464715
0.03898368,0.8306852579116821,0.004704038,4769.809733867645,618.825,0.175,851,1.218242,0.0,1,542720,0.03898368
0.06813148,0.8683575391769409,0.0122329295,4774.415281057358,625.7,0.1,852,1.2758679,0.0,1,543744,0.06813148
0.068475366,0.9112019315361977,0.010459814,4782.3377640247345,640.25,0.125,854,1.2460418,0.0,2,544768,0.068475366
0.06124404,0.9141001254320145,0.012856204,4786.825395822525,644.825,0.075,855,1.272569,0.0,1,545792,0.06124404
0.035634205,0.8760542348027229,0.0064161704,4794.427386760712,642.725,0.225,857,1.2425275,0.0,2,546816,0.035634205
0.06567618,0.8208155184984207,0.012993591,4802.017557859421,642.225,-0.05,859,1.30774,0.0,2,547840,0.06567618
0.09088608,0.9110053926706314,0.011462826,4806.367313861847,642.325,0.175,860,1.2484297,0.0,1,548864,0.09088608
0.07785854,0.7915061265230179,0.013403893,4813.862745761871,645.65,0.15,862,1.2398257,0.0,2,549888,0.07785854
0.07796536,0.9043088182806969,0.014362367,4821.922848939896,636.325,0.125,864,1.2959857,0.0,2,550912,0.07796536
0.05495666,0.7999516576528549,0.011400994,4829.279565572739,630.65,-0.075,866,1.2651777,0.0,2,551936,0.05495666
0.07484461,0.8401355445384979,0.013356965,4836.774818658829,626.05,-0.2,868,1.3060317,0.0,2,552960,0.07484461
0.034405682,0.9052212908864021,0.004799429,4841.650815963745,629.55,-0.375,869,1.2638416,0.0,1,553984,0.034405682
0.030963676,0.8145970404148102,0.0040747267,4849.298948049545,633.575,-0.425,871,1.2998109,0.0,2,555008,0.030963676
0.067984834,0.8923628255724907,0.012960985,4853.866823911667,634.875,-0.375,872,1.2518523,0.0,1,556032,0.067984834
0.06502567,0.8672457933425903,0.011512344,4861.394470453262,631.05,-0.2,874,1.2616316,0.0,2,557056,0.06502567
0.08595582,0.8926034867763519,0.014300771,4869.039504766464,625.0,-0.275,876,1.3525207,0.0,2,558080,0.08595582
0.069923796,0.8758090808987617,0.013735239,4878.041803359985,610.6,-0.25,878,1.2924727,0.0,2,559104,0.069923796
0.033877656,0.905554935336113,0.0040376945,4886.133189201355,611.6,-0.475,880,1.2694788,0.0,2,560128,0.033877656
0.06134484,0.9047003090381622,0.0135607235,4894.4127452373505,606.525,-0.35,882,1.2780951,0.0,2,561152,0.06134484
0.073863655,0.8540248572826385,0.013757756,4899.624724626541,601.7,-0.2,883,1.2782662,0.0,1,562176,0.073863655
0.061712686,0.9138622730970383,0.013857318,4907.508289575577,607.325,-0.275,885,1.2896965,0.0,2,563200,0.061712686
0.060214985,0.9008647426962852,0.011164738,4912.715969800949,614.15,-0.15,886,1.2724695,0.0,1,564224,0.060214985
0.07122169,0.8914752826094627,0.01398132,4917.5466067790985,617.075,-0.25,887,1.3014618,0.0,1,565248,0.07122169
0.06584565,0.8909714668989182,0.013827808,4925.504859685898,632.0,-0.05,889,1.2593508,0.0,2,566272,0.06584565
0.035832874,0.8929538577795029,0.0045363265,4929.935124635696,626.75,0.0,890,1.2165416,0.0,1,567296,0.035832874
0.0318404,0.887750044465065,0.0040958314,4938.324677228928,626.475,0.0,892,1.2683237,0.0,2,568320,0.0318404
0.061763175,0.8879173621535301,0.011530267,4943.3340628147125,626.375,-0.075,893,1.2969913,0.0,1,569344,0.061763175
0.055985767,0.9043454080820084,0.011930369,4951.467084169388,611.525,-0.125,895,1.2532237,0.0,2,570368,0.055985767
0.05934999,0.889311708509922,0.010481587,4959.267944574356,611.475,-0.35,897,1.292913,0.0,2,571392,0.05934999
0.082597,0.8790639191865921,0.014532454,4966.877876520157,610.05,-0.2,899,1.1759185,0.0,2,572416,0.082597
0.06651135,0.8072086870670319,0.013769057,4974.123192548752,611.25,-0.25,901,1.2785485,0.0,2,573440,0.06651135
0.057738997,0.8951120898127556,0.012830914,4981.788856744766,601.575,-0.4,903,1.2221227,0.0,2,574464,0.057738997
0.059876963,0.9165849462151527,0.012347009,4988.936679840088,604.45,-0.3,905,1.2389812,0.0,2,575488,0.059876963
0.060490735,0.9020438268780708,0.014377349,4993.702782392502,607.575,-0.1,906,1.1617535,0.0,1,576512,0.060490735
0.053444188,0.8634219616651535,0.011420473,5001.291162967682,610.775,-0.025,908,1.2497938,0.0,2,577536,0.053444188
0.03168975,0.8983382359147072,0.0041313386,5005.943726301193,614.575,0.025,909,1.2213826,0.0,1,578560,0.03168975
0.059083402,0.8819103688001633,0.013787292,5013.227758407593,614.3,-0.05,911,1.2003132,0.0,2,579584,0.059083402
0.073811635,0.8750870302319527,0.014944659,5021.557249069214,607.125,0.025,913,1.2139521,0.0,2,580608,0.073811635
0.06575078,0.854088619351387,0.012728989,5026.87571811676,607.1,-0.2,914,1.2310996,0.0,1,581632,0.06575078
0.03372602,0.8770431950688362,0.0041996883,5034.2375564575195,607.875,-0.275,916,1.1855383,0.0,2,582656,0.03372602
0.058513276,0.8282544165849686,0.012002602,5042.091274023056,614.9,-0.15,918,1.1937099,0.0,2,583680,0.058513276
0.059545573,0.8750921934843063,0.009947538,5049.640454292297,613.8,0.075,920,1.1502212,0.0,2,584704,0.059545573
0.02903988,0.9005601182579994,0.0042657605,5056.861211538315,614.65,0.125,922,1.2343895,0.0,2,585728,0.02903988
0.06364223,0.9029379114508629,0.013450379,5061.3524668216705,620.35,0.0,923,1.2279394,0.0,1,586752,0.06364223
0.06256695,0.889449417591095,0.011349908,5068.519230127335,616.675,0.05,925,1.1988529,0.0,2,587776,0.06256695
0.07078165,0.8159306645393372,0.013509152,5073.184660196304,616.225,0.05,926,1.1587805,0.0,1,588800,0.07078165
0.059788115,0.8544311970472336,0.01213743,5080.7236387729645,609.125,0.275,928,1.1761479,0.0,2,589824,0.059788115
0.054500423,0.7889715433120728,0.013881,5085.342390060425,610.45,0.225,929,1.1750493,0.0,1,590848,0.054500423
0.057802215,0.8499526977539062,0.014203101,5092.467571973801,598.15,0.1,931,1.2024157,0.0,2,591872,0.057802215
0.0636643,0.9068271145224571,0.010371335,5099.761805057526,597.225,0.225,933,1.1799107,0.0,2,592896,0.0636643
0.06947398,0.8766731545329094,0.0144413635,5107.351751804352,597.45,0.425,935,1.2240978,0.0,2,593920,0.06947398
0.058908287,0.8637706190347672,0.014349299,5114.920318365097,597.425,0.375,937,1.193841,0.0,2,594944,0.058908287
0.044231173,0.8615719676017761,0.0039571146,5119.32693529129,596.875,0.4,938,1.1761191,0.0,1,595968,0.044231173
0.06847121,0.9061804935336113,0.014662912,5126.966512203217,598.725,0.1,940,1.2122948,0.0,2,596992,0.06847121
0.06324523,0.9246833771467209,0.012083888,5134.151538133621,601.25,0.125,942,1.215234,0.0,2,598016,0.06324523
0.05640828,0.7772067487239838,0.012010976,5138.743530035019,609.25,0.05,943,1.1631773,0.0,1,599040,0.05640828
0.06815936,0.8571183681488037,0.011733667,5586.5320956707,611.0,-0.1,945,1.2344608,0.0,2,600064,0.06815936
0.0718378,0.8578647822141647,0.01133766,5591.067057132721,615.85,-0.1,946,1.1964734,0.0,1,601088,0.0718378
0.070324875,0.8051295131444931,0.012984132,5598.76590180397,615.3,0.0,948,1.205468,0.0,2,602112,0.070324875
0.059316464,0.8774097785353661,0.013078377,5606.571580410004,606.325,0.075,950,1.1606159,0.0,2,603136,0.059316464
0.0629513,0.8764593973755836,0.011776672,5611.319090843201,607.425,0.25,951,1.2089186,0.0,1,604160,0.0629513
0.06117878,0.9169972762465477,0.013214995,5619.270123243332,614.275,0.3,953,1.1652023,0.0,2,605184,0.06117878
0.056630507,0.9094209298491478,0.010830361,5624.466327190399,619.95,0.35,954,1.2016869,0.0,1,606208,0.056630507
0.07129827,0.842422753572464,0.0130984355,5632.0385825634,619.625,0.65,956,1.179529,0.0,2,607232,0.07129827
0.058213666,0.8410671055316925,0.012809947,5640.459432840347,614.225,0.375,958,1.2350891,0.0,2,608256,0.058213666
0.0814431,0.8494904041290283,0.011079512,5647.799967050552,617.975,0.15,960,1.1475055,0.0,2,609280,0.0814431
0.05986795,0.8982640877366066,0.013508681,5652.322432279587,619.725,0.25,961,1.189527,0.0,1,610304,0.05986795
0.06268801,0.9003148674964905,0.014652732,5659.5790865421295,620.25,0.275,963,1.2368749,0.0,2,611328,0.06268801
0.06618227,0.7586332857608795,0.01429872,5665.018654823303,619.425,0.15,964,1.2231591,0.0,1,612352,0.06618227
0.06431861,0.852219894528389,0.012938137,5669.5206508636475,625.825,0.0,965,1.2063398,0.0,1,613376,0.06431861
0.08183882,0.8908232897520065,0.014433073,5676.703446388245,626.7,-0.1,967,1.174011,0.0,2,614400,0.08183882
0.05472133,0.858526811003685,0.013550626,5681.196222543716,633.15,-0.175,968,1.2783668,0.0,1,615424,0.05472133
0.05426889,0.8141577690839767,0.012184,5688.792642593384,627.4,-0.4,970,1.16315,0.0,2,616448,0.05426889
0.060954858,0.8658104538917542,0.013494752,5693.448506593704,634.15,-0.3,971,1.1820492,0.0,1,617472,0.060954858
0.054637104,0.8731190711259842,0.011458913,5701.030544519424,634.975,-0.525,973,1.189225,0.0,2,618496,0.054637104
0.03810501,0.8876804113388062,0.0046760403,5705.556262731552,644.55,-0.625,974,1.1858642,0.0,1,619520,0.03810501
0.054522738,0.8902148306369781,0.01176448,5713.207439661026,645.075,-0.65,976,1.2034816,0.0,2,620544,0.054522738
0.058734972,0.8501961529254913,0.012980618,5721.557352542877,639.35,-0.7,978,1.1722268,0.0,2,621568,0.058734972
0.07163863,0.8718363493680954,0.013928024,5730.141974687576,636.7,-0.35,980,1.2194326,0.0,2,622592,0.07163863
0.067687094,0.9030281752347946,0.012054298,5738.204253435135,637.375,-0.15,982,1.2077603,0.0,2,623616,0.067687094
0.05925599,0.8857239782810211,0.013359477,5743.14293885231,635.975,-0.2,983,1.2179328,0.0,1,624640,0.05925599
0.07003485,0.9132391586899757,0.012465319,5751.147497653961,642.175,-0.075,985,1.1997068,0.0,2,625664,0.07003485
0.050040983,0.8895561769604683,0.013460442,5755.894087553024,637.175,-0.05,986,1.1874619,0.0,1,626688,0.050040983
0.061929435,0.8952932506799698,0.014682944,5764.134212255478,633.1,0.075,988,1.2380459,0.0,2,627712,0.061929435
0.06767088,0.8750281259417534,0.014102789,5771.788587093353,636.625,0.025,990,1.2669489,0.0,2,628736,0.06767088
0.05855919,0.9018232151865959,0.011601673,5779.470410346985,625.45,-0.125,992,1.2557322,0.0,2,629760,0.05855919
0.071657576,0.9082850068807602,0.01341905,5783.906767129898,627.9,-0.2,993,1.2633687,0.0,1,630784,0.071657576
0.052630678,0.8150532096624374,0.011157688,5792.145915269852,628.475,-0.375,995,1.2241921,0.0,2,631808,0.052630678
0.039834134,0.8818799555301666,0.005084612,5799.97175526619,624.675,-0.3,997,1.2321537,0.0,2,632832,0.039834134
0.071067154,0.8721369355916977,0.009794943,5804.529085636139,626.45,-0.125,998,1.2227752,0.0,1,633856,0.071067154
0.062071383,0.8832206800580025,0.014411777,5811.7006821632385,631.75,-0.05,1000,1.2000681,0.0,2,634880,0.062071383
0.06057215,0.8933616876602173,0.012378326,5819.111257314682,628.825,-0.2,1002,1.2337792,0.0,2,635904,0.06057215
0.060929433,0.753549337387085,0.012200425,5823.5623733997345,627.3,-0.175,1003,1.1754357,0.0,1,636928,0.060929433
0.06464616,0.8738587498664856,0.014907445,5831.385898351669,626.075,-0.125,1005,1.2061915,0.0,2,637952,0.06464616
0.057136893,0.9084696918725967,0.01428246,5836.078077316284,625.875,-0.125,1006,1.2436639,0.0,1,638976,0.057136893
0.056846883,0.9027211666107178,0.0141608305,5843.462734937668,621.65,-0.225,1008,1.2371827,0.0,2,640000,0.056846883
0.055559292,0.9067395478487015,0.014418727,5851.196679353714,619.525,-0.15,1010,1.2613312,0.0,2,641024,0.055559292
0.05039414,0.8648738861083984,0.014042905,5856.0267062187195,618.175,-0.175,1011,1.257852,0.0,1,642048,0.05039414
0.07242485,0.870807483792305,0.010532321,5864.182867050171,618.9,-0.2,1013,1.1803536,0.0,2,643072,0.07242485
0.061438464,0.8447847068309784,0.0106366165,5868.88198184967,617.45,-0.2,1014,1.2264705,0.0,1,644096,0.061438464
0.067371786,0.8515493422746658,0.014219485,5876.495071649551,622.15,-0.125,1016,1.1879125,0.0,2,645120,0.067371786
0.07060802,0.8429779708385468,0.013051288,5881.214091300964,624.5,-0.125,1017,1.2375987,0.0,1,646144,0.07060802
0.076101296,0.8132516443729401,0.011497347,5889.677691221237,628.05,-0.125,1019,1.1871367,0.0,2,647168,0.076101296
0.059370033,0.8857867792248726,0.013560853,5897.519785165787,626.85,-0.125,1021,1.2066191,0.0,2,648192,0.059370033
0.03277586,0.8214808404445648,0.0058670333,5905.193291902542,628.325,-0.325,1023,1.1827912,0.0,2,649216,0.03277586
0.065584645,0.8894204199314117,0.012609063,5910.159896850586,628.675,-0.275,1024,1.1896425,0.0,1,650240,0.065584645
0.055874623,0.8373625427484512,0.0098549705,5918.108754873276,628.125,-0.275,1026,1.1737312,0.0,2,651264,0.055874623
0.033895828,0.8027178347110748,0.0040909313,5922.649201869965,632.025,-0.3,1027,1.1665087,0.0,1,652288,0.033895828
0.071982324,0.8826336860656738,0.014361037,5935.750407934189,634.05,-0.45,1028,1.1669532,0.0,1,653312,0.071982324
0.074761,0.9207686856389046,0.013466479,6887.672297716141,638.275,-0.425,1030,1.1935863,0.0,2,654336,0.074761
0.056303695,0.8822561055421829,0.012711715,6891.844516992569,648.075,-0.325,1031,1.2183597,0.0,1,655360,0.056303695
