ev_tdlam_before,TimeElapsed,EpRewMean,EpLenMean,loss_ent,EpisodesSoFar,loss_vf_loss,loss_pol_entpen,EpThisIter,loss_pol_surr,TimestepsSoFar,loss_kl
-10.983232498168945,6.779311895370483,-4.857142857142857,537.0,2.0778246,7,0.41145143,0.0,7,-0.0018960016,4096,0.0016455664
-5.7385334968566895,13.644150257110596,-4.933333333333334,539.3333333333334,2.076798,15,0.13730954,0.0,8,-0.00096350815,8192,0.0032859826
-1.5599439144134521,20.034510374069214,-4.954545454545454,544.3636363636364,2.0768232,22,0.070336714,0.0,7,-0.0022286386,12288,0.004307167
-0.2648359537124634,26.27274990081787,-4.931034482758621,558.0,2.0767422,29,0.056964666,0.0,7,0.0017139486,16384,0.004717841
-0.033837080001831055,32.49241256713867,-4.916666666666667,557.3055555555555,2.0769222,36,0.056878712,0.0,7,5.4588774e-05,20480,0.0046167206
-0.010877490043640137,38.926411628723145,-4.930232558139535,564.2325581395348,2.0763159,43,0.05043229,0.0,7,0.0009182282,24576,0.0044785896
-0.010941386222839355,45.239453077316284,-4.92,572.64,2.0755968,50,0.04924019,0.0,7,0.0015990622,28672,0.0045593893
-0.007428884506225586,51.53441095352173,-4.9298245614035086,571.9649122807018,2.0742168,57,0.04952852,0.0,7,-0.0013799393,32768,0.004980633
-0.004648566246032715,57.86663103103638,-4.890625,573.296875,2.0730746,64,0.0591605,0.0,7,0.002736881,36864,0.0052598845
-0.0069200992584228516,64.08363008499146,-4.885714285714286,578.4285714285714,2.0730128,70,0.04559144,0.0,6,-0.0019760646,40960,0.0055018803
-0.01179039478302002,70.38498854637146,-4.883116883116883,580.5454545454545,2.0737603,77,0.0479209,0.0,7,0.002558969,45056,0.0043233633
-0.010546326637268066,77.58916807174683,-4.879518072289157,588.0481927710844,2.0719075,83,0.051172093,0.0,6,0.00043679652,49152,0.0045376453
-0.012583494186401367,84.72716856002808,-4.866666666666666,590.1777777777778,2.072,90,0.04904148,0.0,7,-4.731631e-05,53248,0.0050113257
-0.014343023300170898,91.02100706100464,-4.875,591.6354166666666,2.0734763,96,0.044755965,0.0,6,-0.000570058,57344,0.004651275
-0.006675839424133301,97.5792133808136,-4.89,592.35,2.0740168,103,0.04681568,0.0,7,0.00056253816,61440,0.004489922
-0.014986634254455566,104.25718235969543,-4.88,601.07,2.0744789,110,0.047241103,0.0,7,0.00024072407,65536,0.0043852995
-0.004484057426452637,110.84636759757996,-4.88,604.24,2.076061,116,0.04778724,0.0,6,0.0011482688,69632,0.0046223225
-0.011817336082458496,117.78565835952759,-4.87,607.95,2.075074,123,0.047967866,0.0,7,0.0002602553,73728,0.004316816
-0.010209798812866211,124.31421542167664,-4.88,610.48,2.0752032,129,0.041894075,0.0,6,0.0012689363,77824,0.004727369
-0.005041599273681641,130.65057635307312,-4.87,620.01,2.074993,135,0.047285404,0.0,6,-0.0011243987,81920,0.0049254904
-0.0026018619537353516,137.62839221954346,-4.86,625.57,2.076459,141,0.045061227,0.0,6,0.001278849,86016,0.00537138
-0.011106371879577637,143.9743993282318,-4.86,619.84,2.0756986,148,0.051368475,0.0,7,-0.0008605793,90112,0.004655657
-0.013099193572998047,150.49399638175964,-4.86,622.17,2.073512,155,0.04543083,0.0,7,0.00094423234,94208,0.00499856
-0.014869332313537598,157.00099802017212,-4.87,621.66,2.0740747,163,0.054157387,0.0,8,0.0002287993,98304,0.00509027
-0.006025195121765137,163.4095959663391,-4.86,618.14,2.074315,170,0.05404147,0.0,7,0.0011519517,102400,0.0049661496
-0.012263059616088867,169.76454544067383,-4.87,617.54,2.0749738,177,0.045511447,0.0,7,0.0016223008,106496,0.0046351408
-0.00765073299407959,176.47657990455627,-4.89,608.99,2.0750904,184,0.04806705,0.0,7,0.0018446891,110592,0.0039523235
-0.012710809707641602,183.08417344093323,-4.9,610.53,2.0736928,190,0.044619907,0.0,6,0.0014762175,114688,0.0036431474
-0.011739373207092285,189.65117406845093,-4.9,607.91,2.0739205,197,0.04304065,0.0,7,0.0011817099,118784,0.004157146
-0.008305668830871582,196.09322667121887,-4.89,609.04,2.073165,204,0.053569764,0.0,7,0.00089579495,122880,0.0047096973
-0.01337134838104248,202.6022069454193,-4.88,611.56,2.07368,210,0.044560567,0.0,6,0.0011091998,126976,0.004852037
-0.003291010856628418,209.15217351913452,-4.86,618.76,2.0734408,216,0.04636665,0.0,6,0.0011023965,131072,0.0043493155
-0.011190056800842285,215.65596532821655,-4.86,617.35,2.074006,222,0.052630056,0.0,6,-0.00086735655,135168,0.0046543865
-0.015213727951049805,221.78496551513672,-4.84,618.45,2.0730698,229,0.048175227,0.0,7,-0.0011207594,139264,0.0047459337
-0.013131976127624512,228.10696625709534,-4.86,604.12,2.0728657,237,0.0529397,0.0,8,0.00023763895,143360,0.0045802207
-0.0070378780364990234,234.22496461868286,-4.84,606.43,2.0725017,243,0.048910283,0.0,6,0.00048105716,147456,0.0048038266
0.005401670932769775,240.4589650630951,-4.84,603.92,2.0703416,250,0.05104704,0.0,7,0.00028467705,151552,0.003937356
0.011135220527648926,246.89847660064697,-4.84,605.49,2.0703723,256,0.044494785,0.0,6,0.00016736519,155648,0.004247377
0.07801192998886108,253.16999411582947,-4.85,607.69,2.069914,263,0.04494209,0.0,7,-0.0019240864,159744,0.004014659
0.23244941234588623,259.4085659980774,-4.85,611.1,2.0699651,270,0.034478605,0.0,7,-0.00031755283,163840,0.0042793117
0.3299523591995239,265.50056648254395,-4.83,614.01,2.0675628,277,0.035559434,0.0,7,-0.0013471273,167936,0.0043594018
0.4037555456161499,271.9504132270813,-4.83,618.79,2.0686798,283,0.030813444,0.0,6,0.0013290005,172032,0.0041123466
0.5194490849971771,278.38646697998047,-4.82,618.03,2.0694683,290,0.030901125,0.0,7,-0.0006776572,176128,0.004348422
0.5354464650154114,284.7215235233307,-4.82,614.48,2.0681627,297,0.028719226,0.0,7,0.0028425902,180224,0.004532471
0.5421459972858429,291.149525642395,-4.81,613.98,2.0670195,304,0.03504001,0.0,7,0.0005200709,184320,0.0042906525
0.6029212474822998,297.58414578437805,-4.84,604.81,2.066517,311,0.027975481,0.0,7,-0.000156502,188416,0.0048275045
0.624709814786911,304.1291470527649,-4.84,597.82,2.064575,318,0.032456502,0.0,7,0.000106636435,192512,0.004438661
0.6564119756221771,310.6931450366974,-4.85,594.76,2.0635135,325,0.029137004,0.0,7,0.0033752245,196608,0.004120075
0.6740210652351379,317.2141454219818,-4.85,595.18,2.063058,332,0.02869182,0.0,7,0.0012012203,200704,0.0042256145
0.7137306928634644,323.478146314621,-4.85,600.72,2.057865,339,0.022150118,0.0,7,0.00012547546,204800,0.004809305
0.6664007902145386,329.8671462535858,-4.86,596.99,2.054353,346,0.027418649,0.0,7,-0.0006822122,208896,0.004669766
0.751188799738884,336.2941460609436,-4.87,599.38,2.0521746,353,0.022167921,0.0,7,-0.0018588661,212992,0.0043792473
0.7181099951267242,342.8214988708496,-4.88,587.63,2.0492034,360,0.023640549,0.0,7,-0.00019341044,217088,0.0047120955
0.6778127253055573,349.6800916194916,-4.89,591.84,2.0479567,367,0.031494275,0.0,7,-0.0003237496,221184,0.004688948
0.7049602270126343,356.6166281700134,-4.9,588.18,2.0458353,374,0.026282512,0.0,7,-0.0016541289,225280,0.004457256
0.7265888154506683,363.07562804222107,-4.89,582.77,2.0419958,381,0.02504214,0.0,7,9.6417265e-05,229376,0.004519228
0.7432135939598083,369.55196356773376,-4.9,585.06,2.0454035,388,0.023290442,0.0,7,0.0026408737,233472,0.0040702443
0.7607888877391815,376.04036235809326,-4.9,589.22,2.04771,394,0.023154669,0.0,6,-0.0024117269,237568,0.0039317426
0.728412389755249,382.7359564304352,-4.88,595.05,2.0446196,401,0.028367272,0.0,7,0.00026183948,241664,0.004424325
0.7167578637599945,389.0365047454834,-4.88,601.58,2.0458126,407,0.030526668,0.0,6,-0.00078494847,245760,0.0042077294
0.6673227250576019,395.5239553451538,-4.86,606.64,2.048428,412,0.031209854,0.0,5,-0.0009456637,249856,0.004071019
0.6911595463752747,409.41407084465027,-4.88,613.21,2.0454178,419,0.035321195,0.0,7,-0.0015323022,253952,0.0041757515
0.7212293446063995,415.8660378456116,-4.89,614.03,2.037979,425,0.029807769,0.0,6,0.00017567864,258048,0.0048364187
0.7021304965019226,421.9070372581482,-4.86,618.05,2.0394049,431,0.032563083,0.0,6,-0.0006611827,262144,0.004324327
0.6775904893875122,428.37303709983826,-4.84,618.15,2.0371294,438,0.037785,0.0,7,0.00014649075,266240,0.0043423795
0.7128520309925079,434.83515882492065,-4.82,620.61,2.0363922,445,0.030527625,0.0,7,-0.00010389567,270336,0.0042088614
0.6951267719268799,440.9841573238373,-4.82,625.44,2.037705,450,0.027968826,0.0,5,-0.0003649469,274432,0.004089559
0.7524895817041397,447.63244342803955,-4.8,630.47,2.034994,457,0.02424442,0.0,7,0.0005290711,278528,0.004591789
0.715168297290802,454.02444314956665,-4.8,646.4,2.0309982,463,0.026153842,0.0,6,-0.00045670487,282624,0.0043217074
0.7372356057167053,460.5547616481781,-4.81,641.72,2.0263834,469,0.026763987,0.0,6,-0.00086437457,286720,0.0043412605
0.6352586150169373,467.01576256752014,-4.78,647.51,2.0290048,476,0.03540152,0.0,7,0.0024643433,290816,0.0047452683
0.7360847592353821,473.4897618293762,-4.79,646.05,2.0268033,482,0.02534422,0.0,6,-0.0012822751,294912,0.004178507
0.6942918598651886,480.10341358184814,-4.76,649.1,2.022801,489,0.032365352,0.0,7,0.00017020514,299008,0.0046244864
0.8068536221981049,486.3543744087219,-4.76,654.12,2.0205643,495,0.019427888,0.0,6,0.0012778982,303104,0.0043018647
0.7389806807041168,492.8154101371765,-4.77,658.65,2.013961,500,0.025166452,0.0,5,0.00038571208,307200,0.0040070144
0.7555037289857864,499.10137462615967,-4.79,646.03,2.0124416,508,0.02774481,0.0,8,-0.0003821476,311296,0.004039164
0.7912642955780029,505.7183747291565,-4.78,633.7,2.0161276,515,0.020983579,0.0,7,0.0011609327,315392,0.004306137
0.6322475969791412,512.0183773040771,-4.76,644.67,2.0200174,521,0.036911305,0.0,6,0.0012835587,319488,0.004288029
0.6985279023647308,518.4183790683746,-4.76,645.31,2.019593,527,0.026594924,0.0,6,0.0012244508,323584,0.0045440183
0.7115112245082855,524.8004357814789,-4.77,644.57,2.0184925,533,0.028401757,0.0,6,0.0014571988,327680,0.0046234336
0.7714730054140091,531.0237195491791,-4.79,639.12,2.015651,541,0.024602365,0.0,8,-0.00028054847,331776,0.004387524
0.7502342313528061,537.5537495613098,-4.81,642.41,2.0101192,547,0.025779933,0.0,6,8.472416e-06,335872,0.003738956
0.7668347805738449,544.1810715198517,-4.81,638.02,2.0105813,553,0.024507962,0.0,6,-0.00078561105,339968,0.0039596464
0.7154715657234192,550.5369076728821,-4.81,640.85,2.0075932,560,0.02801174,0.0,7,0.0006477253,344064,0.0042157485
0.7306971848011017,556.8220791816711,-4.8,631.01,2.0087426,567,0.029860226,0.0,7,0.0024462407,348160,0.00437933
0.7402636408805847,562.9990801811218,-4.81,633.05,2.0082853,573,0.027761208,0.0,6,-0.00019505038,352256,0.004722017
0.7337329089641571,569.2040798664093,-4.81,625.41,2.0109913,581,0.024799427,0.0,8,-0.0011488437,356352,0.00428497
0.7513633370399475,575.5457105636597,-4.82,624.28,2.006812,587,0.023245126,0.0,6,-0.0006079378,360448,0.003924893
0.7554913312196732,581.9873943328857,-4.82,629.11,2.010454,593,0.024751075,0.0,6,-0.0012852297,364544,0.003709195
0.8183469623327255,588.4388539791107,-4.83,619.4,2.0062249,600,0.018493153,0.0,7,-0.0020442023,368640,0.0040155393
0.7766747772693634,594.5763845443726,-4.82,625.41,2.0026062,606,0.023463983,0.0,6,0.0004994153,372736,0.0037846845
0.7444984316825867,601.0449049472809,-4.83,626.55,2.0047476,613,0.02381114,0.0,7,0.0025224604,376832,0.003830543
0.7575179487466812,607.6640245914459,-4.85,620.07,2.0084238,620,0.02366286,0.0,7,-0.00033829594,380928,0.0038988816
0.713406503200531,615.00133228302,-4.86,618.78,2.008319,626,0.025543312,0.0,6,0.0012132622,385024,0.004055469
0.7330531179904938,621.7808468341827,-4.87,620.25,2.01256,633,0.024638776,0.0,7,-0.001989288,389120,0.0039825547
0.7661186009645462,628.1098470687866,-4.88,625.65,2.0148633,639,0.021706522,0.0,6,0.00089684455,393216,0.0037378517
0.7592041194438934,634.388186454773,-4.88,622.03,2.0171459,646,0.023033313,0.0,7,-0.0013083385,397312,0.003908978
0.7435013949871063,640.7801864147186,-4.89,614.95,2.0168571,653,0.023884993,0.0,7,-0.0019865527,401408,0.0037314887
0.7858028560876846,647.3399860858917,-4.9,611.88,2.0196404,660,0.02189074,0.0,7,-0.00078021875,405504,0.0036556935
0.7971398830413818,653.7429857254028,-4.92,610.96,2.026372,667,0.02052662,0.0,7,-0.0009776985,409600,0.0039151995
0.7531385719776154,660.179101228714,-4.92,608.9,2.0252411,674,0.02593382,0.0,7,-0.0018804664,413696,0.003531296
0.7439562082290649,666.4851016998291,-4.92,613.52,2.023007,680,0.028072013,0.0,6,0.0009979876,417792,0.003984789
0.7488041818141937,672.9334707260132,-4.9,612.66,2.0177956,687,0.026746748,0.0,7,0.0007133854,421888,0.0039500073
0.7418273091316223,679.2154710292816,-4.92,609.43,2.013841,693,0.025833141,0.0,6,0.0008606957,425984,0.004042962
0.7909798473119736,685.5264704227448,-4.9,611.55,2.0114899,700,0.021253424,0.0,7,-0.00020430377,430080,0.0038389058
0.7265138626098633,691.870481967926,-4.9,611.67,2.0043678,706,0.028690124,0.0,6,-0.00029735162,434176,0.0037135994
0.7182292342185974,698.0953145027161,-4.89,610.95,2.0094497,713,0.029018782,0.0,7,0.0002555484,438272,0.0040680743
0.7725238502025604,704.4295520782471,-4.89,618.37,2.004423,719,0.020271651,0.0,6,0.0005854005,442368,0.004198175
0.7707675993442535,710.8072378635406,-4.88,617.87,1.9985065,725,0.023827024,0.0,6,-0.0011335905,446464,0.0043465043
0.7340610325336456,717.3192355632782,-4.88,622.99,1.9979608,731,0.024376255,0.0,6,0.0016631575,450560,0.004008619
0.753735363483429,723.7352356910706,-4.89,620.17,2.0029516,738,0.024131227,0.0,7,-0.0012081006,454656,0.004039044
0.7498097717761993,729.9812352657318,-4.87,618.58,2.0000286,745,0.027350131,0.0,7,0.0007109961,458752,0.0038627456
0.7675562798976898,736.3801026344299,-4.86,625.14,2.0061884,751,0.02489859,0.0,6,0.0008599332,462848,0.0038755343
0.7575069218873978,742.8275773525238,-4.85,621.85,2.00754,759,0.024946563,0.0,8,-0.00028964644,466944,0.0038258845
0.7793384492397308,749.2475786209106,-4.83,629.87,2.008449,765,0.02509726,0.0,6,-0.00056680315,471040,0.0036516245
0.7768871188163757,755.4095764160156,-4.82,634.47,2.0053287,771,0.025527893,0.0,6,4.4297893e-05,475136,0.0040001743
0.7375339865684509,761.5979325771332,-4.8,645.18,2.006192,776,0.026178233,0.0,5,-0.00020044553,479232,0.0036923173
0.744109183549881,767.8548974990845,-4.8,646.5,2.0054264,782,0.028700707,0.0,6,0.0009413115,483328,0.0038049805
0.7992808818817139,774.0788955688477,-4.81,639.74,2.00754,790,0.021887492,0.0,8,-0.001534356,487424,0.003883599
0.7863032221794128,780.2408957481384,-4.82,641.62,2.0081253,796,0.021767793,0.0,6,0.0019798283,491520,0.0037705523
0.7591682970523834,786.6054108142853,-4.8,647.28,2.0077114,802,0.025756976,0.0,6,-0.0005230679,495616,0.0038763057
0.7560276985168457,792.9504108428955,-4.8,648.59,2.0092835,808,0.024094626,0.0,6,-0.00037886365,499712,0.0037784593
0.7591674774885178,805.4434111118317,-4.84,650.03,2.007847,814,0.026255874,0.0,6,0.00028641056,503808,0.0037482753
0.7623326331377029,811.6614127159119,-4.84,641.58,2.0050468,821,0.026994506,0.0,7,0.0011440911,507904,0.0041157543
0.7695742100477219,817.9804120063782,-4.84,639.24,2.001764,828,0.023606684,0.0,7,-0.0013520522,512000,0.004035504
0.7766130864620209,824.3094129562378,-4.83,640.76,2.0034685,834,0.022807056,0.0,6,0.002872593,516096,0.0037664464
0.7654609829187393,830.5904107093811,-4.82,636.42,2.0037653,841,0.025471402,0.0,7,-0.0006074859,520192,0.0038961964
0.8090543001890182,836.8524124622345,-4.85,633.01,2.0015094,848,0.019098062,0.0,7,-0.0010118955,524288,0.0039689657
0.7282410860061646,843.220410823822,-4.82,633.23,2.0002356,856,0.031090183,0.0,8,0.0032273377,528384,0.0037796989
0.7238426804542542,849.4614105224609,-4.82,636.53,2.006522,861,0.022644792,0.0,5,-0.0011466668,532480,0.0038444719
0.7365910410881042,855.7554111480713,-4.84,627.33,2.000642,869,0.02610233,0.0,8,0.0016266098,536576,0.0036027757
0.7396671772003174,862.2498738765717,-4.83,617.81,2.0019841,875,0.028392173,0.0,6,5.069247e-05,540672,0.0036246157
0.8032632172107697,868.8648715019226,-4.85,614.62,2.002243,882,0.019032031,0.0,7,0.00035308977,544768,0.0034439466
0.7891890406608582,875.368912935257,-4.85,615.67,2.0047548,889,0.021006422,0.0,7,-0.00028828904,548864,0.0035683198
0.7826894074678421,881.9419364929199,-4.86,610.16,2.001531,896,0.025658485,0.0,7,0.0005876499,552960,0.0035190848
0.7968440800905228,888.3514902591705,-4.87,609.52,2.0062072,903,0.019978227,0.0,7,-7.1431044e-05,557056,0.0038588052
0.8431520760059357,894.5935113430023,-4.85,599.35,2.0030966,910,0.01751357,0.0,7,-0.0006811125,561152,0.0038572769
0.7777488529682159,900.892037153244,-4.86,604.54,2.0075085,915,0.02137308,0.0,5,-0.0029667842,565248,0.0035223917
0.7797359675168991,907.1850371360779,-4.87,606.14,2.0069594,922,0.022080397,0.0,7,-0.00086794596,569344,0.0036712233
0.7841349542140961,913.5065507888794,-4.86,613.03,2.0061777,928,0.022500383,0.0,6,-0.0007244597,573440,0.0034659225
0.7458218634128571,919.6125495433807,-4.85,612.75,2.0054326,934,0.025559727,0.0,6,0.0002665131,577536,0.0033522362
0.792305663228035,925.821567773819,-4.86,616.71,2.0084894,941,0.022077097,0.0,7,-0.0011870642,581632,0.0037458253
0.8176589161157608,931.901570558548,-4.86,619.72,2.0130043,948,0.020239547,0.0,7,-0.0021041587,585728,0.003932314
0.8011088073253632,938.2550556659698,-4.89,620.37,2.016029,954,0.020953812,0.0,6,-0.0013369492,589824,0.0036348086
0.7885783165693283,944.5520555973053,-4.88,620.64,2.0157013,961,0.023299553,0.0,7,-0.0012908323,593920,0.003578796
0.7972970753908157,950.7730555534363,-4.88,625.13,2.0114532,967,0.022267412,0.0,6,0.0003047391,598016,0.0033640051
0.7701689898967743,957.0560648441315,-4.91,623.67,2.0058565,973,0.025901131,0.0,6,-0.0017084446,602112,0.0034980108
0.7348297536373138,963.4070556163788,-4.9,623.37,2.0101557,980,0.030622872,0.0,7,0.0008329022,606208,0.003562226
0.7715185582637787,969.7540557384491,-4.88,624.6,2.0122554,987,0.02232574,0.0,7,-0.0014332605,610304,0.0031660174
0.7855481505393982,976.1252403259277,-4.87,629.96,2.0145957,994,0.021616565,0.0,7,0.00088439044,614400,0.0033914137
0.7289943993091583,982.3602395057678,-4.87,638.88,2.0180473,999,0.025163162,0.0,5,0.0015984249,618496,0.0036016817
0.8206775635480881,988.5862421989441,-4.87,637.03,2.0158858,1006,0.017480211,0.0,7,0.0014398046,622592,0.0038666646
0.7145071625709534,994.7742431163788,-4.84,639.18,2.0150483,1012,0.03211113,0.0,6,0.00021732808,626688,0.0035416782
0.7765241861343384,1001.0549917221069,-4.82,636.82,2.0152535,1019,0.024166161,0.0,7,-0.0022552726,630784,0.0036505365
0.8341677337884903,1007.2782249450684,-4.84,637.99,2.0138795,1025,0.017023498,0.0,6,-0.000338095,634880,0.003278756
0.8118390738964081,1013.4052276611328,-4.84,636.83,2.0042105,1031,0.019983666,0.0,6,-0.00042385646,638976,0.003454813
0.7507362216711044,1019.6422271728516,-4.83,635.06,2.009285,1037,0.028377376,0.0,6,0.00027797738,643072,0.0035656088
0.8042944073677063,1025.8812272548676,-4.83,638.29,2.011649,1044,0.019499037,0.0,7,0.00093382417,647168,0.003654473
0.7995416820049286,1032.1874890327454,-4.82,642.9,2.0093145,1049,0.020984946,0.0,5,0.0006748149,651264,0.0036897478
0.8136833012104034,1038.4374873638153,-4.8,643.31,2.0127237,1056,0.021885067,0.0,7,0.00017723814,655360,0.0031119671
0.8307557255029678,1044.5444893836975,-4.82,643.69,2.0116384,1063,0.017800067,0.0,7,-0.00045173313,659456,0.0032621091
0.7476566433906555,1050.794046163559,-4.83,637.48,2.011903,1069,0.026025733,0.0,6,0.0005909661,663552,0.0033796567
0.7630167603492737,1056.922013759613,-4.84,644.25,2.0103943,1076,0.02116114,0.0,7,0.0008580837,667648,0.0035118326
0.7899069637060165,1063.1210134029388,-4.86,636.3,2.0157583,1083,0.019902835,0.0,7,0.0018240814,671744,0.0035618355
0.7443036735057831,1069.561743736267,-4.84,636.48,2.0176234,1090,0.026474947,0.0,7,0.00025886227,675840,0.0035171371
0.7445759177207947,1075.6797456741333,-4.82,631.72,2.0223367,1097,0.026570546,0.0,7,-0.00018076485,679936,0.0038579179
0.8116426169872284,1081.9427428245544,-4.83,629.89,2.0186684,1104,0.019456148,0.0,7,-0.0014445581,684032,0.0036262965
0.7370871007442474,1088.157775402069,-4.82,630.49,2.0165997,1110,0.028398369,0.0,6,0.0008415789,688128,0.003654896
0.8161670118570328,1094.3182353973389,-4.86,622.17,2.0137253,1117,0.019362004,0.0,7,0.00018819672,692224,0.0034201564
0.8045323491096497,1100.536201953888,-4.86,619.57,2.0164435,1124,0.019578265,0.0,7,-0.000550866,696320,0.0033292074
0.7756936103105545,1106.6792011260986,-4.86,613.94,2.0113585,1131,0.023322314,0.0,7,0.0005923668,700416,0.0042213043
0.7924482822418213,1112.914202451706,-4.89,608.94,2.0106242,1138,0.020960575,0.0,7,0.00064862927,704512,0.0037412078
0.7584249973297119,1119.1732008457184,-4.89,605.37,2.0069487,1145,0.02487818,0.0,7,0.0005260848,708608,0.003744293
0.7911153584718704,1125.4232006072998,-4.91,603.14,2.0030205,1151,0.021354612,0.0,6,-0.001355994,712704,0.0039697224
0.7938673943281174,1131.5372009277344,-4.9,607.39,1.9979559,1157,0.021407431,0.0,6,0.00046734663,716800,0.0037544062
0.8170908689498901,1137.8985211849213,-4.9,608.94,2.002404,1163,0.0174026,0.0,6,0.0025133933,720896,0.003541776
0.8006737232208252,1144.1575212478638,-4.91,605.79,2.0050097,1170,0.020599604,0.0,7,0.001374976,724992,0.0034607993
0.7811168730258942,1150.3245213031769,-4.9,603.11,2.0039675,1178,0.023525598,0.0,8,0.00015329174,729088,0.0033251152
0.7825619131326675,1156.5466766357422,-4.89,606.24,2.0010548,1184,0.023325484,0.0,6,-0.00020213984,733184,0.0032940863
0.8136770874261856,1162.7165205478668,-4.91,611.81,2.0025136,1191,0.018361444,0.0,7,-5.7138852e-05,737280,0.0038540065
0.8156048804521561,1168.9614188671112,-4.92,608.48,2.0028036,1198,0.022356672,0.0,7,-0.0009391536,741376,0.003505671
0.8017242699861526,1175.1734187602997,-4.92,610.3,2.0035229,1204,0.018799677,0.0,6,0.0015287611,745472,0.0036037965
0.8420990109443665,1181.430418252945,-4.94,604.19,2.0056403,1212,0.017566817,0.0,8,-0.002211757,749568,0.003304081
0.8368773907423019,1194.416419506073,-4.97,610.79,2.0033097,1218,0.017948845,0.0,6,-0.00081683707,753664,0.0032500045
0.680269330739975,1200.7988131046295,-4.95,618.28,2.0033479,1224,0.030682137,0.0,6,-0.0022618128,757760,0.0037223701
0.7585070580244064,1207.1157715320587,-4.94,622.01,2.005193,1229,0.022553658,0.0,5,0.002270438,761856,0.0036152184
0.8081298470497131,1213.3690745830536,-4.94,626.9,2.0000432,1236,0.016760726,0.0,7,0.0025406594,765952,0.0039032665
0.7994015216827393,1219.327074289322,-4.93,626.51,1.9979622,1243,0.020242315,0.0,7,0.0011385251,770048,0.0037064715
0.7700159698724747,1225.4640753269196,-4.91,633.24,2.0001543,1248,0.025012927,0.0,5,-0.0010536406,774144,0.0037579609
0.8053801208734512,1231.6850745677948,-4.91,635.52,1.9982748,1254,0.019164287,0.0,6,0.00060740876,778240,0.0037681237
0.8166370391845703,1237.8050742149353,-4.92,631.63,1.9994639,1261,0.019057523,0.0,7,0.0016401651,782336,0.0035264953
0.8245819061994553,1243.9290759563446,-4.92,625.53,2.0047653,1268,0.018081447,0.0,7,-0.0010263291,786432,0.003326287
0.810758039355278,1250.132074356079,-4.93,632.83,2.0101404,1275,0.018675748,0.0,7,-0.0034231772,790528,0.0027456852
0.7972628623247147,1256.3924293518066,-4.92,638.28,2.0071177,1281,0.022977555,0.0,6,0.00070066866,794624,0.0028344085
0.8131067007780075,1262.6564297676086,-4.92,630.78,2.0034966,1288,0.01951285,0.0,7,0.0011048175,798720,0.0028872758
0.8387027084827423,1269.3640503883362,-4.93,634.36,2.003694,1294,0.017837983,0.0,6,0.0011214395,802816,0.003202014
0.8003400713205338,1275.8610541820526,-4.92,638.39,2.0050726,1300,0.022947246,0.0,6,0.0021208157,806912,0.0031891856
0.8377603739500046,1282.0995657444,-4.92,643.94,2.0045688,1307,0.018159725,0.0,7,-0.0001508774,811008,0.0033134022
0.776849091053009,1288.3650753498077,-4.88,642.96,1.9968406,1313,0.025763143,0.0,6,0.0011678488,815104,0.0035464647
0.8017862141132355,1294.646160364151,-4.86,646.58,1.9918033,1319,0.023087107,0.0,6,0.0028811945,819200,0.0035073601
0.8062027990818024,1300.9095542430878,-4.85,642.01,1.9901283,1325,0.024420712,0.0,6,0.0004113022,823296,0.0035721199
0.8093301057815552,1307.3374218940735,-4.84,645.64,1.9900379,1331,0.022158531,0.0,6,0.0011163767,827392,0.00328819
0.7958608716726303,1313.6580367088318,-4.82,650.64,1.9892825,1337,0.022113618,0.0,6,0.0007796587,831488,0.0034336455
0.8030970543622971,1319.8795127868652,-4.82,655.59,1.985536,1343,0.021702224,0.0,6,-0.0011218976,835584,0.0037120457
0.7923937290906906,1326.1474397182465,-4.83,652.08,1.9872459,1349,0.022709232,0.0,6,0.0013536599,839680,0.0029878786
0.8375686854124069,1332.5835659503937,-4.84,647.53,1.9893907,1356,0.018591486,0.0,7,6.280886e-05,843776,0.0032754252
0.80515156686306,1338.9363236427307,-4.83,648.78,1.9883865,1363,0.02402185,0.0,7,0.0007531466,847872,0.0034637756
0.8339352160692215,1345.2742137908936,-4.83,649.39,1.9902703,1369,0.019086683,0.0,6,0.0006512857,851968,0.0034309095
0.8507199138402939,1351.7653498649597,-4.82,656.14,1.9881812,1375,0.015112976,0.0,6,0.0004116746,856064,0.003352061
0.7663991451263428,1358.1734862327576,-4.81,655.16,1.9844925,1381,0.02620079,0.0,6,-0.00011336105,860160,0.0032480129
0.8105156272649765,1364.6214916706085,-4.8,658.35,1.9869425,1387,0.021430401,0.0,6,-0.0006049632,864256,0.003052953
0.8124512434005737,1371.3502864837646,-4.8,654.79,1.9851135,1394,0.019778112,0.0,7,-0.0010686924,868352,0.0036255198
0.8172736316919327,1377.9055240154266,-4.81,656.0,1.9864098,1400,0.018327372,0.0,6,0.002738092,872448,0.003099657
0.8335606753826141,1384.2687859535217,-4.8,652.34,1.986198,1407,0.0189584,0.0,7,-0.00011296803,876544,0.0032719474
0.7869337052106857,1390.9804682731628,-4.8,650.56,1.986348,1413,0.026046634,0.0,6,-0.000353095,880640,0.0034811315
0.8499653339385986,1397.6841928958893,-4.83,648.54,1.9911394,1420,0.017495627,0.0,7,4.4745044e-05,884736,0.0033027695
0.8356194198131561,1404.0703582763672,-4.84,649.98,1.9920101,1426,0.01801718,0.0,6,6.803183e-05,888832,0.0032266665
0.813478946685791,1410.388091802597,-4.86,642.13,1.9904344,1433,0.019378582,0.0,7,0.00034093368,892928,0.0034413608
0.7733769714832306,1416.7520215511322,-4.84,636.45,1.9912238,1439,0.026861144,0.0,6,0.0005721077,897024,0.0034755666
0.8245523571968079,1423.4866683483124,-4.85,635.26,1.988194,1446,0.018886078,0.0,7,0.0028065112,901120,0.003291232
0.836803212761879,1429.7576684951782,-4.85,635.61,1.9862348,1452,0.019342763,0.0,6,0.0013596988,905216,0.0034447373
0.8091841489076614,1435.9538679122925,-4.84,637.8,1.983002,1459,0.021117467,0.0,7,-9.968737e-05,909312,0.003250414
0.8300494849681854,1442.1379837989807,-4.85,640.53,1.9812628,1465,0.016867382,0.0,6,-0.0020408656,913408,0.0032078263
0.8055799454450607,1448.3818805217743,-4.86,637.71,1.979482,1472,0.020194316,0.0,7,-0.00085426203,917504,0.0033907862
0.8256706297397614,1454.6761248111725,-4.87,635.59,1.972528,1477,0.016385678,0.0,5,0.0013964945,921600,0.0032029168
0.7890325635671616,1461.1133155822754,-4.88,635.95,1.9680605,1484,0.021940231,0.0,7,0.0018398701,925696,0.0035593119
0.8343380391597748,1467.617907524109,-4.9,632.92,1.9639095,1491,0.016490525,0.0,7,0.0007804374,929792,0.003405175
0.803203821182251,1474.1190614700317,-4.89,635.91,1.9630249,1496,0.020433672,0.0,5,0.0014450008,933888,0.0032052014
0.7959028035402298,1480.3544039726257,-4.88,640.15,1.9638209,1502,0.021280881,0.0,6,-0.0010841748,937984,0.0032594386
0.8345182538032532,1486.6982853412628,-4.88,648.84,1.9670341,1508,0.019074641,0.0,6,-0.0028701427,942080,0.0032925378
0.764538586139679,1492.7504074573517,-4.89,650.46,1.9666815,1514,0.025573842,0.0,6,4.434772e-05,946176,0.0032589522
0.7971757650375366,1499.066447019577,-4.87,647.73,1.9700449,1521,0.022459282,0.0,7,0.00096566713,950272,0.0029058135
0.8463998138904572,1505.3372955322266,-4.86,643.37,1.9760007,1528,0.016821565,0.0,7,0.00037415227,954368,0.0028581086
0.8399145007133484,1511.6471734046936,-4.88,644.02,1.9756507,1534,0.017037664,0.0,6,0.0020582567,958464,0.0029645464
0.7663250267505646,1517.940236568451,-4.89,645.7,1.9710085,1541,0.026199194,0.0,7,0.00046786177,962560,0.0029882584
0.8165467977523804,1524.4950363636017,-4.89,645.99,1.9683164,1547,0.021276794,0.0,6,0.00035062397,966656,0.0028129877
0.8199533522129059,1530.860990524292,-4.86,654.4,1.9580418,1552,0.020819036,0.0,5,-9.7645854e-05,970752,0.0034190398
0.7994848936796188,1537.2280502319336,-4.86,653.99,1.9556923,1560,0.022377929,0.0,8,-0.0009905181,974848,0.0033359188
0.8388831913471222,1543.557533979416,-4.86,645.16,1.9556468,1566,0.017726075,0.0,6,0.00082061044,978944,0.003230016
0.7871298491954803,1549.9314982891083,-4.85,649.54,1.9558357,1572,0.022809442,0.0,6,-0.0006598665,983040,0.0031110637
0.8447535932064056,1556.6462173461914,-4.85,649.24,1.9619571,1578,0.014576019,0.0,6,-0.001730158,987136,0.0030664948
0.8060060441493988,1563.6439456939697,-4.86,653.84,1.9598968,1584,0.019509064,0.0,6,0.0013775683,991232,0.0026884917
0.8176219761371613,1569.9961695671082,-4.85,652.48,1.9603134,1591,0.020225516,0.0,7,-0.0019010078,995328,0.0030966434
0.8577511608600616,1576.2044785022736,-4.86,646.71,1.9594324,1598,0.015080191,0.0,7,0.00022000525,999424,0.0028029091
0.7730082273483276,1589.7405354976654,-4.86,644.47,1.9613067,1604,0.025146525,0.0,6,1.9045663e-05,1003520,0.0030048895
0.8158925473690033,1596.5117678642273,-4.85,647.38,1.9583536,1609,0.021579467,0.0,5,0.0019698362,1007616,0.0030519525
0.8568118065595627,1603.0347669124603,-4.87,641.06,1.961283,1616,0.015620844,0.0,7,0.000825922,1011712,0.0030563315
0.8107655495405197,1609.4822790622711,-4.88,644.24,1.9588841,1623,0.017526997,0.0,7,0.00053792424,1015808,0.003003659
0.8068886697292328,1616.0693323612213,-4.88,644.09,1.958366,1630,0.021225382,0.0,7,0.0016738221,1019904,0.003094068
0.8501683920621872,1622.6962442398071,-4.88,641.83,1.9598836,1636,0.016211445,0.0,6,0.0020040325,1024000,0.0031810522
0.8123339861631393,1629.293610572815,-4.89,641.07,1.9608002,1643,0.021403058,0.0,7,0.0028695634,1028096,0.0032657385
0.7709470838308334,1635.6445832252502,-4.88,640.16,1.9636937,1649,0.0280242,0.0,6,0.00012772414,1032192,0.0029830944
0.7833651304244995,1641.7304351329803,-4.88,638.77,1.9525161,1655,0.025751675,0.0,6,-0.00030959246,1036288,0.002853584
0.8252044320106506,1648.0034182071686,-4.88,641.53,1.9537592,1661,0.017519271,0.0,6,0.0014477817,1040384,0.002742046
0.7788081914186478,1654.1465320587158,-4.87,641.76,1.9580246,1668,0.025469866,0.0,7,8.157338e-05,1044480,0.0028614674
0.8027890771627426,1660.797277212143,-4.86,641.87,1.9603893,1674,0.019106584,0.0,6,0.0005289749,1048576,0.0030389437
0.7864780426025391,1667.195643901825,-4.84,637.46,1.9564469,1681,0.023982665,0.0,7,-0.001603453,1052672,0.002777087
0.7858999669551849,1673.5884327888489,-4.84,632.99,1.9592055,1687,0.021690255,0.0,6,0.000739492,1056768,0.0028648195
0.8020535558462143,1680.2504999637604,-4.82,639.48,1.9603541,1693,0.023204084,0.0,6,0.0005442671,1060864,0.0032103006
0.8162526935338974,1686.4606199264526,-4.8,639.92,1.9581449,1700,0.019380802,0.0,7,-0.0010421653,1064960,0.0029266647
0.7886681407690048,1693.0817925930023,-4.8,640.61,1.9660065,1706,0.023467746,0.0,6,-0.0012802838,1069056,0.0028477537
0.8053140491247177,1699.6663618087769,-4.78,646.04,1.962992,1711,0.025126139,0.0,5,-0.00086946005,1073152,0.0027117012
0.8512423038482666,1706.8531749248505,-4.78,644.01,1.9599049,1718,0.017251872,0.0,7,0.00040971115,1077248,0.0029348794
0.8428148925304413,1713.7272732257843,-4.78,646.81,1.9543921,1725,0.016617466,0.0,7,-0.00036666333,1081344,0.0028730808
0.8268668353557587,1720.1898984909058,-4.79,653.01,1.9546769,1730,0.017030278,0.0,5,-0.0008352613,1085440,0.0025303615
0.8332665860652924,1726.8214228153229,-4.78,650.41,1.9514958,1737,0.019027729,0.0,7,0.0005806914,1089536,0.0029160327
0.8407927006483078,1733.318516254425,-4.79,650.17,1.9510219,1744,0.01755497,0.0,7,0.0011649125,1093632,0.0028838897
0.8255245089530945,1739.8931515216827,-4.83,640.84,1.9485918,1751,0.017901845,0.0,7,0.0006508648,1097728,0.002816373
0.8368412107229233,1746.6334338188171,-4.84,639.38,1.9486437,1758,0.01721593,0.0,7,0.00021498255,1101824,0.0029287373
0.8032017052173615,1753.0654034614563,-4.85,640.6,1.9486231,1763,0.018299991,0.0,5,-0.00021558831,1105920,0.0029427046
0.8217828422784805,1759.8577024936676,-4.85,643.87,1.9450384,1770,0.020151494,0.0,7,0.000751224,1110016,0.0030406644
0.8165605515241623,1766.2030382156372,-4.85,641.8,1.9412997,1776,0.020251393,0.0,6,-0.0007469719,1114112,0.0030049921
0.8154069781303406,1772.4251589775085,-4.87,640.65,1.9406357,1783,0.021700494,0.0,7,-0.00055865874,1118208,0.0028050723
0.8029076457023621,1778.5889093875885,-4.85,646.56,1.9455315,1789,0.024181781,0.0,6,0.0013261198,1122304,0.0028496329
0.8402746170759201,1784.716795682907,-4.87,644.34,1.9435378,1794,0.016525183,0.0,5,-0.0009284448,1126400,0.002831598
0.8095674067735672,1791.3630139827728,-4.85,651.42,1.944055,1800,0.023512822,0.0,6,0.00057166186,1130496,0.0027766787
0.7745536714792252,1797.890921831131,-4.85,656.31,1.945612,1806,0.025471661,0.0,6,0.0030773291,1134592,0.002890352
0.8439027816057205,1804.2972440719604,-4.88,649.75,1.9474914,1813,0.018968213,0.0,7,8.085405e-05,1138688,0.0024201833
0.8096610009670258,1810.6075925827026,-4.88,651.57,1.9393455,1819,0.020040862,0.0,6,-0.0004387783,1142784,0.0025286037
0.8642780482769012,1817.1222259998322,-4.87,650.86,1.9416635,1825,0.015231218,0.0,6,-0.00045612594,1146880,0.0024359277
0.8207104951143265,1823.607390165329,-4.87,646.36,1.9411387,1832,0.01604839,0.0,7,-0.0010303764,1150976,0.0028912956
0.8203351348638535,1830.0450692176819,-4.87,652.88,1.9366924,1838,0.019270139,0.0,6,0.0016456732,1155072,0.002721392
0.8222841322422028,1836.3005471229553,-4.87,654.64,1.9348314,1844,0.018000234,0.0,6,0.0009143688,1159168,0.0027179134
0.8213447332382202,1842.7201178073883,-4.87,655.59,1.933177,1851,0.01781559,0.0,7,0.00091739884,1163264,0.0025079066
0.8301220536231995,1849.0943849086761,-4.86,661.38,1.9330286,1857,0.018458273,0.0,6,7.670582e-05,1167360,0.0026112748
0.817565530538559,1855.4210765361786,-4.84,654.9,1.9313577,1863,0.022891833,0.0,6,0.0024941554,1171456,0.002874795
0.8455877006053925,1861.8589134216309,-4.84,651.62,1.9276824,1871,0.017910022,0.0,8,-0.00020360539,1175552,0.0029710352
0.7882320284843445,1868.2183096408844,-4.82,648.16,1.9230464,1877,0.028675815,0.0,6,-0.00034867786,1179648,0.0024160864
0.8349662870168686,1874.54536318779,-4.83,653.99,1.9248991,1884,0.018008806,0.0,7,-0.00062477763,1183744,0.0023571642
0.8264536112546921,1880.8970038890839,-4.84,645.28,1.9231688,1891,0.020940972,0.0,7,0.0014692403,1187840,0.0028390116
0.8158372342586517,1887.6327562332153,-4.85,636.13,1.9227166,1897,0.020882957,0.0,6,0.00033584336,1191936,0.0028077727
0.7882030159235001,1894.5551924705505,-4.83,636.69,1.9257114,1903,0.025244808,0.0,6,0.0007863034,1196032,0.0031923365
0.831046462059021,1901.3193979263306,-4.84,632.16,1.9260135,1910,0.019130347,0.0,7,0.0005659994,1200128,0.0028908986
0.8402608335018158,1908.0296320915222,-4.85,626.95,1.9262381,1917,0.01808942,0.0,7,-0.0005856072,1204224,0.0025366938
0.7956457734107971,1914.5479645729065,-4.85,623.27,1.934672,1924,0.022810439,0.0,7,-0.00082250615,1208320,0.0025570148
0.7850245982408524,1920.9405183792114,-4.84,623.76,1.936582,1930,0.022693891,0.0,6,-0.00044999446,1212416,0.0024174051
0.8293670117855072,1927.3444440364838,-4.85,621.59,1.9367436,1936,0.017719535,0.0,6,-0.000118263066,1216512,0.0024526464
0.8373349457979202,1933.6593706607819,-4.85,623.29,1.9370848,1942,0.015671821,0.0,6,0.00026371307,1220608,0.0026051851
0.8364419788122177,1939.8823890686035,-4.84,627.64,1.9346647,1949,0.016754199,0.0,7,0.0008393988,1224704,0.0027779292
0.8542217165231705,1946.144112110138,-4.85,628.1,1.9356065,1955,0.014643165,0.0,6,0.00029867073,1228800,0.002961189
0.7992910146713257,1952.5552115440369,-4.84,628.46,1.936872,1961,0.023158366,0.0,6,0.0006336998,1232896,0.0028032595
0.7857296615839005,1959.063550233841,-4.83,627.58,1.9369804,1968,0.024308056,0.0,7,-0.0017667357,1236992,0.002739805
0.8372630029916763,1965.4479489326477,-4.84,632.38,1.9364473,1975,0.016753301,0.0,7,0.0013302949,1241088,0.002665264
0.8273280709981918,1972.1390805244446,-4.86,623.82,1.9374287,1982,0.018033534,0.0,7,0.00012268033,1245184,0.0024653913
0.847415417432785,1978.5759437084198,-4.86,628.05,1.9381609,1989,0.014827482,0.0,7,0.0019411009,1249280,0.0026934505
0.8078665733337402,1993.0094723701477,-4.89,625.01,1.9379778,1995,0.019108199,0.0,6,0.00095374265,1253376,0.0027598033
0.8353987634181976,1999.262981891632,-4.89,631.04,1.9444327,2001,0.016760748,0.0,6,0.0009637422,1257472,0.002601811
0.8082617968320847,2005.5532591342926,-4.91,626.7,1.9524355,2007,0.019933918,0.0,6,0.0003887767,1261568,0.002825889
0.8219744563102722,2011.8979187011719,-4.89,630.6,1.948083,2014,0.018290328,0.0,7,0.0007215465,1265664,0.0030434793
0.8216463625431061,2018.272444486618,-4.87,634.27,1.9455456,2020,0.020044876,0.0,6,-0.00057189935,1269760,0.0029335418
0.7948412895202637,2024.6761660575867,-4.87,632.82,1.9423207,2027,0.024762783,0.0,7,-0.00042951386,1273856,0.0027940068
0.8052126616239548,2030.9573080539703,-4.86,624.87,1.9420792,2035,0.023222784,0.0,8,-0.0004003955,1277952,0.0028581566
0.8330198675394058,2037.2165155410767,-4.85,617.69,1.9390213,2042,0.020043887,0.0,7,8.397992e-05,1282048,0.002663433
0.8399223536252975,2043.3014669418335,-4.86,615.62,1.9348502,2049,0.016530441,0.0,7,-0.0013453625,1286144,0.002841522
0.8489963412284851,2049.5484352111816,-4.86,615.66,1.9254087,2055,0.016494093,0.0,6,-0.0022473866,1290240,0.002634854
0.8088313788175583,2056.092082262039,-4.88,614.8,1.9312795,2061,0.022550356,0.0,6,-0.0001478144,1294336,0.002662485
0.818171814084053,2062.480686903,-4.88,618.43,1.9285845,2067,0.01872657,0.0,6,-0.00041846914,1298432,0.0027290708
0.8469651639461517,2068.757448911667,-4.89,621.67,1.934278,2073,0.015196154,0.0,6,0.0017292774,1302528,0.0025920165
0.8125113695859909,2075.0304827690125,-4.88,622.81,1.940271,2080,0.020908523,0.0,7,0.00024474016,1306624,0.002798068
0.8039312809705734,2081.261224269867,-4.86,629.25,1.9438207,2086,0.02162192,0.0,6,-0.0022847785,1310720,0.002498262
0.7509054839611053,2087.63982462883,-4.82,629.77,1.9513,2092,0.029859856,0.0,6,-0.00016546855,1314816,0.0030924066
0.8026264011859894,2093.913638114929,-4.82,627.44,1.9496994,2099,0.020197839,0.0,7,0.001963078,1318912,0.0029420939
0.8407134413719177,2100.4066166877747,-4.81,629.11,1.948467,2105,0.017603507,0.0,6,0.0015782367,1323008,0.0028154969
0.7717012614011765,2106.9197323322296,-4.81,628.67,1.9455844,2111,0.0245213,0.0,6,0.001463826,1327104,0.0026192374
0.8407342582941055,2113.4410157203674,-4.81,630.36,1.9332871,2118,0.019379396,0.0,7,-0.00097550405,1331200,0.0026712066
0.829930990934372,2120.693658351898,-4.81,635.93,1.9346735,2124,0.020397222,0.0,6,0.00043254485,1335296,0.0022470155
0.7722835838794708,2127.4852573871613,-4.8,640.28,1.9305071,2130,0.030638788,0.0,6,-0.0002468829,1339392,0.002517905
0.8417382389307022,2133.7408714294434,-4.79,645.27,1.9285654,2136,0.017753763,0.0,6,-0.0013170405,1343488,0.0023999661
0.8013013452291489,2140.0150759220123,-4.79,650.81,1.928442,2142,0.023873365,0.0,6,-0.0010138894,1347584,0.0024981203
0.8340269476175308,2146.3294835090637,-4.77,651.96,1.924093,2149,0.020627972,0.0,7,0.00023454218,1351680,0.002437507
0.8557602316141129,2152.7552032470703,-4.77,647.49,1.9284351,2156,0.017454222,0.0,7,-0.0015476262,1355776,0.0026837985
0.8526471555233002,2158.97523188591,-4.78,647.08,1.9241496,2162,0.016135998,0.0,6,0.00036224048,1359872,0.0027287004
0.8075610101222992,2165.4904289245605,-4.78,644.58,1.9270505,2169,0.02018589,0.0,7,0.0014209908,1363968,0.0025214367
0.8342854380607605,2171.798021554947,-4.79,640.85,1.929993,2176,0.01756404,0.0,7,-0.0012188773,1368064,0.002865286
0.8185303509235382,2178.195251941681,-4.8,645.31,1.9260069,2182,0.01523836,0.0,6,0.0025790317,1372160,0.0026507431
0.8279839158058167,2185.2695190906525,-4.81,647.94,1.9259762,2187,0.016608039,0.0,5,0.0012350904,1376256,0.0026849404
0.8236419260501862,2191.84251332283,-4.84,647.45,1.9282781,2193,0.02056567,0.0,6,-0.0004329661,1380352,0.0028893976
0.8464053869247437,2198.1056249141693,-4.86,640.89,1.9269482,2201,0.01743023,0.0,8,0.0011153221,1384448,0.0028915573
0.8108743131160736,2204.2558073997498,-4.87,635.44,1.9294246,2208,0.017173748,0.0,7,0.0017412635,1388544,0.0028412521
0.8029112815856934,2210.560696363449,-4.85,639.58,1.9202299,2214,0.022013845,0.0,6,-0.0015557788,1392640,0.0026553473
0.7944871932268143,2216.778680562973,-4.84,645.89,1.9187247,2220,0.02114201,0.0,6,0.00025701488,1396736,0.0026827322
0.8512596040964127,2223.1861579418182,-4.86,641.57,1.921372,2226,0.014699329,0.0,6,-0.0016845409,1400832,0.0025809584
0.8260758519172668,2229.5662841796875,-4.89,635.94,1.9215518,2233,0.02029563,0.0,7,0.0013798717,1404928,0.0025462583
0.807100310921669,2236.187534093857,-4.87,641.48,1.9218298,2239,0.020513834,0.0,6,0.00030998013,1409024,0.0023781224
0.8536505401134491,2242.670417547226,-4.89,645.81,1.9203947,2244,0.015321912,0.0,5,0.00019083137,1413120,0.0024472196
0.8157542198896408,2248.967512369156,-4.88,644.32,1.9235907,2251,0.022769649,0.0,7,0.00012087752,1417216,0.0026754627
0.8198796361684799,2255.3719441890717,-4.87,648.72,1.9220754,2257,0.020781985,0.0,6,0.00013638637,1421312,0.0025633774
0.8130152970552444,2261.674183368683,-4.87,654.95,1.9216275,2262,0.018953366,0.0,5,-0.0006006309,1425408,0.002588532
0.8599294126033783,2268.0835375785828,-4.87,657.58,1.9201193,2269,0.014098209,0.0,7,-0.00047104876,1429504,0.0023347149
0.8234111070632935,2274.27987241745,-4.85,661.53,1.9167963,2275,0.019152014,0.0,6,0.00055056706,1433600,0.0023087256
0.8148376941680908,2280.594532251358,-4.83,657.87,1.9075661,2281,0.021963565,0.0,6,-0.00034721626,1437696,0.002572058
0.8207208961248398,2286.776027202606,-4.83,646.02,1.9021256,2288,0.021425111,0.0,7,0.001128156,1441792,0.002645831
0.8589500933885574,2293.0524020195007,-4.83,646.63,1.9008057,2295,0.01601544,0.0,7,-0.00013251964,1445888,0.002302748
0.7667224258184433,2299.355485200882,-4.82,649.19,1.9003227,2302,0.026677715,0.0,7,-0.00064606336,1449984,0.0022392403
0.7968612611293793,2305.936024427414,-4.8,651.34,1.8984225,2308,0.023378933,0.0,6,0.00044827792,1454080,0.0023573625
0.8199338316917419,2312.177093029022,-4.82,653.31,1.8928976,2314,0.020179532,0.0,6,0.0016258403,1458176,0.0026076813
0.8563659191131592,2318.776226043701,-4.83,645.43,1.8876506,2321,0.01620017,0.0,7,-0.0016210522,1462272,0.002175259
0.7977740913629532,2325.1974058151245,-4.83,648.63,1.8852862,2327,0.023717044,0.0,6,-0.00081008486,1466368,0.0022340817
0.8109526634216309,2331.4915285110474,-4.82,648.19,1.888593,2334,0.02278991,0.0,7,0.0011250279,1470464,0.0023785704
0.8559513241052628,2337.971118450165,-4.83,644.06,1.8898302,2340,0.0149057,0.0,6,-0.0010791657,1474560,0.002236668
0.8601727038621902,2344.1025445461273,-4.83,643.53,1.8940903,2346,0.014690362,0.0,6,0.0007587846,1478656,0.0022986513
0.8365199118852615,2350.356185436249,-4.84,647.14,1.8877186,2352,0.018042305,0.0,6,0.00033503585,1482752,0.0023257013
0.7907519936561584,2356.787934064865,-4.83,647.73,1.8911641,2358,0.022916883,0.0,6,0.0014851806,1486848,0.0021443877
0.8244083672761917,2363.2293984889984,-4.82,635.51,1.880403,2365,0.01937534,0.0,7,0.0007303627,1490944,0.0024618304
0.8414663374423981,2369.622908592224,-4.82,647.91,1.8790929,2370,0.014472691,0.0,5,0.0015755579,1495040,0.0022858568
0.8272648453712463,2376.082678794861,-4.85,644.66,1.8846992,2376,0.019643676,0.0,6,-0.0022327895,1499136,0.002296575
0.842198982834816,2389.1147730350494,-4.85,646.34,1.8804771,2383,0.018179184,0.0,7,-0.0001702318,1503232,0.0021618486
0.8424513190984726,2395.471283197403,-4.85,649.93,1.87714,2389,0.018363187,0.0,6,-0.001447103,1507328,0.002376593
0.848815992474556,2401.8818066120148,-4.85,647.31,1.8710767,2397,0.01684824,0.0,8,-0.00024951028,1511424,0.0022474928
0.8344985097646713,2408.5007383823395,-4.86,648.56,1.8696684,2403,0.015743814,0.0,6,-0.0005514894,1515520,0.0022916817
0.8077939301729202,2415.394581079483,-4.87,650.04,1.8667291,2409,0.019872582,0.0,6,-0.0014245305,1519616,0.0023574515
0.8285645991563797,2421.912045955658,-4.89,646.0,1.8739393,2416,0.015594037,0.0,7,-0.0004047301,1523712,0.002307595
0.8332128524780273,2428.3202731609344,-4.89,650.59,1.8757712,2422,0.01639792,0.0,6,-0.000574901,1527808,0.0021379853
0.8343558609485626,2434.673884153366,-4.91,646.12,1.877704,2428,0.017831197,0.0,6,-0.00033861003,1531904,0.002315811
0.8493547737598419,2440.936902284622,-4.91,654.7,1.8719447,2434,0.014951059,0.0,6,-0.0012717601,1536000,0.0021726084
0.8156718462705612,2447.25302028656,-4.88,658.28,1.8692235,2440,0.020069966,0.0,6,0.0007569506,1540096,0.0024524285
0.8315717726945877,2453.794465780258,-4.88,649.68,1.8758076,2447,0.017881436,0.0,7,0.0003808163,1544192,0.0024264287
0.8279180526733398,2460.2168459892273,-4.89,644.33,1.8737475,2454,0.01968881,0.0,7,0.0016356325,1548288,0.0023189806
0.8096411675214767,2466.4967703819275,-4.92,636.87,1.8811444,2461,0.021858508,0.0,7,0.0010349015,1552384,0.002334943
0.8236932754516602,2472.715710878372,-4.91,638.69,1.877504,2467,0.02054607,0.0,6,0.0007549409,1556480,0.0025792308
0.8284348696470261,2479.009519100189,-4.88,638.47,1.8732775,2473,0.020425798,0.0,6,-0.001176133,1560576,0.002234668
0.8543372601270676,2485.4362547397614,-4.88,635.1,1.8743861,2480,0.017283592,0.0,7,0.00092417793,1564672,0.0019356377
0.8332164138555527,2491.8009645938873,-4.87,641.58,1.8717419,2485,0.0194386,0.0,5,0.00088215596,1568768,0.0021269345
0.8511947840452194,2498.2400245666504,-4.86,646.41,1.868551,2491,0.01643866,0.0,6,-0.00055078865,1572864,0.0021371858
0.83041712641716,2504.4889476299286,-4.85,643.87,1.8702186,2498,0.021193396,0.0,7,0.0002594702,1576960,0.002153717
0.8463691920042038,2510.6027331352234,-4.85,639.09,1.8677342,2505,0.016310753,0.0,7,0.00045237306,1581056,0.0023036185
0.8358236402273178,2516.912387609482,-4.86,640.17,1.8717971,2512,0.017213441,0.0,7,0.000254089,1585152,0.0024241405
0.8324914425611496,2523.4219357967377,-4.86,630.3,1.8753645,2519,0.019141193,0.0,7,-0.0008452812,1589248,0.0022484865
0.8464317321777344,2529.9949860572815,-4.86,635.41,1.8797181,2525,0.015063034,0.0,6,0.00039411848,1593344,0.0022409845
0.8357860594987869,2536.5570328235626,-4.87,623.22,1.8746227,2533,0.017634273,0.0,8,-0.00058597967,1597440,0.0024059354
0.8286011666059494,2542.951961040497,-4.88,619.55,1.8724245,2539,0.019507136,0.0,6,0.0002627545,1601536,0.0024957252
0.8407063186168671,2549.528587579727,-4.88,622.78,1.8677411,2546,0.016010946,0.0,7,0.00040271622,1605632,0.002180331
0.795423686504364,2555.823258161545,-4.86,624.42,1.8645581,2553,0.022284998,0.0,7,-0.00074252835,1609728,0.0018933705
0.7865843623876572,2562.2948698997498,-4.84,630.39,1.8633945,2558,0.022497382,0.0,5,-0.00128791,1613824,0.0019788535
0.8380559384822845,2568.5945842266083,-4.85,631.5,1.8607458,2564,0.018795272,0.0,6,-0.00048930023,1617920,0.0021485677
0.8372194916009903,2575.0062873363495,-4.87,631.74,1.8561335,2570,0.01778119,0.0,6,-0.00047961203,1622016,0.002171222
0.8477400243282318,2581.7135181427,-4.89,633.34,1.8491744,2576,0.016833907,0.0,6,0.0006695178,1626112,0.0023839385
0.8742156773805618,2588.256047487259,-4.9,631.03,1.8451617,2583,0.013395352,0.0,7,0.0011481191,1630208,0.002018879
0.8243657499551773,2594.555562019348,-4.91,623.05,1.8428652,2589,0.0187751,0.0,6,-0.000446731,1634304,0.0019837169
0.8274552673101425,2600.9525961875916,-4.9,632.57,1.841477,2595,0.019571196,0.0,6,0.0005124258,1638400,0.0017639298
0.8571650832891464,2607.403962135315,-4.91,636.5,1.8377812,2601,0.016106604,0.0,6,7.605518e-05,1642496,0.0019831627
0.8194712251424789,2613.662640094757,-4.9,639.06,1.8326302,2607,0.019209588,0.0,6,0.0007744557,1646592,0.0021274386
0.8572516590356827,2620.0553781986237,-4.9,645.81,1.8294042,2614,0.017914047,0.0,7,0.00027883524,1650688,0.002388632
0.8146236836910248,2626.7562539577484,-4.86,652.45,1.8384002,2619,0.02281194,0.0,5,0.0010124884,1654784,0.0021910167
0.8205047994852066,2633.2666108608246,-4.84,652.77,1.8417293,2626,0.022434179,0.0,7,-0.00096552016,1658880,0.0021058174
0.7729919999837875,2639.9157450199127,-4.82,664.19,1.8355452,2631,0.025059232,0.0,5,-0.00031712768,1662976,0.002042158
0.8423732221126556,2646.1152272224426,-4.82,658.5,1.8291568,2639,0.01628303,0.0,8,0.00011251285,1667072,0.0020314083
0.8141463249921799,2652.4338595867157,-4.82,661.51,1.8198802,2645,0.01887933,0.0,6,0.00017821556,1671168,0.0020544324
0.8407396823167801,2658.7184727191925,-4.83,661.12,1.8193992,2652,0.017997434,0.0,7,-0.00025797356,1675264,0.002114726
0.7951785326004028,2664.9776871204376,-4.82,652.83,1.8153211,2659,0.02341727,0.0,7,-3.5212142e-06,1679360,0.0019884645
0.8443928509950638,2671.0737512111664,-4.82,641.18,1.8209156,2666,0.017247405,0.0,7,-0.00030194386,1683456,0.002122601
0.8440821766853333,2677.2505707740784,-4.82,644.06,1.8245678,2672,0.01797379,0.0,6,-0.00040725106,1687552,0.0021591699
0.811137929558754,2683.6841053962708,-4.81,643.17,1.831832,2678,0.023188435,0.0,6,-0.00047304138,1691648,0.0021000535
0.834841251373291,2690.0861053466797,-4.79,647.56,1.8278779,2684,0.019906739,0.0,6,0.0022533755,1695744,0.0021519002
0.8204685002565384,2696.4526171684265,-4.79,645.39,1.8232914,2691,0.019184176,0.0,7,0.00025041937,1699840,0.002176432
0.8215392678976059,2702.813638687134,-4.79,641.5,1.8246193,2698,0.02065485,0.0,7,0.00015802961,1703936,0.0019895588
0.8314069658517838,2709.039197206497,-4.79,630.46,1.8251076,2705,0.019857157,0.0,7,-0.00037653616,1708032,0.0018575409
0.8461114764213562,2715.9330291748047,-4.79,632.1,1.823898,2711,0.015793614,0.0,6,-0.00021236925,1712128,0.002027525
0.8541184067726135,2722.6278860569,-4.82,624.02,1.8194343,2718,0.015959516,0.0,7,-0.00017756037,1716224,0.0020894872
0.829174816608429,2729.190965652466,-4.84,624.58,1.8232257,2725,0.017282462,0.0,7,0.0010515113,1720320,0.0019532186
0.840270921587944,2735.4885947704315,-4.86,615.22,1.8253547,2731,0.015934864,0.0,6,3.4859637e-05,1724416,0.0020715788
0.8532560765743256,2742.0020322799683,-4.87,624.68,1.8281764,2737,0.01586839,0.0,6,-0.00085853506,1728512,0.0022846223
0.8281337469816208,2748.4456145763397,-4.87,624.35,1.8143594,2744,0.01935831,0.0,7,0.00074496504,1732608,0.0024459914
0.8662374019622803,2754.728639125824,-4.88,619.91,1.810703,2750,0.013935835,0.0,6,-0.0012014027,1736704,0.0019553343
0.8245554119348526,2761.224199295044,-4.88,624.24,1.8071162,2757,0.019633496,0.0,7,0.0007920448,1740800,0.0021792564
0.8470083028078079,2767.6097071170807,-4.91,624.57,1.8137733,2764,0.01584679,0.0,7,-0.0006805466,1744896,0.0020989103
0.8169779926538467,2774.0586276054382,-4.89,619.06,1.8103843,2771,0.020588748,0.0,7,-0.0011666177,1748992,0.0020255232
0.8185332268476486,2787.5872399806976,-4.92,618.54,1.8132893,2778,0.019595912,0.0,7,0.001662216,1753088,0.0020226005
0.8371850848197937,2794.0383157730103,-4.94,613.57,1.8127328,2785,0.017735379,0.0,7,0.00064634375,1757184,0.0020132856
0.8273046314716339,2800.8027827739716,-4.94,614.46,1.8080986,2791,0.018693684,0.0,6,-0.00023060653,1761280,0.0018507177
0.8437751829624176,2807.433649778366,-4.95,613.58,1.8115981,2798,0.016827915,0.0,7,0.0018755328,1765376,0.001660311
0.8440784811973572,2814.5126383304596,-4.96,614.09,1.807921,2805,0.016468197,0.0,7,0.0013322291,1769472,0.0016984509
0.819086104631424,2821.0606746673584,-4.95,614.22,1.8095645,2811,0.02016562,0.0,6,-0.00035405275,1773568,0.0018688398
0.8118564784526825,2827.539186477661,-4.94,624.36,1.8041505,2817,0.019239813,0.0,6,-0.0013712996,1777664,0.0022502192
0.842942476272583,2833.794600725174,-4.94,626.6,1.8051945,2823,0.017029688,0.0,6,0.0007397239,1781760,0.002099226
0.8605281710624695,2840.191994667053,-4.94,625.34,1.8098576,2829,0.013916053,0.0,6,-0.00021413117,1785856,0.0018718475
0.8456435799598694,2846.5331931114197,-4.94,626.4,1.8112285,2836,0.015452871,0.0,7,0.000671688,1789952,0.001876127
0.8255553990602493,2852.9742109775543,-4.94,631.84,1.8119578,2841,0.017150676,0.0,5,0.00021608802,1794048,0.0018197463
0.8212138116359711,2859.3155035972595,-4.93,632.81,1.8077508,2848,0.019937662,0.0,7,6.49374e-05,1798144,0.001878207
0.8230924159288406,2865.839687347412,-4.91,634.03,1.8102218,2854,0.020825677,0.0,6,0.0011405444,1802240,0.0017156793
0.8172910660505295,2872.3469660282135,-4.91,638.44,1.8026508,2859,0.020229619,0.0,5,0.000711291,1806336,0.0017498384
0.8390629589557648,2879.0711073875427,-4.91,645.61,1.7942169,2866,0.018347131,0.0,7,0.00054061017,1810432,0.0018328148
0.8377980440855026,2885.4894111156464,-4.9,651.36,1.796312,2872,0.01947112,0.0,6,0.00061036425,1814528,0.0019330609
0.8361072540283203,2891.669954776764,-4.86,657.95,1.7922862,2877,0.017897416,0.0,5,0.0016252468,1818624,0.0017526896
0.8700691163539886,2897.901654958725,-4.86,657.66,1.7898836,2884,0.013983885,0.0,7,-0.0012744025,1822720,0.0018726176
0.8637801259756088,2904.280947446823,-4.87,655.47,1.7912164,2891,0.015175166,0.0,7,0.0013123078,1826816,0.0019509994
0.851934164762497,2910.7197177410126,-4.86,652.51,1.7942593,2898,0.01776555,0.0,7,-0.00055689923,1830912,0.0018624767
0.8323522806167603,2918.1619820594788,-4.86,653.37,1.7994314,2905,0.016425977,0.0,7,-0.0018318696,1835008,0.0019493465
0.8444917947053909,2924.7015686035156,-4.87,651.93,1.8012432,2912,0.016699674,0.0,7,-0.00015594147,1839104,0.0016996724
0.7992287129163742,2930.9302027225494,-4.86,642.37,1.7928841,2919,0.022707013,0.0,7,-0.00035735627,1843200,0.0019319617
0.8204991519451141,2937.2676956653595,-4.86,644.32,1.7974521,2925,0.01973423,0.0,6,0.0011329675,1847296,0.0018829469
0.8458144515752792,2943.766453266144,-4.86,640.75,1.7899203,2932,0.016160466,0.0,7,-0.00043959962,1851392,0.0019615367
0.7835695594549179,2950.209165096283,-4.85,634.99,1.7836219,2938,0.02165184,0.0,6,-0.0015467796,1855488,0.001778784
0.8430152088403702,2956.57821559906,-4.85,630.91,1.7761258,2945,0.0154986745,0.0,7,0.0025225263,1859584,0.0019761673
0.852021798491478,2963.1370165348053,-4.88,632.66,1.7812028,2951,0.014237192,0.0,6,0.00090755196,1863680,0.0016909468
0.8512595891952515,2969.473965883255,-4.89,634.54,1.7751948,2957,0.015525437,0.0,6,-0.00047782448,1867776,0.0018119563
0.8335578292608261,2975.8725731372833,-4.89,630.78,1.7716389,2963,0.017521165,0.0,6,0.00011089223,1871872,0.0019006657
0.8206571191549301,2982.1734325885773,-4.9,626.24,1.7669934,2970,0.019568471,0.0,7,0.000693802,1875968,0.0020976204
0.8388379365205765,2988.4175460338593,-4.91,615.93,1.7648693,2977,0.017444128,0.0,7,0.0011952163,1880064,0.0017787688
0.8353465050458908,2994.8603229522705,-4.91,621.04,1.7684155,2983,0.016639965,0.0,6,0.0005877656,1884160,0.0017070632
0.8298006951808929,3001.314961910248,-4.89,619.47,1.7719477,2990,0.018325208,0.0,7,9.4875926e-05,1888256,0.0019775894
0.8537217378616333,3007.5432403087616,-4.9,624.74,1.7626309,2996,0.015357236,0.0,6,-0.0007667658,1892352,0.0019000776
0.8442389070987701,3013.7192401885986,-4.89,629.62,1.7711333,3003,0.017751744,0.0,7,0.00033441815,1896448,0.0019038301
0.8368595242500305,3019.9189994335175,-4.88,632.54,1.7717055,3009,0.017220773,0.0,6,0.0010124141,1900544,0.00177194
0.7996931672096252,3026.295999765396,-4.88,626.23,1.7653075,3016,0.024539256,0.0,7,-0.0017705339,1904640,0.0018589649
0.8501952290534973,3032.5536885261536,-4.87,628.03,1.7690122,3023,0.017591981,0.0,7,-7.888093e-05,1908736,0.0016466165
0.8728224486112595,3038.889410018921,-4.87,632.49,1.7656274,3029,0.0133439,0.0,6,0.0015961594,1912832,0.0019573201
0.8381937742233276,3045.2978587150574,-4.88,629.44,1.7690955,3035,0.018448126,0.0,6,0.0010225642,1916928,0.0017575225
0.8620002865791321,3051.632558107376,-4.88,636.0,1.7699351,3041,0.014730497,0.0,6,0.0017264459,1921024,0.0018137812
0.821398913860321,3058.2228231430054,-4.87,627.29,1.7745953,3049,0.021570077,0.0,8,0.0008998406,1925120,0.001958635
0.8330227136611938,3064.6002786159515,-4.86,619.89,1.7763828,3055,0.018273363,0.0,6,9.2563685e-05,1929216,0.0017331521
0.8220550417900085,3070.857448577881,-4.86,631.61,1.7747213,3061,0.017528782,0.0,6,0.0005048977,1933312,0.0017791262
0.7925926744937897,3077.1458656787872,-4.83,631.19,1.7602031,3067,0.024177667,0.0,6,-0.000945342,1937408,0.0019028076
0.8037163764238358,3083.4410469532013,-4.81,635.05,1.7582936,3073,0.023318807,0.0,6,9.5742755e-05,1941504,0.0020529958
0.8523730784654617,3089.658483982086,-4.8,639.62,1.7646729,3080,0.016262677,0.0,7,0.00015425927,1945600,0.0016112956
0.8538594841957092,3095.964946746826,-4.81,636.22,1.7673085,3086,0.016139938,0.0,6,-0.0006029464,1949696,0.0014354656
0.8602082282304764,3102.267747402191,-4.82,630.75,1.7539954,3093,0.016450519,0.0,7,0.0002963273,1953792,0.0018229899
0.8395037204027176,3108.497479915619,-4.83,633.68,1.7497808,3099,0.01673455,0.0,6,-1.581409e-05,1957888,0.0017628504
0.8315451443195343,3114.975636959076,-4.82,640.85,1.7460696,3105,0.017841298,0.0,6,-0.00018130359,1961984,0.001908341
0.8620151728391647,3121.2971107959747,-4.83,646.46,1.7439162,3111,0.014838045,0.0,6,-0.00032617757,1966080,0.0018732256
0.8510972708463669,3127.522043466568,-4.86,645.83,1.7475213,3117,0.01840102,0.0,6,-0.0007026475,1970176,0.0018477216
0.8306572884321213,3133.7830431461334,-4.86,644.64,1.7422613,3124,0.017538771,0.0,7,0.0008022955,1974272,0.0016778045
0.8083406239748001,3140.146296977997,-4.86,638.08,1.740605,3131,0.0210472,0.0,7,-0.0012758677,1978368,0.0015512524
0.8262625932693481,3146.4317893981934,-4.85,639.57,1.7496661,3137,0.02082069,0.0,6,-0.0014632766,1982464,0.0017575762
0.8138662427663803,3152.678986310959,-4.83,640.89,1.743422,3144,0.02302283,0.0,7,-0.000544621,1986560,0.001629439
0.844500944018364,3158.831594467163,-4.83,652.05,1.7478259,3149,0.017303266,0.0,5,-0.0010869922,1990656,0.0015981873
0.7994352281093597,3165.073853492737,-4.81,658.14,1.7446005,3155,0.02513474,0.0,6,0.00052494684,1994752,0.001587213
0.8198828250169754,3171.3729598522186,-4.8,655.59,1.7378973,3161,0.021449784,0.0,6,0.0002482687,1998848,0.0017174304
0.8711965680122375,3184.6036965847015,-4.86,653.43,1.7374823,3168,0.013574583,0.0,7,8.322555e-05,2002944,0.0018362378
0.8223251700401306,3190.854371070862,-4.88,646.99,1.7398281,3174,0.020464256,0.0,6,-0.000227493,2007040,0.0016034185
0.821038156747818,3197.1819701194763,-4.89,647.27,1.7411026,3181,0.019447269,0.0,7,0.00036840537,2011136,0.0015930362
0.8144141733646393,3203.7189769744873,-4.87,647.47,1.7478303,3188,0.019668048,0.0,7,-0.0008552789,2015232,0.001779123
0.8320990949869156,3210.81507062912,-4.86,644.19,1.7470626,3194,0.018986352,0.0,6,-0.0015440583,2019328,0.0016266425
0.8181235641241074,3217.323764562607,-4.83,647.45,1.7393466,3200,0.02042785,0.0,6,-0.0001468372,2023424,0.0016475914
0.8422880917787552,3223.775077342987,-4.84,642.86,1.737439,3207,0.017603861,0.0,7,-0.00012206077,2027520,0.0016790798
0.8624923378229141,3229.9625883102417,-4.84,640.06,1.7283609,3213,0.014479667,0.0,6,0.00051988603,2031616,0.0016606041
0.8204581141471863,3236.2489805221558,-4.84,641.04,1.722364,3219,0.019649422,0.0,6,-0.00093452155,2035712,0.0018269413
0.8228443562984467,3243.59734416008,-4.83,644.08,1.7272819,3226,0.018138614,0.0,7,0.0004065595,2039808,0.0016682114
0.8421141505241394,3250.827091217041,-4.83,647.14,1.7263715,3233,0.017255507,0.0,7,-0.00015603146,2043904,0.0016046976
0.8495318293571472,3257.2043855190277,-4.84,647.11,1.7327619,3239,0.016484838,0.0,6,-0.00065500033,2048000,0.0016331084
0.835154339671135,3263.788117647171,-4.86,634.91,1.7296523,3246,0.01965644,0.0,7,-0.0003280734,2052096,0.0017654448
0.8329484611749649,3270.275333881378,-4.87,625.0,1.7417003,3254,0.018240038,0.0,8,-0.0007656264,2056192,0.0018232476
0.8514551818370819,3277.1585540771484,-4.9,622.96,1.7511233,3260,0.016201546,0.0,6,-0.0001231432,2060288,0.0019766684
0.8252116590738297,3284.6262176036835,-4.88,618.27,1.7523147,3267,0.019771941,0.0,7,-0.00092930207,2064384,0.0017527773
0.8566713929176331,3292.2344546318054,-4.88,619.81,1.7419308,3273,0.014770542,0.0,6,-0.0005962607,2068480,0.001445216
0.8320081681013107,3298.843999147415,-4.88,621.55,1.7327574,3280,0.017060574,0.0,7,-0.00039770047,2072576,0.0015088161
0.8159954398870468,3305.598955154419,-4.88,618.78,1.7263787,3287,0.022167765,0.0,7,-0.0009920934,2076672,0.0017086276
0.8657266944646835,3312.4029383659363,-4.89,619.15,1.7237867,3293,0.0156016825,0.0,6,0.00038946408,2080768,0.0017096619
0.8406530469655991,3318.755656480789,-4.9,619.57,1.7207841,3300,0.01738972,0.0,7,-5.3994823e-05,2084864,0.0016350844
0.816155806183815,3325.6795370578766,-4.89,618.66,1.7250613,3306,0.01902437,0.0,6,0.00031706662,2088960,0.0014747438
0.8474660068750381,3332.402136325836,-4.87,619.49,1.7208506,3312,0.015175918,0.0,6,-0.00065533834,2093056,0.0017014837
0.8040492236614227,3338.822112083435,-4.86,625.58,1.7187824,3318,0.01986285,0.0,6,-0.00086207874,2097152,0.0016602458
0.8479200899600983,3345.247838497162,-4.86,622.85,1.7303056,3325,0.016661389,0.0,7,-0.0011141223,2101248,0.0016982786
0.853916585445404,3351.5944859981537,-4.87,623.26,1.7322264,3331,0.015903942,0.0,6,-0.00041132257,2105344,0.0015486224
0.7845160961151123,3357.844914674759,-4.85,623.26,1.7457161,3337,0.025724465,0.0,6,0.0006437157,2109440,0.0016320109
0.8062174320220947,3364.1402809619904,-4.81,630.88,1.7472411,3343,0.02357105,0.0,6,-4.2426866e-05,2113536,0.0016136634
0.8302479833364487,3370.429786682129,-4.8,634.36,1.7440214,3350,0.020009974,0.0,7,0.0012599789,2117632,0.0014988414
0.8651785403490067,3376.847409963608,-4.8,630.52,1.7403623,3357,0.016784696,0.0,7,0.00023317395,2121728,0.0015333929
0.8262225389480591,3383.0794806480408,-4.79,634.97,1.7359941,3363,0.019028652,0.0,6,1.5438069e-05,2125824,0.0017493
0.814201682806015,3389.3643021583557,-4.79,645.29,1.7370363,3368,0.021099832,0.0,5,-0.0007480561,2129920,0.001601246
0.7722525000572205,3395.5414187908173,-4.73,656.94,1.7418522,3373,0.026633333,0.0,5,-0.0005652484,2134016,0.0014147334
0.8505697995424271,3401.833263874054,-4.73,651.49,1.7392988,3380,0.016167998,0.0,7,0.0006232075,2138112,0.0014000384
0.8664542436599731,3408.121114730835,-4.75,653.94,1.7352734,3387,0.016648369,0.0,7,-0.0007620853,2142208,0.0015809978
0.761740431189537,3414.3641350269318,-4.72,651.16,1.7336694,3394,0.02759331,0.0,7,-0.0002581305,2146304,0.001595265
0.8345517665147781,3420.662519454956,-4.72,646.35,1.73554,3401,0.019272082,0.0,7,-0.00014235638,2150400,0.0014507235
0.8567392528057098,3427.0391614437103,-4.72,646.27,1.7328751,3407,0.015563442,0.0,6,0.0012436577,2154496,0.0014790178
0.806303545832634,3433.333675146103,-4.73,643.15,1.7314007,3413,0.021817869,0.0,6,-0.0010876346,2158592,0.0015008532
0.8468497395515442,3439.6479585170746,-4.72,642.86,1.7314876,3420,0.01713204,0.0,7,-0.0009314625,2162688,0.0014169891
0.8226949274539948,3445.9503910541534,-4.72,640.62,1.7238163,3427,0.020458847,0.0,7,0.00081590284,2166784,0.0016746662
0.8674954622983932,3452.691298007965,-4.72,646.8,1.729697,3433,0.01465259,0.0,6,-0.0010325676,2170880,0.0014841411
0.8685460239648819,3459.0181930065155,-4.75,636.13,1.730897,3440,0.014587934,0.0,7,0.0006297665,2174976,0.0016176036
0.8589121550321579,3465.1266996860504,-4.79,631.29,1.7400124,3447,0.015145718,0.0,7,-0.00074311305,2179072,0.0016732536
0.8759671151638031,3471.632543325424,-4.8,634.6,1.7409711,3454,0.0135741355,0.0,7,0.00046760752,2183168,0.0014658009
0.8418051600456238,3478.4993619918823,-4.8,628.76,1.7380182,3461,0.01732855,0.0,7,-2.6564812e-05,2187264,0.001317431
0.8252145648002625,3484.9156749248505,-4.81,616.67,1.7395701,3468,0.019061008,0.0,7,4.9699098e-05,2191360,0.001178331
0.7981524467468262,3491.183352947235,-4.84,605.96,1.7460074,3474,0.02327185,0.0,6,-0.0012579893,2195456,0.0015783773
0.8491874486207962,3497.4188828468323,-4.83,603.41,1.742529,3482,0.017715769,0.0,8,0.0012133517,2199552,0.0016692693
0.8121682852506638,3503.6273391246796,-4.82,601.89,1.7290024,3489,0.022655638,0.0,7,-0.00096609956,2203648,0.0018686287
0.821655198931694,3510.0194482803345,-4.85,604.76,1.7237779,3496,0.019389786,0.0,7,0.0014952676,2207744,0.0016241776
0.841306746006012,3516.266732931137,-4.85,606.18,1.7149013,3502,0.017597802,0.0,6,-0.0010500287,2211840,0.0015906517
0.8439720124006271,3522.5127336978912,-4.85,604.16,1.7067865,3509,0.018344091,0.0,7,0.0011878272,2215936,0.0014232758
0.839347779750824,3528.7454555034637,-4.87,598.74,1.7069668,3516,0.017083066,0.0,7,0.0004321271,2220032,0.001311841
0.8553879708051682,3535.010582923889,-4.87,596.48,1.7102228,3523,0.015314243,0.0,7,0.0003756088,2224128,0.0013023092
0.8000151067972183,3541.3865101337433,-4.86,596.39,1.7151258,3530,0.019604426,0.0,7,0.001531767,2228224,0.0017231188
0.8504021018743515,3547.6822674274445,-4.85,595.25,1.7178998,3537,0.016381025,0.0,7,0.000816677,2232320,0.0015189444
0.8266759514808655,3553.9611842632294,-4.84,598.03,1.7132126,3543,0.019118622,0.0,6,-0.00021353105,2236416,0.0015552838
0.8517157137393951,3560.181879043579,-4.83,599.21,1.6983376,3549,0.016147608,0.0,6,0.00041676708,2240512,0.0018426431
0.8501083999872208,3566.4416029453278,-4.83,601.79,1.6896597,3556,0.01591039,0.0,7,-0.0010654251,2244608,0.0016447769
0.8647944629192352,3572.784359931946,-4.84,606.7,1.6854533,3563,0.014377465,0.0,7,0.00016632373,2248704,0.0015920529
0.8384349644184113,3586.1957087516785,-4.89,616.06,1.682766,3568,0.016029889,0.0,5,-7.857941e-05,2252800,0.0016674292
0.8435703665018082,3592.6927461624146,-4.91,612.75,1.6871128,3574,0.017055485,0.0,6,0.00018496648,2256896,0.0013005907
0.8485851734876633,3599.4712224006653,-4.91,620.77,1.6906577,3581,0.017351266,0.0,7,0.000554658,2260992,0.0014615844
0.8439625650644302,3606.0525846481323,-4.92,622.34,1.6775879,3588,0.017914196,0.0,7,0.00084007205,2265088,0.001630354
0.8566761314868927,3612.4305295944214,-4.92,622.05,1.6755688,3594,0.015184819,0.0,6,0.0007806865,2269184,0.0016227304
0.8182509541511536,3619.0277593135834,-4.93,622.78,1.6755489,3601,0.020426184,0.0,7,0.0012510053,2273280,0.0015437184
0.8141586482524872,3625.2122609615326,-4.92,628.01,1.6693085,3607,0.021971341,0.0,6,0.0013436559,2277376,0.0016366784
0.8791744560003281,3631.530301094055,-4.92,636.24,1.6706947,3613,0.014667614,0.0,6,-0.0019425477,2281472,0.001584654
0.8200955092906952,3637.9599602222443,-4.91,632.76,1.6804663,3620,0.022932028,0.0,7,-8.124276e-05,2285568,0.0014648299
0.8344223499298096,3644.4768993854523,-4.9,630.22,1.6836251,3627,0.017930232,0.0,7,-0.00063753943,2289664,0.0012971773
0.8631761968135834,3650.8637742996216,-4.92,628.55,1.6737248,3634,0.01529332,0.0,7,-0.0005103018,2293760,0.0015391163
0.8505757302045822,3657.3375782966614,-4.93,624.27,1.6792159,3641,0.016329644,0.0,7,0.0006473446,2297856,0.0014097855
0.8544149100780487,3663.6528239250183,-4.95,626.17,1.6773288,3647,0.013947313,0.0,6,-0.0013820052,2301952,0.0013050272
0.8553465604782104,3670.0368671417236,-4.95,635.34,1.6657137,3652,0.012699858,0.0,5,-0.00086167187,2306048,0.0013946685
0.8509413748979568,3676.3330323696136,-4.94,641.29,1.6730812,3659,0.015650693,0.0,7,0.00010122958,2310144,0.0014125737
0.8593350499868393,3682.6585898399353,-4.89,626.34,1.6692971,3666,0.016756091,0.0,7,-0.00041638175,2314240,0.001069454
0.8162085562944412,3688.9216146469116,-4.88,638.34,1.6573288,3671,0.01878924,0.0,5,-0.00026291737,2318336,0.0015364168
0.8308235257863998,3695.4277079105377,-4.88,632.02,1.6571215,3677,0.015441917,0.0,6,-2.8249342e-06,2322432,0.0014538844
0.8033237755298615,3701.4957871437073,-4.89,631.76,1.6581695,3685,0.019061042,0.0,8,0.0003206447,2326528,0.0015544719
0.8418155163526535,3708.092606306076,-4.88,630.21,1.666292,3692,0.016749261,0.0,7,-0.00090348045,2330624,0.0015164826
0.8379414230585098,3714.4296448230743,-4.88,632.47,1.6592411,3698,0.01682175,0.0,6,-8.861988e-05,2334720,0.0013438876
0.8053622394800186,3720.746950864792,-4.88,625.78,1.6479179,3705,0.020273352,0.0,7,-3.032654e-05,2338816,0.0014838262
0.8645244389772415,3726.994482278824,-4.87,622.31,1.6507772,3711,0.015328906,0.0,6,-0.0009661019,2342912,0.0014643361
0.851918414235115,3733.480306863785,-4.87,630.04,1.6476965,3717,0.017169992,0.0,6,-0.0011482947,2347008,0.0010974172
0.8587090075016022,3740.127578496933,-4.88,634.53,1.6451439,3724,0.014874341,0.0,7,0.0012987546,2351104,0.0012504186
0.8646726012229919,3746.4849469661713,-4.89,637.22,1.6548259,3730,0.013376293,0.0,6,0.00034897914,2355200,0.0013058372
0.8485086858272552,3752.800985813141,-4.89,636.36,1.6592942,3738,0.016025856,0.0,8,0.00048287824,2359296,0.0014268316
0.8410107642412186,3759.2267944812775,-4.89,627.79,1.6547042,3744,0.014956739,0.0,6,-0.0012820284,2363392,0.0014677641
0.8531710356473923,3765.7188725471497,-4.89,623.75,1.6543485,3751,0.013659084,0.0,7,0.0002150354,2367488,0.0013791755
0.8563064783811569,3772.2086975574493,-4.9,618.39,1.6602317,3758,0.014768746,0.0,7,0.00142088,2371584,0.001422215
0.8444336503744125,3778.6607315540314,-4.9,620.81,1.6638795,3765,0.016807592,0.0,7,0.0014943621,2375680,0.001342177
0.8383971303701401,3785.076794862747,-4.9,616.91,1.6563277,3771,0.01822573,0.0,6,-0.00092019327,2379776,0.0014719707
0.7979171872138977,3791.4320850372314,-4.88,618.73,1.6529558,3777,0.024688967,0.0,6,-0.0008164656,2383872,0.0012409909
0.8625985234975815,3797.993600130081,-4.87,618.07,1.6546253,3784,0.014131353,0.0,7,0.001001189,2387968,0.001403554
0.7770684063434601,3804.2780282497406,-4.84,626.16,1.6547457,3790,0.023557479,0.0,6,0.0008718483,2392064,0.0013179155
0.854022428393364,3810.4210274219513,-4.86,626.09,1.6424704,3796,0.015782129,0.0,6,0.00010790257,2396160,0.0014440775
0.8249791860580444,3816.8660550117493,-4.84,624.08,1.6363353,3803,0.02089095,0.0,7,0.0009769662,2400256,0.0015326953
0.848297506570816,3823.436100959778,-4.84,620.86,1.6297934,3811,0.018019563,0.0,8,-0.0005066802,2404352,0.0013290591
0.8351756483316422,3830.268796682358,-4.84,612.68,1.621783,3818,0.019854203,0.0,7,-0.00045575568,2408448,0.0014244101
0.8494556695222855,3836.739572286606,-4.84,615.16,1.6212678,3824,0.014450476,0.0,6,-5.7751313e-05,2412544,0.0013849301
0.820432648062706,3843.312691450119,-4.81,615.13,1.6322932,3830,0.020671103,0.0,6,0.00016413338,2416640,0.0013048656
0.8475857824087143,3849.8986122608185,-4.8,617.85,1.6422092,3837,0.015786575,0.0,7,0.00037306256,2420736,0.0012714821
0.8576971590518951,3856.2070648670197,-4.8,621.88,1.6508924,3844,0.015949616,0.0,7,-0.00085707405,2424832,0.0013623309
0.8674969524145126,3863.8301632404327,-4.8,614.56,1.6569482,3851,0.015491402,0.0,7,-0.001657381,2428928,0.0014068065
0.8182500451803207,3871.3883361816406,-4.77,616.31,1.6463437,3858,0.022914235,0.0,7,-0.0012151129,2433024,0.0010372861
0.8539430350065231,3878.0764360427856,-4.78,611.91,1.6394254,3864,0.015778627,0.0,6,0.00013786345,2437120,0.0009979936
0.7959432899951935,3884.3409564495087,-4.77,614.09,1.6445513,3870,0.02178692,0.0,6,-0.0008108865,2441216,0.0010454352
0.8180211335420609,3890.5759856700897,-4.78,616.5,1.6490372,3877,0.01943513,0.0,7,-0.00061968435,2445312,0.0011720033
0.8372865319252014,3896.991061449051,-4.78,621.45,1.6514735,3883,0.017201774,0.0,6,0.00012935302,2449408,0.0011967233
0.8552274405956268,3903.529510974884,-4.8,620.46,1.6538506,3889,0.016536424,0.0,6,-0.0007839304,2453504,0.0012712107
0.8543661236763,3909.811908006668,-4.81,614.48,1.6470721,3896,0.015233156,0.0,7,0.0013662443,2457600,0.0012419955
0.8245770484209061,3916.1339251995087,-4.81,618.02,1.6481295,3903,0.021314973,0.0,7,0.00047806825,2461696,0.0013488953
0.8539093136787415,3922.538293361664,-4.84,617.61,1.6546849,3910,0.015319708,0.0,7,-0.0021482508,2465792,0.0013479423
0.8289524465799332,3929.024540901184,-4.84,618.31,1.6584567,3917,0.01783306,0.0,7,0.0011790041,2469888,0.0012607581
0.826635867357254,3935.4306585788727,-4.83,619.08,1.6664428,3923,0.018353768,0.0,6,-0.00019601593,2473984,0.0015351819
0.780581995844841,3941.8748795986176,-4.8,624.83,1.6629462,3928,0.023274181,0.0,5,-0.0006003529,2478080,0.0014101824
0.7849142104387283,3948.1830327510834,-4.81,633.32,1.6582115,3933,0.02058086,0.0,5,-0.0003199348,2482176,0.001263242
0.8199451863765717,3954.5504851341248,-4.76,631.56,1.6492398,3941,0.02182582,0.0,8,0.00022228365,2486272,0.0011903901
0.8522125631570816,3960.9133040905,-4.76,636.18,1.6502975,3947,0.015450894,0.0,6,-0.0008015472,2490368,0.0011662215
0.8763108775019646,3967.3109526634216,-4.77,639.34,1.6550411,3954,0.012871599,0.0,7,0.0004224461,2494464,0.0014342228
0.824551597237587,3973.6021411418915,-4.76,644.52,1.656294,3960,0.020950623,0.0,6,0.00028189423,2498560,0.0015380392
0.8076905906200409,3986.817492246628,-4.76,647.13,1.6644571,3966,0.022197444,0.0,6,0.0014221965,2502656,0.0014442576
0.8611974120140076,3993.209920167923,-4.77,643.64,1.6618202,3972,0.013694364,0.0,6,0.0009774507,2506752,0.0012177154
0.8587439656257629,3999.3884580135345,-4.79,637.66,1.6500541,3979,0.015089391,0.0,7,-0.00092570385,2510848,0.0011501315
0.8550882637500763,4005.772432088852,-4.8,641.37,1.6489019,3985,0.014913543,0.0,6,0.0001502377,2514944,0.0009760577
0.8508072346448898,4012.270658969879,-4.81,635.61,1.6576443,3992,0.016670104,0.0,7,0.00038339722,2519040,0.0011178278
0.8482265472412109,4018.6688408851624,-4.8,641.7,1.6506028,3998,0.015308092,0.0,6,-0.00085172476,2523136,0.0010426703
0.8363607078790665,4025.013858318329,-4.82,642.18,1.6534874,4005,0.016969357,0.0,7,0.00049062807,2527232,0.00087526534
0.8394454568624496,4031.4214980602264,-4.81,647.32,1.6496079,4011,0.017420726,0.0,6,-0.00042648948,2531328,0.0010978992
0.8390091359615326,4037.990732192993,-4.82,648.51,1.6515853,4018,0.01621389,0.0,7,0.000880906,2535424,0.0011976492
0.8473081737756729,4044.4915721416473,-4.82,644.84,1.6413296,4024,0.015640687,0.0,6,-1.8489081e-05,2539520,0.0010960561
0.841233029961586,4050.8403236865997,-4.84,637.06,1.636013,4031,0.016998986,0.0,7,0.0010658051,2543616,0.0010866573
0.8542494922876358,4057.1814761161804,-4.9,627.95,1.6331592,4038,0.01480558,0.0,7,-0.0017118724,2547712,0.0011722161
0.8441118150949478,4063.60320353508,-4.9,623.09,1.6414942,4045,0.016101751,0.0,7,-0.00073142955,2551808,0.0012038597
0.8320048451423645,4070.037647008896,-4.89,622.82,1.6431912,4052,0.017587794,0.0,7,-0.00022925099,2555904,0.0010890987
0.8079181462526321,4076.5039660930634,-4.88,628.04,1.6374028,4058,0.022908151,0.0,6,0.00085250766,2560000,0.0011718341
0.8259512484073639,4082.849264860153,-4.87,619.3,1.624672,4064,0.02110363,0.0,6,-0.00092379795,2564096,0.0010926421
0.8559003621339798,4089.319599866867,-4.88,619.02,1.6261399,4071,0.01595787,0.0,7,6.6418375e-05,2568192,0.0010638649
0.8334164023399353,4095.754424571991,-4.87,626.16,1.61356,4077,0.016493939,0.0,6,-0.000540192,2572288,0.001260241
0.8272521942853928,4102.559914112091,-4.85,628.39,1.6125354,4083,0.01797249,0.0,6,-0.0006679618,2576384,0.0013881832
0.8270635455846786,4109.066784858704,-4.84,631.55,1.6093421,4090,0.01821839,0.0,7,-0.00019330741,2580480,0.0011839716
0.8433050215244293,4115.413060665131,-4.84,639.12,1.6059892,4095,0.016716074,0.0,5,-0.00016351277,2584576,0.0012415666
0.8094324022531509,4121.87756729126,-4.81,638.11,1.6047474,4101,0.022543214,0.0,6,-0.00075935,2588672,0.0011518834
0.845256045460701,4128.416349411011,-4.81,635.95,1.6000792,4108,0.016412849,0.0,7,0.00022701803,2592768,0.001183875
0.8244059383869171,4134.772999286652,-4.8,638.08,1.6170479,4114,0.018330682,0.0,6,-0.0011647474,2596864,0.0011513187
0.8669296205043793,4141.134944677353,-4.81,635.59,1.6269509,4121,0.014452981,0.0,7,-0.0014285283,2600960,0.0008862769
0.7927634418010712,4147.473563671112,-4.81,638.44,1.626491,4126,0.020386493,0.0,5,-0.0011472823,2605056,0.0013649816
0.857921913266182,4153.9425711631775,-4.81,643.56,1.6286863,4133,0.014861415,0.0,7,0.0019925043,2609152,0.0010187265
0.8686452358961105,4160.284581422806,-4.81,645.88,1.6310518,4140,0.013877208,0.0,7,-0.00075965165,2613248,0.0012352762
0.8648059815168381,4166.779489517212,-4.82,648.22,1.6325674,4146,0.014284811,0.0,6,-8.15955e-06,2617344,0.00080147246
0.8400383293628693,4173.465587854385,-4.8,657.77,1.6418127,4152,0.017192733,0.0,6,-0.0002653691,2621440,0.0011189368
0.8500365912914276,4179.776958227158,-4.83,651.06,1.6394376,4159,0.016375912,0.0,7,9.979686e-05,2625536,0.0011581085
0.859640896320343,4186.108174085617,-4.84,647.39,1.6359577,4165,0.014761727,0.0,6,-5.279435e-06,2629632,0.0012544035
0.81650410592556,4192.566719532013,-4.83,651.0,1.639452,4172,0.021192184,0.0,7,0.0012186044,2633728,0.001250899
0.8355656862258911,4199.074890136719,-4.82,651.4,1.6467574,4178,0.016600013,0.0,6,0.00053844566,2637824,0.0011930568
0.8196828812360764,4205.977761268616,-4.82,651.3,1.6359365,4184,0.020735329,0.0,6,-0.0002936992,2641920,0.0013189166
0.8655778467655182,4212.584054946899,-4.83,653.15,1.6450791,4190,0.013901054,0.0,6,-0.00018996093,2646016,0.0011181738
0.848967120051384,4219.147756814957,-4.85,641.89,1.6458853,4197,0.01819273,0.0,7,-8.59889e-05,2650112,0.0010081693
0.843296691775322,4225.532466650009,-4.84,641.09,1.6315827,4203,0.019444533,0.0,6,0.001108567,2654208,0.0010036691
0.8380054980516434,4232.297008514404,-4.83,644.81,1.6317283,4210,0.019316658,0.0,7,0.0012505502,2658304,0.0009961348
0.8364988416433334,4238.807524681091,-4.83,646.53,1.6400973,4215,0.017697252,0.0,5,-0.00061396,2662400,0.0011825396
0.8339834809303284,4245.159494400024,-4.82,648.28,1.6395057,4222,0.018963419,0.0,7,-0.00049168704,2666496,0.0009893816
0.8403339385986328,4251.910920143127,-4.84,646.67,1.6410803,4228,0.01653171,0.0,6,-7.633085e-05,2670592,0.0010636029
0.8607962429523468,4258.529515981674,-4.84,649.14,1.6413107,4234,0.0137159135,0.0,6,-1.6641337e-05,2674688,0.0009908181
0.8544672131538391,4264.966188907623,-4.84,644.37,1.640157,4241,0.01441923,0.0,7,0.00071082124,2678784,0.0009975551
0.8445762097835541,4271.462072610855,-4.85,639.74,1.635505,4248,0.0146329515,0.0,7,0.00076226896,2682880,0.0010621262
0.8231958150863647,4277.839106321335,-4.84,638.77,1.626473,4254,0.021006504,0.0,6,-0.00046510104,2686976,0.0011850242
0.8403044790029526,4284.925854682922,-4.85,634.19,1.6231962,4262,0.017957512,0.0,8,-0.000443523,2691072,0.00089770765
0.8068096041679382,4292.612244129181,-4.83,640.0,1.6254622,4268,0.020728536,0.0,6,0.00043650297,2695168,0.0008439719
0.8387644290924072,4299.87668800354,-4.84,647.29,1.6204294,4273,0.014700323,0.0,5,0.000400975,2699264,0.0010507408
0.8406692147254944,4306.858734369278,-4.85,646.79,1.616139,4279,0.014885814,0.0,6,-0.00018053886,2703360,0.0008662932
0.8502569943666458,4313.156734228134,-4.87,643.8,1.6129035,4286,0.015315082,0.0,7,-0.00040399417,2707456,0.00086295384
0.8145749568939209,4319.459906339645,-4.83,648.13,1.6188631,4292,0.019592538,0.0,6,-0.00091721443,2711552,0.0009505113
0.8160567432641983,4325.827237129211,-4.83,639.44,1.6156579,4300,0.018014295,0.0,8,0.0006642522,2715648,0.00089063833
0.8472353667020798,4332.050427675247,-4.86,637.9,1.6165173,4306,0.014956707,0.0,6,-0.00060715154,2719744,0.0009725351
0.8500796854496002,4338.34628200531,-4.86,631.35,1.6205456,4313,0.016181402,0.0,7,-5.2397372e-05,2723840,0.000937456
0.8250629901885986,4344.538345336914,-4.85,631.34,1.6172429,4319,0.021113733,0.0,6,-0.0007097223,2727936,0.0009095543
0.8555071651935577,4350.8463139534,-4.86,634.29,1.613752,4325,0.015809832,0.0,6,-0.00043445162,2732032,0.0012255803
0.869580551981926,4357.388032674789,-4.85,628.15,1.6040576,4332,0.012517913,0.0,7,-0.00038627116,2736128,0.00088634185
0.8555073887109756,4364.121623039246,-4.85,631.77,1.6137136,4338,0.013461925,0.0,6,-0.0007460334,2740224,0.0011290032
0.8629070669412613,4371.676846981049,-4.86,634.06,1.5989643,4345,0.014060577,0.0,7,-0.00022766169,2744320,0.0012278364
0.8513235449790955,4378.2248384952545,-4.86,639.29,1.6042454,4351,0.015689768,0.0,6,0.00036534446,2748416,0.0008718971
0.8257604241371155,4392.966388940811,-4.88,645.75,1.6153623,4356,0.016803132,0.0,5,0.0003484555,2752512,0.0010145463
0.8653075695037842,4399.640206575394,-4.89,648.43,1.613364,4363,0.013153971,0.0,7,-0.0005522274,2756608,0.0011032678
0.8583170622587204,4405.96520614624,-4.91,647.63,1.5997679,4368,0.013909655,0.0,5,-0.00081637525,2760704,0.0009247835
0.8516860604286194,4412.521717786789,-4.91,637.93,1.5913067,4376,0.014658789,0.0,8,0.0010136194,2764800,0.00093154254
0.8598132729530334,4419.219117641449,-4.91,637.73,1.6041676,4382,0.015479621,0.0,6,0.0005358035,2768896,0.0010174662
0.8358302712440491,4425.862468242645,-4.91,640.19,1.5979469,4388,0.017058704,0.0,6,-0.00041022003,2772992,0.0011611014
0.824788898229599,4432.337418317795,-4.93,636.85,1.601832,4395,0.020251287,0.0,7,-8.6184125e-05,2777088,0.000984177
0.8337383568286896,4438.801315546036,-4.92,648.15,1.6063383,4401,0.016685205,0.0,6,0.0005503501,2781184,0.000974379
0.8512097895145416,4445.121445894241,-4.92,651.53,1.6079841,4407,0.014161364,0.0,6,0.00034743792,2785280,0.0008828151
0.8602792024612427,4451.562248945236,-4.92,655.47,1.5916771,4413,0.013938844,0.0,6,-0.00076343946,2789376,0.0011208243
0.8749811500310898,4458.553508043289,-4.94,648.52,1.6055124,4420,0.013767768,0.0,7,-0.00021050824,2793472,0.0010311696
0.8684467673301697,4465.087975502014,-4.95,645.27,1.6089084,4426,0.014237995,0.0,6,0.00062547403,2797568,0.0010226284
0.8660867661237717,4471.855110406876,-4.95,645.87,1.6107336,4434,0.015319968,0.0,8,0.0016331698,2801664,0.00092394
0.8371469229459763,4478.157621860504,-4.94,642.7,1.6042899,4440,0.017951168,0.0,6,0.00062624784,2805760,0.00085580535
0.8607429265975952,4484.527621507645,-4.94,643.47,1.6159949,4446,0.015286245,0.0,6,-0.0004023891,2809856,0.0009076798
0.8014447540044785,4491.0334815979,-4.94,635.98,1.6124533,4453,0.021254715,0.0,7,0.00015618396,2813952,0.0009358034
0.8176867365837097,4497.48716711998,-4.9,632.67,1.6018845,4460,0.02263634,0.0,7,2.6187976e-05,2818048,0.0009536542
0.8384498357772827,4503.844038724899,-4.9,628.59,1.6095031,4466,0.016964827,0.0,6,-0.00079072197,2822144,0.00090850715
0.8275706022977829,4510.024903297424,-4.89,628.88,1.6044272,4472,0.018230561,0.0,6,0.00078494474,2826240,0.00085946743
0.8397753685712814,4516.285445928574,-4.88,629.01,1.6045333,4480,0.015810452,0.0,8,0.0004065542,2830336,0.00080505066
0.8490099757909775,4522.643797159195,-4.89,626.58,1.6028286,4486,0.016172828,0.0,6,0.00010853447,2834432,0.0007977425
0.8212045431137085,4529.241199016571,-4.88,629.0,1.6066229,4493,0.02024563,0.0,7,0.00038038165,2838528,0.00091144745
0.8129629492759705,4535.643991470337,-4.87,619.04,1.5986922,4500,0.022935044,0.0,7,-0.0004961757,2842624,0.0009968848
0.8461238145828247,4542.226029872894,-4.87,608.07,1.5960417,4507,0.018533988,0.0,7,0.00069678284,2846720,0.0009305112
0.8124636709690094,4562.020447254181,-4.85,610.06,1.5951854,4514,0.020812199,0.0,7,0.00024678232,2850816,0.00096483465
0.8163126856088638,4587.37952876091,-4.83,615.73,1.5966747,4520,0.023292586,0.0,6,0.00012992986,2854912,0.0008082259
0.859063908457756,4612.103885650635,-4.83,604.62,1.5901673,4528,0.015684163,0.0,8,0.00079226214,2859008,0.00079082407
0.8130341023206711,4638.394420862198,-4.79,612.54,1.596377,4534,0.023140732,0.0,6,-0.00017271237,2863104,0.0008168062
0.8456451594829559,4664.6194405555725,-4.79,610.85,1.605719,4540,0.018508265,0.0,6,-0.0011822591,2867200,0.00094189553
0.8097921758890152,4692.299627304077,-4.76,613.49,1.6026293,4547,0.021822954,0.0,7,-8.005975e-05,2871296,0.00087220117
0.8292489945888519,4718.596048593521,-4.77,612.06,1.5966593,4554,0.019049525,0.0,7,0.0016464994,2875392,0.0008718611
0.8211860060691833,4746.102155208588,-4.79,609.96,1.5998425,4561,0.019608064,0.0,7,9.442819e-05,2879488,0.00088916294
0.8409451842308044,4775.218801736832,-4.78,602.48,1.6069531,4568,0.017796898,0.0,7,0.0005953151,2883584,0.0007441236
0.8589789122343063,4803.108704328537,-4.79,601.84,1.6120702,4574,0.01330015,0.0,6,-0.0003003847,2887680,0.0008270547
0.8386315405368805,4831.805963516235,-4.78,608.32,1.6095532,4581,0.01623294,0.0,7,0.00090642436,2891776,0.0008959583
0.8405322283506393,4859.945707082748,-4.77,601.94,1.5986795,4588,0.018300312,0.0,7,-0.0015324953,2895872,0.0011579071
0.8362269103527069,4886.927383422852,-4.78,602.97,1.599218,4596,0.019400096,0.0,8,0.00013705995,2899968,0.0009357041
0.8299062848091125,4911.922157287598,-4.77,607.15,1.598252,4602,0.019857619,0.0,6,-0.00044618058,2904064,0.0010099103
0.8710251003503799,4935.55145072937,-4.79,606.61,1.5945218,4608,0.014988074,0.0,6,-0.00050228694,2908160,0.0008395914
0.8359357416629791,4958.3982791900635,-4.8,603.37,1.5968231,4616,0.019051393,0.0,8,0.0005653539,2912256,0.0008165159
0.8508174121379852,4982.46835899353,-4.81,601.14,1.5946652,4622,0.017887969,0.0,6,-0.00019428087,2916352,0.000823929
0.8607358932495117,5005.336401462555,-4.81,603.22,1.5993557,4629,0.015593689,0.0,7,0.00043642378,2920448,0.0011669496
0.8609093725681305,5028.980056285858,-4.84,600.2,1.5966328,4636,0.015411789,0.0,7,-0.00050167507,2924544,0.0010990314
0.8547983914613724,5051.82505774498,-4.86,596.31,1.5931311,4643,0.014783567,0.0,7,-8.73087e-05,2928640,0.0007899315
0.8421476781368256,5076.559095859528,-4.89,592.62,1.597504,4651,0.016251622,0.0,8,5.3575204e-06,2932736,0.00074694987
0.822004958987236,5100.480062007904,-4.87,590.24,1.6029981,4658,0.02073196,0.0,7,-7.551501e-05,2936832,0.000689715
0.869501456618309,5122.838217020035,-4.89,593.08,1.5990766,4664,0.013522094,0.0,6,-0.00080239074,2940928,0.00069742685
0.8029149174690247,5145.954984664917,-4.87,601.87,1.5987147,4670,0.01978694,0.0,6,0.001183509,2945024,0.00066375925
0.7707917243242264,5169.458312988281,-4.83,609.06,1.5814308,4675,0.023102496,0.0,5,-0.00071846775,2949120,0.0009662282
0.8500672280788422,5193.800829648972,-4.83,616.08,1.5873263,4681,0.01632616,0.0,6,-0.0009731385,2953216,0.00104483
0.8243174850940704,5219.590753793716,-4.83,619.11,1.5906478,4687,0.021969117,0.0,6,0.0008990327,2957312,0.0009827418
0.8624367117881775,5243.458392620087,-4.82,626.69,1.5916078,4693,0.016899036,0.0,6,0.0011371379,2961408,0.0009984111
0.847647175192833,5266.44025683403,-4.81,634.51,1.5982885,4699,0.016548349,0.0,6,0.0008951834,2965504,0.0010853787
0.8264423757791519,5290.459743022919,-4.79,634.54,1.6011783,4705,0.02324823,0.0,6,0.0007495389,2969600,0.000942164
0.8583503514528275,5314.62896323204,-4.79,633.54,1.6060681,4713,0.017355416,0.0,8,0.00029530434,2973696,0.0008945711
0.8330023288726807,5337.297696113586,-4.78,630.14,1.5951668,4720,0.019057296,0.0,7,0.00045220344,2977792,0.00091735146
0.8286055028438568,5359.63779592514,-4.79,627.63,1.592978,4727,0.020465622,0.0,7,0.00029853435,2981888,0.00070394157
0.8617528676986694,5383.842501401901,-4.79,628.1,1.5964118,4734,0.0145825865,0.0,7,-0.0003019343,2985984,0.0006874717
0.8655482828617096,5410.707358121872,-4.79,634.32,1.5993754,4740,0.014440048,0.0,6,-0.00015599956,2990080,0.0007793157
0.8620911240577698,5438.110160112381,-4.79,638.99,1.5968349,4746,0.015421357,0.0,6,-0.00026825117,2994176,0.0008085823
0.8662415742874146,5465.332078695297,-4.79,645.88,1.6009091,4753,0.01353225,0.0,7,8.866016e-05,2998272,0.0008851342
0.8713723123073578,5522.782849788666,-4.83,651.6,1.6029544,4758,0.013308471,0.0,5,0.0007119407,3002368,0.0008283222
0.8343349248170853,5549.92027759552,-4.82,644.38,1.6006054,4766,0.017189017,0.0,8,0.00032613298,3006464,0.0011034438
0.8365204483270645,5577.638694286346,-4.86,634.99,1.6000975,4772,0.016248507,0.0,6,0.0008057662,3010560,0.0009544197
0.87037593126297,5607.0400722026825,-4.87,621.3,1.598982,4780,0.014350261,0.0,8,-0.00075562904,3014656,0.0008185826
0.7976717203855515,5633.432569265366,-4.84,616.24,1.5908787,4787,0.025440572,0.0,7,-1.4169142e-05,3018752,0.00080855633
0.8442724496126175,5657.327167272568,-4.86,619.7,1.5914763,4793,0.014947005,0.0,6,0.0003531092,3022848,0.0007062433
0.8486395329236984,5685.8255879879,-4.87,612.81,1.5958889,4799,0.017426686,0.0,6,-0.0015023027,3026944,0.0008356258
0.7968149036169052,5708.911353111267,-4.88,609.57,1.5919176,4806,0.02245254,0.0,7,0.00042216096,3031040,0.00088992296
0.8481293022632599,5731.996834039688,-4.86,617.44,1.5978689,4812,0.015935779,0.0,6,0.00015866128,3035136,0.00058822235
0.8264875560998917,5755.9297552108765,-4.86,621.28,1.6012224,4819,0.01927591,0.0,7,0.0008282885,3039232,0.0006294828
0.8648291528224945,5779.148700714111,-4.87,626.71,1.6071502,4825,0.014065403,0.0,6,0.00044506788,3043328,0.00081473275
