#{"t_start": 1599888656.909491, "env_id": "SlimeVolley-v0"}
r,l,t
-5,631,0.830416
-5,530,1.036309
-5,518,1.234125
-5,476,1.400864
-5,553,1.605691
-5,599,1.817456
-5,419,1.961707
-5,687,3.518023
-5,464,3.682173
-5,537,3.873984
-5,464,4.073254
-5,600,4.292018
-5,428,4.447412
-4,612,4.690656
-5,580,4.896126
-5,754,6.425058
-5,468,6.598153
-5,484,6.775409
-5,682,7.015048
-5,612,7.237071
-5,510,7.422628
-4,577,7.631832
-5,448,8.951433
-5,544,9.154416
-5,612,9.376831
-5,461,9.53963
-5,493,9.710169
-5,502,9.88188
-5,592,10.086121
-5,623,11.401284
-5,806,11.690155
-5,891,12.007606
-5,636,12.250954
-5,910,12.567819
-5,573,12.769598
-5,515,14.075708
-5,536,14.286425
-5,552,14.500644
-5,562,14.715777
-5,564,14.918279
-5,661,15.174515
-5,496,15.352641
-5,595,16.642704
-5,598,16.856874
-5,861,17.167176
-5,652,17.392334
-5,493,17.563784
-5,641,17.783723
-5,548,17.970245
-5,531,19.271489
-4,794,19.554131
-5,612,19.76868
-5,689,20.009352
-5,448,20.166477
-5,433,20.315061
-5,478,20.479258
-5,575,21.754879
-5,703,22.014969
-4,543,22.279588
-5,499,22.504638
-5,479,22.689055
-5,700,22.941329
-5,521,23.133487
-5,847,24.523309
-4,884,24.845566
-5,599,25.108069
-5,639,25.337931
-5,521,25.537868
-5,965,27.174935
-5,608,27.430132
-5,687,27.701165
-5,1004,28.114416
-5,721,28.425443
-5,439,28.600365
-5,596,29.952844
-5,485,30.13686
-5,517,30.324154
-5,507,30.504562
-5,532,30.715332
-5,761,30.994573
-5,581,31.203529
-5,554,31.416585
-5,405,32.707806
-5,485,32.883865
-5,782,33.183658
-5,463,33.353293
-4,904,33.69341
-5,399,33.845017
-5,720,34.121889
-5,453,35.371738
-5,666,35.606248
-2,981,35.967828
-5,488,36.141035
-5,742,36.403673
-5,731,36.660231
-5,507,37.903305
-5,709,38.149792
-5,456,38.309208
-5,497,38.481418
-5,498,38.653213
-5,548,38.841698
-4,670,39.073783
-5,525,40.327544
-5,503,40.504268
-5,954,40.828248
-5,728,41.081785
-5,668,41.314851
-5,540,41.504397
-5,445,41.663132
-5,619,42.958743
-4,643,43.182066
-5,546,43.372251
-5,714,43.619912
-5,421,43.76647
-5,595,43.987049
-5,780,45.334383
-5,450,45.491967
-5,449,45.647557
-5,564,45.847004
-5,784,46.133881
-5,539,46.335965
-5,479,46.525126
-5,540,46.737802
-5,565,48.024553
-5,453,48.191268
-5,554,48.388826
-5,837,48.685032
-5,621,48.914306
-4,542,49.12191
-5,1427,50.733029
-5,429,50.883678
-5,719,51.136681
-5,626,51.377203
-5,916,51.703618
-5,510,51.898435
-5,548,53.249868
-5,787,53.549479
-5,503,53.737868
-5,761,54.008557
-5,574,54.209922
-5,481,54.388248
-5,853,55.790409
-5,694,56.037767
-5,476,56.218801
-5,648,56.448401
-5,643,56.692742
-5,583,56.921438
-5,697,57.179047
-4,1091,58.716437
-5,602,58.945633
-5,502,59.131155
-5,731,59.404261
-5,765,59.6989
-5,420,59.880091
-5,715,61.293236
-5,633,61.541553
-5,652,61.812957
-5,487,62.008504
-5,639,62.273587
-4,701,62.558645
-5,759,63.995984
-5,547,64.204616
-5,684,64.482633
-5,773,64.76974
-5,446,64.942961
-5,674,65.213838
-5,517,65.401542
-5,698,66.706601
-5,977,67.083409
-5,400,67.230924
-5,572,67.428836
-4,802,67.705925
-5,494,67.875601
-5,603,69.172792
-5,532,69.374579
-5,740,69.648005
-5,563,69.864226
-5,466,70.0277
-5,445,70.186529
-5,599,70.397343
-5,562,71.673158
-5,552,71.873377
-5,560,72.088335
-5,549,72.315277
-5,530,72.52541
-5,437,72.693002
-5,661,72.931815
-4,634,74.285693
-5,762,74.566537
-5,514,74.751408
-5,464,74.922425
-5,885,75.240184
-5,568,75.451573
-5,605,75.677581
-5,667,77.006729
-5,538,77.203703
-5,736,77.461451
-5,667,77.708087
-5,477,77.877755
-5,472,78.046115
-4,1012,79.51377
-5,877,79.850265
-5,580,80.053898
-5,510,80.232111
-5,450,80.389691
-5,509,80.590158
-5,667,80.861138
-5,547,82.226741
-5,842,82.553709
-5,807,82.863127
-4,772,83.155803
-5,446,83.336608
-5,469,83.526819
-5,697,84.969798
-5,455,85.161182
-5,521,85.355251
-5,606,85.604103
-5,593,85.825763
-5,597,86.049507
-5,530,86.248717
-5,557,86.454468
-5,723,87.927386
-5,607,88.189481
-5,571,88.430795
-5,658,88.686368
-5,605,88.975434
-5,472,89.162934
-5,605,90.495274
-5,488,90.670597
-4,695,90.913897
-5,531,91.097878
-4,628,91.327096
-5,741,91.589523
-4,642,91.814557
-5,536,93.077171
-5,576,93.283266
-5,641,93.503954
-5,651,93.730697
-5,625,93.948495
-5,541,94.134735
-5,517,94.31636
-5,546,95.569948
-5,453,95.72667
-4,807,96.011647
-5,479,96.178216
-4,749,96.444046
-5,511,96.621221
-5,441,96.770597
-5,648,98.115835
-5,580,98.32437
-4,759,98.590726
-5,562,98.783041
-5,465,98.947813
-4,692,99.190377
-5,704,99.441455
-5,696,100.773647
-5,549,100.972973
-5,583,101.193246
-5,718,101.453549
-5,698,101.708186
-5,496,101.881182
-5,552,103.149599
-5,713,103.411953
-4,785,103.692048
-5,976,104.048836
-5,620,104.27357
-5,657,104.514445
-5,642,105.80979
-5,535,106.007688
-5,602,106.226822
-3,755,106.495413
-5,1096,106.890819
-5,702,108.21776
-4,913,108.549737
-5,583,108.759142
-5,555,108.950606
-4,648,109.196335
-5,872,109.520398
-5,549,110.793356
-5,571,111.00027
-5,531,111.194931
-5,770,111.473877
-5,790,111.749446
-5,693,111.990979
-5,536,112.187784
-5,456,113.405396
-4,671,113.641585
-4,555,113.834563
-5,545,114.023636
-5,659,114.252017
-5,642,114.478358
-5,740,115.802941
-5,659,116.038464
-5,517,116.227204
-5,570,116.43501
-5,526,116.62555
-4,854,116.936244
-5,695,117.184634
-5,626,118.505065
-5,738,118.766219
-5,914,119.094091
-5,539,119.292265
-5,623,119.52479
-5,965,120.949493
-4,827,121.248333
-5,608,121.464928
-5,665,121.691702
-5,584,121.894982
-5,600,122.109047
-5,613,122.321637
-5,650,123.648921
-5,1020,124.025236
-4,841,124.331168
-5,810,124.641276
-5,605,124.86823
-5,683,126.245948
-5,822,126.564741
-5,448,126.739921
-4,859,127.050064
-5,491,127.232458
-4,1013,127.823535
-5,536,128.046784
-4,924,128.40331
-5,512,128.614567
-5,486,128.807747
-5,858,129.156039
-5,695,129.429618
-4,773,129.766353
-5,587,130.013732
-5,640,130.261157
-5,618,130.502646
-5,590,130.75993
-5,745,131.051045
-5,555,131.269221
-4,905,131.618169
-4,751,131.910301
-5,621,132.156354
-5,638,132.41261
-5,694,132.682027
-5,495,132.874034
-5,1038,133.272482
-5,767,133.564491
-5,591,133.792708
-5,694,134.06357
-5,568,134.287683
-5,697,134.556621
-5,953,134.924857
-5,691,135.190293
-5,585,135.416598
-5,697,135.683165
-5,803,135.994149
-5,759,136.287422
-5,692,136.554723
-5,539,136.761526
-5,510,136.959642
-5,687,137.22247
-5,827,137.591919
-5,522,137.818803
-4,951,138.20269
-4,921,138.571176
-5,543,138.786977
-5,675,139.045975
-3,1162,139.497696
-5,588,139.728552
-5,773,140.024783
-4,586,140.250881
-5,531,140.456053
-5,550,140.67319
-5,1010,141.061984
-5,953,141.437434
-4,967,141.81111
-5,465,141.987328
-5,801,142.29271
-5,561,142.507282
-5,547,142.722454
-5,780,143.018896
-5,619,143.260798
-5,668,143.527854
-5,457,143.710432
-4,912,144.065683
-4,962,144.442976
-5,698,144.717033
-5,479,144.905535
-5,764,145.20973
-5,761,145.504219
-5,912,145.858732
-5,894,146.207291
-5,916,146.560116
-5,763,146.855342
-5,476,147.035416
-5,482,147.226622
-5,747,147.520769
-5,576,147.739706
-5,671,147.997715
-5,663,148.266716
-5,521,148.466496
-5,960,148.84656
-5,621,149.085616
-5,549,149.303335
-5,1125,149.742584
-5,805,150.053849
-5,809,150.369712
-5,589,150.600412
-5,690,150.864167
-5,734,151.14436
-4,760,151.435573
-5,895,151.780505
-5,591,152.008448
-5,869,152.348102
-5,1170,152.80032
-5,520,153.000726
-5,834,153.328682
-5,534,153.5426
-5,718,153.834247
-5,971,154.208074
-5,667,154.469203
-5,628,154.709219
-4,859,155.040161
-5,651,155.289081
-5,597,155.519992
-5,680,155.78083
-5,819,156.096676
-5,865,156.437332
-5,449,156.608473
-5,830,156.930808
-5,684,157.196377
-5,386,157.348524
-5,825,157.66258
-5,513,157.865611
-4,734,158.150553
-5,738,158.434604
-4,1070,158.860096
-4,779,159.161695
-5,747,159.455466
-5,650,159.707904
-5,848,160.030705
-5,643,160.278596
-4,661,160.532938
-5,572,160.756227
-5,654,161.012466
-5,670,161.268724
-4,1147,161.716953
-5,676,161.978717
-5,508,162.174332
-5,668,162.437658
-5,533,162.650755
-5,658,162.908927
-5,848,163.238403
-5,785,163.540931
-5,700,163.82178
-5,485,164.019042
-5,470,164.201853
-5,1031,164.614019
-5,895,164.964669
-5,1054,165.376409
-4,638,165.622414
-5,844,165.958118
-5,923,166.320537
-5,619,166.55991
-5,592,166.786047
-4,838,167.11394
-5,773,167.416643
-5,660,167.674481
-5,818,167.993832
-5,935,168.35991
-5,702,168.630126
-5,775,168.938879
-5,661,169.192317
-5,530,169.398867
-5,537,169.606164
-5,571,169.828032
-5,701,170.097524
-5,546,170.315008
-5,485,170.502689
-5,560,170.716687
-5,714,170.990406
-4,715,171.263668
-5,609,171.495904
-5,773,171.79407
-4,1013,172.183371
-5,651,172.451086
-5,631,172.692609
-3,1034,173.090968
-5,697,173.358156
-5,619,173.596217
-4,698,173.876432
-5,513,174.089784
-5,471,174.295002
-5,627,174.54611
-5,493,174.76874
-5,827,175.136462
-5,517,175.367173
-3,790,175.697295
-5,669,176.130321
-5,864,176.532775
-5,507,176.742043
-5,510,176.939325
-5,686,177.214154
-5,698,177.505911
-5,587,177.770487
-2,1158,178.255158
-5,662,178.519256
-4,1079,178.975101
-5,872,179.319141
-4,720,179.605042
-5,556,179.827869
-5,778,180.139419
-5,459,180.354616
-5,1329,180.907658
-5,613,181.144284
-4,738,181.446713
-5,822,181.782767
-5,667,182.039634
-5,558,182.27763
-5,504,182.531463
-5,776,182.849981
-5,738,183.136682
-5,635,183.38883
-5,963,183.760073
-5,552,183.98206
-5,687,184.263603
-5,745,184.591736
-5,584,184.841015
-5,725,185.174708
-5,587,185.506274
-5,932,186.044251
-5,601,186.394582
-4,900,186.971051
-5,593,187.327705
-5,647,187.686219
-5,696,188.259889
-5,774,188.900215
-4,893,189.656885
-5,720,190.217811
-5,626,190.717515
-3,991,191.409208
-5,652,191.911224
-5,571,192.328128
-4,1078,192.945335
-5,755,193.358646
-5,833,193.76027
-4,744,194.166877
-5,1072,194.634213
-5,767,194.968854
-5,814,195.318399
-5,592,195.55451
-5,976,195.940874
-4,593,196.177663
-5,484,196.379776
-5,589,196.614139
-5,540,196.831329
-5,411,196.994249
-5,642,197.260889
-5,504,197.463402
-5,619,197.725812
-5,520,197.927877
-5,614,198.16809
-5,613,198.48741
-5,812,198.815205
-4,914,199.174235
-5,541,199.399587
-5,614,199.641912
-5,786,199.984931
-5,513,200.208492
-4,1000,200.622883
-4,731,200.935195
-5,786,201.283519
-5,602,201.535367
-4,651,201.792933
-5,731,202.120589
-5,823,202.48388
-4,959,202.886818
-5,852,203.279467
-4,738,203.597093
-5,532,203.806325
-5,826,204.182989
-5,916,204.548946
-5,858,204.958368
-5,575,205.28331
-5,471,205.471499
-5,546,205.737538
-5,787,206.271267
-5,622,206.55013
-5,1263,207.107474
-5,690,207.431032
-4,750,207.789901
-5,846,208.145395
-5,804,208.499739
-5,551,208.72488
-5,496,208.92733
-4,1005,209.384726
-5,578,209.635467
-5,575,209.871134
-5,685,210.163293
-5,883,210.529605
-5,839,210.87161
-5,849,211.229792
-5,609,211.516066
-5,595,211.943154
-5,490,212.143557
-5,785,212.459748
-5,487,212.656545
-5,712,212.942434
-5,550,213.183956
-5,825,213.554737
-5,597,213.78429
-5,530,213.99215
-5,894,214.342407
-5,548,214.559987
-5,722,214.857053
-4,649,215.149279
-5,583,215.400806
-5,668,215.681557
-5,491,215.971373
-5,737,216.711277
-5,962,217.630639
-4,778,218.090927
-5,1118,218.615772
-4,810,218.983681
-5,690,219.270283
-5,833,219.655037
-5,656,219.996473
-5,671,220.418607
-5,946,220.881103
-5,640,221.26525
-5,771,221.608782
-3,1212,222.173689
-5,611,222.423313
-5,857,222.778885
-5,503,222.994064
-5,638,223.265677
-4,792,223.615553
-5,801,223.974919
-5,762,224.337829
-5,717,224.653386
-5,585,224.913389
-5,726,225.216381
-5,522,225.444852
-5,833,225.795802
-4,678,226.099833
-5,562,226.344878
-5,634,226.632323
-5,605,226.907668
-5,861,227.296629
-5,729,227.59223
-5,513,227.831603
-4,680,228.126886
-5,562,228.36679
-5,556,228.603214
-5,726,228.916397
-5,719,229.24403
-5,663,229.510686
-5,594,229.77609
-5,774,230.101299
-5,505,230.310431
-5,502,230.544281
-4,969,231.015477
-5,1055,231.444809
-5,732,231.780212
-5,539,232.023342
-4,867,232.403864
-5,521,232.6196
-5,739,232.91526
-5,891,233.27961
-5,638,233.534627
-5,544,233.796521
-5,829,234.191405
-5,977,234.578594
-5,580,234.806997
-5,616,235.045134
-5,675,235.327615
-5,815,235.667459
-5,1073,236.130808
-5,786,236.495557
-5,664,236.786106
-4,643,237.055325
-5,598,237.328486
-5,526,237.540816
-5,766,237.918916
-5,564,238.185397
-5,971,238.629614
-5,717,238.964186
-5,550,239.188047
-5,727,239.509511
-5,602,239.754009
-4,748,240.058329
-5,1011,240.502729
-4,808,240.845448
-5,616,241.100049
-5,852,241.46635
-5,717,241.775632
-5,632,242.037596
-5,790,242.38084
-3,987,242.856437
-5,718,243.228902
-5,439,243.413922
-5,606,243.67126
-5,640,243.953077
-4,929,244.367616
-5,658,244.628773
-5,649,244.88394
-5,737,245.189004
-5,856,245.532485
-5,481,245.74545
-5,766,246.061395
-5,769,246.385437
-5,650,246.665602
-5,550,246.895128
-5,471,247.107534
-5,504,247.333518
-4,963,247.722817
-5,669,248.033309
-5,746,248.38684
-5,523,248.613974
-5,609,248.859922
-5,798,249.183612
-5,591,249.418547
-5,507,249.630092
-5,641,249.879649
-5,710,250.248123
-5,439,250.458325
-5,600,250.729711
-4,886,251.107726
-5,553,251.3437
-5,805,251.672335
-5,653,251.93812
-5,739,252.243877
-5,457,252.422633
-4,836,252.758532
-5,1169,253.264905
-5,599,253.51601
-5,587,253.801883
-5,597,254.070675
-4,568,254.349117
-5,552,254.611652
-5,780,254.954544
-5,748,255.266642
-5,624,255.515121
-5,500,255.718487
-5,574,255.944016
-5,577,256.180344
-5,613,256.454945
-5,833,256.814782
-5,894,257.189565
-5,714,257.508852
-4,836,257.86888
-5,613,258.129036
-5,494,258.354322
-5,813,258.755552
-5,785,259.075812
-5,569,259.32042
-5,549,259.531275
-5,789,259.868013
-5,698,260.186901
-4,666,260.447824
-5,722,260.753177
-4,726,261.088522
-5,966,261.543327
-5,680,261.81742
-5,606,262.096304
-5,594,262.3619
-5,466,262.55178
-5,629,262.82181
-4,921,263.230712
-4,754,263.557421
-5,453,263.746293
-5,648,264.000743
-5,716,264.311292
-5,520,264.542534
-5,955,264.916236
-5,613,265.178137
-5,893,265.570478
-5,862,265.908793
-5,747,266.25729
-5,782,266.582545
-5,781,266.909723
-5,479,267.116895
-5,649,267.392073
-5,742,267.687699
-4,925,268.058106
-5,1165,268.528239
-5,625,268.810933
-5,596,269.075935
-5,771,269.458387
-4,1079,269.9153
-4,858,270.298843
-5,998,270.69934
-5,777,271.009957
-5,623,271.26472
-5,552,271.513485
-5,518,271.726375
-5,703,272.054959
-5,816,272.434587
-5,663,272.707068
-5,1045,273.126077
-5,655,273.391277
-5,677,273.669517
-5,852,274.011797
-5,882,274.36292
-5,436,274.53247
-5,722,274.850775
-4,1018,275.340489
-5,824,275.670785
-5,448,275.84814
-5,574,276.085191
-5,774,276.386515
-5,609,276.627868
-5,955,277.007189
-5,598,277.257713
-5,764,277.563338
-5,588,277.804817
-5,728,278.148896
-4,840,278.488453
-5,700,278.773453
-5,633,279.067342
-5,892,279.421151
-5,467,279.599403
-4,671,279.86288
-5,556,280.089942
-5,590,280.359281
-5,720,280.658746
-5,643,280.921123
-5,444,281.127986
-5,755,281.50648
-5,573,281.758627
-4,784,282.090818
-5,552,282.325294
-4,883,282.696438
-5,776,283.080585
-5,839,283.47264
-3,841,283.849504
-5,826,284.21201
-5,581,284.444718
-5,480,284.63158
-5,756,284.929172
-5,616,285.174124
-4,888,285.627612
-4,640,285.913479
-5,907,286.301652
-5,1077,286.742186
-5,852,287.084981
-5,712,287.381293
-5,509,287.591825
-5,525,287.799041
-5,785,288.111457
-5,865,288.479535
-5,616,288.764669
-5,514,289.030126
-5,673,289.317921
-5,729,289.611326
-5,789,289.929664
-5,491,290.130029
-5,639,290.389055
-5,637,290.640787
-4,1093,291.078307
-5,541,291.291876
-5,652,291.560963
-5,1179,292.052735
-5,647,292.333596
-5,672,292.623512
-5,908,293.003017
-5,890,293.435527
-3,770,293.771324
-5,722,294.059168
-5,820,294.385321
-5,516,294.58983
-5,527,294.798606
-5,613,295.06616
-5,639,295.345928
-5,563,295.58706
-5,609,295.844312
-5,481,296.054149
-4,637,296.332913
-5,993,296.755671
-5,633,297.022506
-5,887,297.377401
-5,422,297.545711
-5,572,297.792732
-5,721,298.089202
-5,663,298.408882
-5,727,298.736656
-5,928,299.192778
-5,810,299.546928
-5,520,299.76952
-5,548,300.004642
-5,589,300.255927
-5,700,300.542119
-5,783,300.853286
-5,836,301.192308
-5,804,301.534753
-4,769,301.859748
-5,967,302.333242
-5,627,302.59667
-5,449,302.773038
-5,707,303.059143
-5,583,303.290576
-5,519,303.511973
-5,786,303.86054
-5,686,304.14475
-4,562,304.388541
-5,658,304.651153
-5,940,305.073261
-3,799,305.411766
-5,444,305.608656
-5,560,305.858906
-5,1068,306.343686
-5,742,306.667943
-5,591,306.900004
-5,693,307.176007
-5,664,307.436663
-5,581,307.669809
-4,1220,308.138287
-4,933,308.506761
-4,654,308.757769
-4,842,309.085983
-5,944,309.466806
-5,748,309.781771
-4,738,310.100541
-5,500,310.32544
-5,823,310.707236
-5,535,310.986946
-5,636,311.263445
-5,743,311.577915
-5,541,311.812258
-5,914,312.198568
-5,532,312.424812
-5,994,312.851751
-4,803,313.172817
-5,761,313.466723
-5,818,313.827625
-5,960,314.263578
-5,749,314.580283
-5,701,314.866732
-5,744,315.187811
-5,593,315.435505
-5,884,315.805201
-5,594,316.04656
-5,568,316.279925
-5,596,316.51117
-5,706,316.782616
-5,501,316.981228
-5,578,317.212646
-5,525,317.445427
-5,997,317.87276
-5,810,318.214789
-5,595,318.473695
-5,481,318.674699
-4,972,319.063559
-5,712,319.380894
-5,537,319.665739
-5,392,319.821609
-4,784,320.138272
-5,810,320.463816
-4,702,320.752714
-5,670,321.026716
-5,784,321.38832
-5,621,321.646489
-5,763,321.961252
-5,623,322.2692
-5,728,322.594963
-5,706,322.901224
-5,631,323.159433
-5,581,323.389319
-3,802,323.71574
-4,995,324.110265
-5,480,324.330075
-5,811,324.665268
-5,713,324.944709
-5,517,325.15878
-5,508,325.357942
-4,790,325.662499
-5,483,325.851172
-4,657,326.117634
-5,430,326.286335
-5,684,326.553723
-5,699,326.8522
-5,771,327.182802
-4,1182,327.733577
-5,700,328.052934
-5,983,328.48162
-5,724,328.777805
-5,625,329.034498
-5,914,329.415308
-5,626,329.670326
-5,834,330.018524
-5,613,330.278224
-5,878,330.642849
-5,709,330.935762
-4,731,331.249541
-5,762,331.566871
-5,679,331.847449
-5,533,332.066171
-5,778,332.395407
-5,653,332.656468
-5,494,332.857266
-5,620,333.109837
-5,649,333.401672
-4,794,333.726915
-5,675,333.995554
-5,684,334.276863
-4,785,334.609928
-4,915,335.015997
-4,1168,335.489846
-5,1019,335.898672
-5,590,336.159906
-5,794,336.513736
-5,735,336.806487
-4,932,337.2181
-5,598,337.480194
-5,663,337.746266
-5,631,337.985958
-5,752,338.283048
-5,546,338.494219
-5,567,338.713867
-5,987,339.089668
-5,603,339.327637
-5,616,339.607445
-5,571,339.849379
-4,908,340.261186
-5,689,340.534048
-5,677,340.855984
-4,821,341.289733
-5,563,341.557537
-5,1072,342.052499
-5,683,342.357362
-5,473,342.561119
-5,760,342.872681
-5,497,343.137082
-5,1260,343.809801
-5,512,344.020495
-5,825,344.360352
-4,835,344.770959
-5,671,345.058929
-5,588,345.393325
-5,1103,345.867879
-5,621,346.142401
-5,595,346.40184
-5,632,346.680945
-4,787,347.019483
-5,768,347.343894
-5,777,347.67231
-5,844,348.081162
-5,609,348.387441
-5,409,348.570258
-5,766,348.899424
-5,532,349.118067
-5,637,349.399698
-5,739,349.716595
-4,836,350.154688
-5,684,350.446233
-5,745,350.774327
-5,732,351.086745
-5,746,351.387996
-5,546,351.61002
-5,634,351.869294
-5,543,352.117956
-5,634,352.41883
-5,845,352.80873
-4,773,353.205453
-5,716,353.496325
-5,596,353.757411
-5,941,354.160727
-5,642,354.456657
-4,772,354.763564
-4,726,355.093274
-5,666,355.388018
-5,592,355.656104
-5,548,355.900234
-5,637,356.191286
-5,633,356.494301
-5,650,356.792291
-4,930,357.18405
-5,807,357.570837
-5,604,357.860189
-5,621,358.163443
-5,651,358.469906
-5,748,358.774422
-5,556,359.055243
-5,634,359.312057
-5,831,359.634774
-5,396,359.830805
-5,682,360.094803
-5,476,360.280796
-4,575,360.51056
-5,856,360.858332
-5,674,361.129889
-4,908,361.492318
-5,593,361.734187
-5,708,362.020509
-5,563,362.258831
-5,669,362.529624
-5,505,362.738756
-5,954,363.132551
-5,733,363.431114
-5,569,363.667901
-5,603,363.91133
-5,780,364.228063
-5,862,364.583674
-5,690,364.86828
-5,621,365.116799
-5,673,365.392436
-5,487,365.588486
-4,547,365.806113
-5,520,366.0176
-4,776,366.333998
-5,848,366.681509
-5,727,366.970893
-4,675,367.2453
-5,640,367.542276
-5,851,367.919191
-5,667,368.221352
-5,694,368.525924
-5,786,368.881211
-5,604,369.145038
-5,559,369.376376
-4,761,369.67415
-5,650,369.93666
-5,596,370.206266
-5,474,370.420105
-5,446,370.632429
-5,874,370.999076
-5,958,371.46104
-5,501,371.667444
-5,738,371.96422
-4,725,372.26348
-5,553,372.481741
-5,689,372.764151
-5,627,373.022172
-5,621,373.269499
-5,667,373.538128
-5,883,373.882996
-5,677,374.152159
-5,589,374.389587
-5,707,374.675988
-5,887,375.026504
-5,584,375.275957
-5,895,375.637611
-5,601,375.889264
-5,768,376.204223
-5,845,376.539085
-4,747,376.885449
-5,637,377.18141
-5,770,377.51032
-5,572,377.760182
-5,1019,378.185424
-5,619,378.462734
-5,699,378.746472
-5,657,379.014409
-4,1449,379.635904
-5,513,379.840368
-5,689,380.117047
-5,734,380.405804
-5,637,380.654609
-5,561,380.879349
-5,599,381.156102
-5,436,381.331258
-5,471,381.516156
-5,555,381.739249
-5,702,382.021568
-5,630,382.328706
-5,514,382.535833
-5,850,382.905098
-5,861,383.275932
-5,659,383.567222
-5,579,383.831396
-5,790,384.171069
-5,707,384.476708
-5,965,384.865185
-5,827,385.240592
-5,427,385.420142
-5,440,385.623865
-5,820,386.042562
-5,898,386.418234
-4,833,386.760906
-5,714,387.051163
-4,987,387.486381
-5,751,387.798195
-5,550,388.032586
-4,965,388.441915
-5,663,388.711922
-5,645,388.972311
-5,931,389.396609
-4,827,389.767997
-4,712,390.050587
-5,527,390.269267
-5,486,390.462088
-5,596,390.699461
-5,792,391.007468
-5,1070,391.485432
-5,533,391.720939
-5,630,391.980727
-4,708,392.297038
-3,999,392.719112
-5,556,392.948478
-5,757,393.270949
-5,499,393.493414
-5,764,393.823848
-5,745,394.176595
-5,800,394.497711
-5,443,394.679218
-5,590,394.935242
-5,639,395.273943
-5,489,395.471043
-4,792,395.789231
-5,551,396.005656
-5,728,396.363551
-5,756,396.702068
-5,584,396.967745
-5,739,397.441822
-5,869,397.818727
-5,563,398.061139
-5,638,398.336231
-5,717,398.662538
-5,724,399.006818
-5,724,399.304937
-5,784,399.62519
-5,661,399.891049
-5,844,400.236626
-5,663,400.503887
-5,664,400.782212
-5,632,401.057193
-5,569,401.319514
-5,867,401.711948
-5,533,401.976028
-5,771,402.291487
-5,707,402.684928
-5,641,402.945283
-5,565,403.176245
-4,559,403.396608
-4,632,403.644625
-5,616,403.892396
-5,817,404.271623
-5,818,404.677505
-3,940,405.053808
-5,460,405.243861
-5,639,405.513718
-5,574,405.760563
-5,840,406.114676
-5,610,406.389406
-5,545,406.605202
-5,566,406.83565
-5,707,407.115528
-5,707,407.413813
-5,975,407.820094
-5,578,408.045687
-5,798,408.3635
-3,891,408.723197
-5,589,408.962854
-5,779,409.274789
-5,723,409.570803
-5,702,409.861662
-5,736,410.161494
-4,776,410.473272
-5,822,410.812063
-5,519,411.016009
-5,980,411.412303
-5,630,411.674305
-5,624,411.934887
-5,580,412.183498
-5,518,412.401635
-4,1085,412.837324
-5,690,413.102379
-5,938,413.471609
-5,790,413.850082
-4,646,414.186086
-5,565,414.40809
-5,626,414.659391
-5,731,414.943544
-5,883,415.290796
-5,819,415.604303
-4,794,415.91536
-5,777,416.221488
-5,604,416.478936
-5,616,416.75612
-5,579,416.994139
-5,660,417.285819
-5,650,417.57972
-5,599,417.889071
-4,790,418.271931
-5,521,418.539421
-4,687,418.855199
-5,690,419.167643
-5,555,419.408201
-5,578,419.654223
-5,840,420.003881
-5,697,420.333368
-5,813,420.686839
-5,699,420.999304
-5,506,421.236226
-5,586,421.508586
-5,636,421.789003
-5,702,422.148912
-5,525,422.392238
-5,633,422.669117
-5,744,422.976012
-5,468,423.164256
-5,718,423.449429
-5,476,423.638671
-5,455,423.82071
-5,684,424.126286
-5,920,424.511561
-5,679,424.859074
-5,580,425.115408
-5,1107,425.563577
-5,650,425.830542
-5,849,426.199361
-2,939,426.579483
-5,680,426.866372
-5,709,427.172467
-5,1055,427.634647
-5,566,427.872038
-4,719,428.207543
-5,619,428.469613
-5,818,428.808677
-5,685,429.122415
-5,937,429.525738
-5,972,429.941228
-5,734,430.320031
-5,727,430.643995
-5,765,431.038396
-5,643,431.334316
-3,1012,432.895435
-5,816,433.229283
-5,739,433.532634
-5,463,433.728395
-5,679,434.002401
-5,821,435.498759
-4,832,435.827272
-5,551,436.033499
-5,661,436.334861
-5,779,436.640912
-5,1030,438.295714
-5,592,438.513521
-5,697,438.762511
-5,557,438.963672
-5,922,439.289631
-5,515,439.491533
-5,824,440.924031
-5,1023,441.370984
-5,572,441.603192
-5,556,441.811564
-4,836,442.111333
-3,784,442.414919
-5,561,443.764141
-5,624,443.992106
-5,562,444.236832
-5,1454,444.76981
-5,737,445.0446
-4,1051,446.60184
-5,504,446.783764
-5,800,447.068597
-5,500,447.29499
-5,448,447.460468
-4,788,447.750253
-5,556,449.052611
-5,530,449.276414
-5,553,449.492917
-5,1061,449.893916
-4,687,450.158377
-5,632,450.39293
-5,651,451.775186
-5,729,452.031591
-5,822,452.331446
-5,662,452.584304
-5,854,452.906715
-5,803,454.292385
-5,980,454.65084
-5,1002,455.057667
-5,828,455.385239
-5,980,455.72901
-5,828,457.047786
-5,790,457.327865
-5,566,457.522492
-5,658,457.755086
-5,569,457.962757
-5,579,458.212177
-4,676,459.560298
-5,915,459.914187
-4,772,460.231199
-5,792,460.536013
-5,820,460.846702
-5,835,462.315681
-5,766,462.594473
-4,1031,463.01001
-5,665,463.306661
-5,1042,463.740638
-5,588,465.007588
-5,879,465.373958
-5,781,465.676688
-5,554,465.907141
-5,1244,466.417342
-5,748,467.776467
-5,890,468.104401
-5,1173,468.527821
-5,760,468.842464
-5,571,469.049128
-5,791,470.460239
-4,985,470.806485
-5,934,471.132668
-5,615,471.355794
-5,656,471.591045
-5,936,473.03906
-4,885,473.375591
-5,955,473.724052
-4,1118,474.129905
-5,751,475.440285
-5,804,475.720561
-5,749,475.980371
-5,925,476.30984
-5,1201,476.726002
-2,928,478.110543
-4,913,478.434989
-4,1212,478.860778
-5,760,479.128559
-4,1090,480.538231
-5,821,480.83452
-5,877,481.20961
-5,1009,481.631306
-5,782,481.910069
-5,1567,483.540508
-5,1522,484.070059
-5,902,484.385885
-5,1138,485.870294
-5,1462,486.412533
-5,1284,486.858437
-5,930,488.253985
-4,845,488.54431
-5,976,488.903795
-5,1159,489.313498
-5,1009,490.702098
-5,749,490.976505
-4,963,491.384921
-5,846,491.828618
-5,745,492.132006
-4,1349,493.9429
-5,1166,494.419976
-5,1414,495.038987
-5,1240,496.658918
-5,1527,497.192747
-4,1313,497.659618
-5,1780,499.332666
-5,992,499.771223
-5,1162,500.260462
-5,989,501.872808
-4,2048,502.699189
-5,1354,503.283056
-5,1233,505.098583
-5,1551,505.720142
-5,854,506.0524
-5,1976,508.054329
-4,1606,508.729985
-4,1018,509.083923
-5,1022,510.59197
-5,1120,511.029917
-5,1046,511.405687
-5,1607,513.02397
-5,1537,513.567573
-5,1205,514.000461
-4,1497,515.73202
-5,1623,516.36325
-4,1833,517.119434
-5,1613,519.106206
-4,1171,519.578495
-5,2081,521.616022
-5,1511,522.207174
-5,1272,522.678774
-5,1997,524.72223
-5,1930,525.48272
-5,1721,527.215138
-5,1517,527.790551
-5,1815,529.643928
-5,1424,530.192924
-5,1647,530.787215
-5,2442,532.809157
-5,1884,533.531756
-5,773,534.996191
-2,3000,536.24714
-5,2819,538.53273
-5,2949,540.787219
0,3000,541.867061
-5,2471,543.828763
-5,1963,544.548418
-5,1674,546.353908
-5,1279,546.833252
-5,2758,548.838738
-3,1928,549.510324
0,3000,551.580908
-5,2498,553.526934
-5,2469,554.39081
-3,3000,556.484671
-3,3000,558.575318
-1,3000,559.619566
-5,2099,561.381357
-5,1708,562.301567
-5,2149,563.146672
-4,2671,564.185725
-4,3000,565.380213
-4,3000,566.550925
-5,1534,567.144467
-5,1729,567.836552
-5,1597,568.459988
-3,3000,569.627637
-3,1832,570.347705
-5,1356,570.876381
-5,2353,571.801015
-5,1204,572.280586
-5,1758,572.963738
-3,3000,574.144914
-4,1290,574.654399
-5,2164,575.501094
-5,2713,576.565502
-4,3000,577.762951
-5,1007,578.151771
-4,3000,579.311985
-5,1002,579.697478
-5,1499,580.285331
-3,2706,581.334311
-5,1278,581.833842
-3,2805,582.918273
-5,2189,583.763918
-5,1506,584.350336
-4,2631,585.377719
-5,1504,585.956589
-5,1927,586.708235
-2,3000,587.886099
-4,863,588.22976
-4,2899,589.35298
-5,1448,589.913697
-5,1278,590.413675
-4,2884,591.541189
-5,2683,592.599538
-5,2809,593.689336
-5,1246,594.180905
-5,2514,595.151507
-5,1846,595.869436
-5,1289,596.373837
-5,2477,597.34228
-3,2876,598.453913
-1,3000,599.633483
-2,3000,600.801061
-5,1274,601.291805
-5,1445,601.854477
-5,2248,602.734654
-5,1130,603.170764
-4,3000,604.336168
-4,1970,605.104015
-5,815,605.425983
-5,2296,606.315957
-5,1306,606.81743
-5,1282,607.326407
-5,1365,607.851365
-5,834,608.168389
-2,3000,609.346007
-4,1857,610.067888
-4,2229,610.942748
-4,3000,612.115244
-5,1937,612.869327
-5,2129,613.707093
-2,3000,614.865393
-4,2230,615.743686
-1,3000,616.902362
-3,3000,618.075547
-5,2137,618.910874
-5,1285,619.404307
-5,1494,619.986322
-3,3000,621.169589
-5,1946,621.933049
-5,2684,622.995021
-5,1734,623.701892
-5,2163,624.546693
-5,1948,625.309131
-5,2580,626.332825
-5,2667,627.373186
-5,983,627.759447
-5,1266,628.25757
-5,2156,629.081144
-5,1094,629.508277
-5,1894,630.242364
-4,2271,631.122601
-5,1221,631.59661
-3,3000,632.779195
-2,3000,633.940998
-4,1544,634.539518
-5,1381,635.076023
-5,1769,635.759467
-5,2018,636.537572
-5,1745,637.333078
-3,2190,638.324184
-3,1522,639.218612
-5,1171,639.737572
-4,1842,640.518529
-3,3000,641.751161
-4,1210,642.23718
-4,2978,643.459164
-5,2031,644.270249
-4,2813,645.4131
-5,1728,646.166873
-5,1980,647.206512
-5,1480,647.888977
-4,2959,649.06853
-5,1010,649.535977
-4,2823,650.869225
-5,2824,652.119875
-5,2656,653.249356
-4,2475,654.311797
-2,3000,655.556532
-5,2707,656.644875
-5,2553,657.67574
-5,1101,658.230332
-5,1531,658.887765
-4,2945,660.060744
-4,1248,660.557446
-5,1934,661.337046
-5,1557,661.97533
-5,2563,662.995278
-5,2243,663.874689
-4,2358,664.79663
-5,1422,665.354097
-5,2093,666.16278
-5,2126,666.983219
-4,2741,668.056584
-4,1628,668.702034
-3,3000,669.867995
-5,2354,670.776641
-5,1382,671.318833
-5,1797,672.008217
-3,3000,673.182762
-5,1549,673.780061
-3,3000,674.994217
-5,2229,675.883682
-3,991,676.298223
-4,1851,677.036435
-4,3000,678.213492
-5,2415,679.163824
-5,830,679.484911
-5,2319,680.384544
-5,1351,680.907514
-5,1847,681.673889
-5,2190,682.582694
-5,1477,683.165643
-3,3000,684.359772
-5,1236,684.845868
-5,1571,685.478813
-4,2979,686.728371
-5,2030,687.584542
-5,2361,688.590453
-5,2429,689.571281
-2,3000,690.775472
-5,1482,691.367287
-4,3000,692.58659
-5,1679,693.231867
-5,1927,694.007455
-4,1978,694.813431
-5,2550,695.818125
-5,1575,696.43209
-4,2094,697.279359
-5,1289,697.78103
-5,2144,698.637401
-5,1766,699.3372
-4,1311,699.838572
-4,3000,701.001931
-5,2152,701.836345
-4,2694,702.89539
-5,1127,703.338652
-5,2120,704.163236
-5,1974,704.949844
-4,1613,705.574458
-4,3000,706.744869
-5,2981,707.90481
-5,2785,708.9898
-4,1680,709.64268
-4,2174,710.491928
-4,3000,711.664357
-5,1137,712.10106
-3,2327,713.004895
-5,2739,714.066469
-5,1113,714.504724
-5,2755,715.573929
-5,1981,716.353869
-3,3000,717.530527
-5,1357,718.05996
-4,2607,719.08128
-5,1571,719.698624
-4,3000,720.865262
-5,1413,721.412715
-3,3000,722.567497
-5,964,722.960051
-5,2196,723.812769
-4,3000,724.977182
-5,2121,725.823268
-5,2010,726.647173
-3,2236,727.560518
-4,3000,728.735024
-5,1594,729.358172
-4,1760,730.044842
-4,1306,730.550724
-3,2189,731.403163
-5,2099,732.22114
-5,2020,733.004215
-5,1687,733.654045
-4,1203,734.115698
-5,1298,734.617571
-5,1663,735.263994
-5,1761,735.955053
-5,1550,736.560817
-5,1209,737.033843
-5,1209,737.503789
-4,1994,738.28837
-5,1669,738.950949
-5,2080,739.789373
-5,1223,740.267428
-5,1839,741.01019
-4,2000,741.827576
-5,2545,742.835328
-5,2256,743.764856
-5,1335,744.312089
-5,1106,744.752827
-5,1414,745.336601
-5,1356,745.878467
-4,1820,746.593333
-5,2053,747.398214
-5,1751,748.076143
-5,1609,748.707846
-5,1496,749.28764
-5,1912,750.030721
-5,1627,750.65617
-5,1771,751.350509
-5,2868,752.528156
-4,2091,753.355716
-1,3000,754.514155
-4,3000,755.711251
-1,3000,756.895659
-5,2440,757.882778
-5,1631,758.530273
-5,1630,759.210587
-4,2894,760.323252
-5,2241,761.190756
-5,2066,761.992873
-5,1327,762.509512
-5,2092,763.330708
-4,3000,764.521366
-5,2835,765.649453
-5,1182,766.135983
-5,1208,766.632966
-4,2741,767.749118
-3,3000,768.932276
-4,1545,769.53209
-5,1775,770.229906
-4,1262,770.717426
-4,1127,771.150992
-3,1218,771.631531
-5,943,771.998188
-5,1724,772.728036
-5,2684,773.788502
-4,2389,774.741834
-5,965,775.117115
-4,1680,775.778504
-4,2370,776.705971
-5,1072,777.14912
-4,2700,778.253154
-5,1604,778.907164
-4,3000,780.110553
-4,2754,781.211187
-5,2154,782.072636
-5,2479,783.042597
-5,1710,783.711449
-5,1879,784.447883
-5,1728,785.116824
-4,2017,785.913667
-4,2126,786.74607
-5,1794,787.441546
-3,3000,788.764118
-5,2548,789.777013
-4,2666,790.848938
-3,2001,791.650198
-5,1570,792.278458
-4,3000,793.631124
-5,1688,794.342286
-5,2697,795.385329
-3,3000,796.559808
-4,1225,797.043558
-5,1378,797.602805
-3,1937,798.374673
-4,1749,799.058692
-3,2197,799.918013
-5,1503,800.505992
-4,2266,801.381592
-5,1361,801.910538
-5,864,802.250667
-4,2504,803.233206
-4,3000,804.423982
-5,1972,805.205056
-5,2470,806.18381
-2,3000,807.40379
-5,2061,808.225143
-5,942,808.590291
-5,2818,809.68544
-4,2829,810.781422
-5,2389,811.711658
-5,1583,812.335907
-5,1883,813.056696
-4,1867,813.776004
-5,1946,814.536106
-5,2087,815.341427
-5,2580,816.34258
-5,1381,816.889367
-5,1949,817.659678
-5,2022,818.441466
-5,1049,818.860052
-5,1321,819.37021
-3,3000,820.519414
-5,919,820.878907
-4,1807,821.588808
-5,1453,822.165384
-5,2151,823.010671
-4,1022,823.414167
-5,1284,823.908363
-5,2648,824.939177
-4,1375,825.484161
-2,2991,826.64021
-4,1316,827.143241
-5,2568,828.137661
-3,1279,828.641816
-4,2478,829.602912
-5,2590,830.605887
-5,1708,831.266646
-5,1620,831.921491
-5,1122,832.386839
-5,932,832.757114
-4,1868,833.486443
-5,1100,833.912383
-5,2121,834.740981
-5,2587,835.745664
-5,989,836.136647
-5,1159,836.587825
-3,1850,837.319933
-4,2223,838.182562
-4,2285,839.083994
-3,3000,840.245792
-4,2628,841.263663
-4,1451,841.820783
-5,1980,842.600791
-5,1836,843.313969
-5,2258,844.192577
-5,1861,844.923253
-5,1117,845.362868
-5,1283,845.86709
-5,850,846.196736
-5,1585,846.815334
-4,2352,847.741691
-5,821,848.055535
-5,2698,849.1073
-5,1810,849.857446
-5,2375,850.799988
-5,2304,851.846757
-5,1767,852.77764
-5,2264,853.77557
-5,2563,854.822922
-5,1058,855.281117
-5,1177,855.768785
-5,827,856.111824
-5,2401,857.118405
-5,1582,857.797686
-3,3000,859.043331
-5,1791,859.792314
-5,1785,860.545069
-5,2073,861.375522
-5,2453,862.334412
-3,3000,863.529539
-5,1216,864.00903
-5,1423,864.596521
-5,1829,865.357077
-5,1391,865.912093
-4,2949,867.12061
-5,2732,868.264266
-5,2498,869.282511
-5,837,869.609957
-5,1381,870.139623
-4,1174,870.603172
-3,3000,871.782881
-5,1517,872.383689
-5,1011,872.782515
-5,2193,873.648719
-5,1901,874.408774
-3,3000,875.584085
-5,1688,876.252302
-3,3000,877.42548
-5,892,877.776559
1,3000,879.022164
-5,2049,879.890562
-5,2263,880.831329
-5,1400,881.382973
-5,1537,881.98088
-5,2576,883.002537
-5,1494,883.582949
-5,1629,884.246631
-2,3000,885.443467
-5,1989,886.225581
-5,967,886.608218
-5,2406,887.569601
-4,1553,888.178521
-5,1992,888.956093
-5,2689,889.998215
-5,2694,891.04754
-5,1223,891.545915
-5,1659,892.201585
-5,1454,892.766873
-2,3000,893.951519
-5,2217,894.815286
-5,2172,895.713791
-5,1073,896.130348
-4,1558,896.769271
-5,1619,897.444343
-4,2355,898.380141
-5,1044,898.786346
-5,1549,899.395404
-5,1041,899.811873
-5,1899,900.576001
-5,2200,901.520558
-2,2414,902.476208
-3,3000,903.64688
-2,3000,904.821466
-5,1870,905.538616
-5,1555,906.153342
-5,2903,907.297991
-3,2955,908.457938
-3,3000,909.682446
-5,1780,910.439583
-4,1946,911.227618
-5,2132,912.105112
-5,1164,912.605792
-5,2121,913.424212
-5,2317,914.344236
-5,1742,915.020051
-4,1760,915.734716
-5,1451,916.321504
-5,2236,917.252673
-4,3000,918.524415
-5,2534,919.534602
-5,1712,920.23948
-5,1062,920.664396
-4,1890,921.447384
-3,3000,922.685908
