optimgain,surrgain,explained_variance_tdlam_before,EpLenMean,EpThisIter,TimeElapsed,meankl,entropy,EpisodesSoFar,EpRewMean,TimestepsSoFar,entloss
0.014318286,0.014318286,-0.003966331481933594,485.0,1,2.5762269496917725,0.0041276333,2.0752983,1,4.0,1024,0.0
0.007462144,0.007462144,0.10411745309829712,665.6666666666666,2,3.9149327278137207,0.0059055416,2.0744352,3,2.3333333333333335,2048,0.0
0.0073289634,0.0073289634,0.34967947006225586,644.25,1,5.553341388702393,0.005326311,2.0721574,4,1.0,3072,0.0
0.0066184793,0.0066184793,0.3818359375,590.3333333333334,2,6.9077229499816895,0.007654533,2.0665586,6,2.1666666666666665,4096,0.0
0.0041668788,0.0041668788,0.4484342932701111,597.875,2,8.271186351776123,0.007315794,2.0665498,8,1.625,5120,0.0
0.014807163,0.014807163,0.5560755729675293,603.9,2,9.625445365905762,0.0068575675,2.0661197,10,1.6,6144,0.0
0.012643655,0.012643655,0.7780576348304749,612.7272727272727,1,10.982640504837036,0.008695088,2.0635023,11,1.6363636363636365,7168,0.0
0.01808023,0.01808023,0.786206066608429,622.3076923076923,2,12.333269119262695,0.012420914,2.056709,13,1.6923076923076923,8192,0.0
0.0156145,0.0156145,0.7436656355857849,632.5714285714286,1,13.6974036693573,0.010540786,2.0580635,14,1.5,9216,0.0
0.01573274,0.01573274,0.6933537423610687,628.0,2,15.318464994430542,0.011912192,2.0506873,16,1.125,10240,0.0
0.02452109,0.02452109,0.843896895647049,629.2941176470588,1,16.7729389667511,0.011566058,2.05355,17,0.9411764705882353,11264,0.0
0.011442715,0.011442715,0.7756437957286835,630.3157894736842,2,18.445757627487183,0.011561133,2.0523715,19,1.0526315789473684,12288,0.0
0.009814887,0.009814887,0.8628950268030167,631.2857142857143,2,19.791948080062866,0.0130281625,2.052374,21,1.1428571428571428,13312,0.0
0.010408293,0.010408293,0.7350726127624512,633.9090909090909,1,21.1572368144989,0.01186059,2.0478425,22,1.0,14336,0.0
0.020376017,0.020376017,0.6892165541648865,634.6666666666666,2,22.467243671417236,0.012807239,2.05665,24,0.75,15360,0.0
0.01109346,0.01109346,0.6030541360378265,626.36,1,23.936867713928223,0.012979282,2.051442,25,0.52,16384,0.0
0.015957799,0.015957799,0.7868565768003464,631.6296296296297,2,25.294076681137085,0.013924872,2.0446641,27,0.3333333333333333,17408,0.0
0.008315057,0.008315057,0.788184642791748,632.8571428571429,1,26.660271406173706,0.0115152,2.0436296,28,0.39285714285714285,18432,0.0
0.01671002,0.01671002,0.8443947434425354,638.8666666666667,2,27.956767082214355,0.01499396,2.0539522,30,0.3333333333333333,19456,0.0
0.018869823,0.018869823,0.7555926591157913,634.4516129032259,1,29.620925664901733,0.014696676,2.0466535,31,0.1935483870967742,20480,0.0
0.008859758,0.008859758,0.830272376537323,639.7575757575758,2,30.98613142967224,0.01352081,2.0480618,33,0.2727272727272727,21504,0.0
0.014670329,0.014670329,0.6957436800003052,643.0571428571428,2,32.436548471450806,0.014771359,2.0479696,35,0.2,22528,0.0
0.014362806,0.014362806,0.7057017683982849,639.1944444444445,1,34.07998204231262,0.012925437,2.0484562,36,0.08333333333333333,23552,0.0
0.005363055,0.005363055,0.7315183579921722,635.7894736842105,2,35.463762521743774,0.013622809,2.0516953,38,0.23684210526315788,24576,0.0
0.00955886,0.00955886,0.8376002013683319,637.325,2,36.85822868347168,0.0136432,2.051705,40,0.275,25600,0.0
0.010598677,0.010598677,0.7829448729753494,642.975,1,38.57807779312134,0.013757485,2.049321,41,0.125,26624,0.0
0.008917326,0.008917326,0.7067985236644745,634.25,2,39.9420108795166,0.013399894,2.0482366,43,-0.1,27648,0.0
0.005710815,0.005710815,0.8534834086894989,638.725,2,41.34537672996521,0.013636693,2.0496798,45,-0.075,28672,0.0
-0.004021637,-0.004021637,0.8716071546077728,642.75,1,42.854798793792725,0.013107084,2.0506134,46,-0.125,29696,0.0
0.0062201526,0.0062201526,0.7221398949623108,642.325,2,44.21644997596741,0.013917748,2.048317,48,-0.275,30720,0.0
0.01433012,0.01433012,0.8243681043386459,647.925,1,45.54814696311951,0.014812704,2.0499773,49,-0.35,31744,0.0
0.0083577605,0.0083577605,0.8211021274328232,644.05,2,47.181615114212036,0.014105556,2.0493584,51,-0.475,32768,0.0
0.0070140744,0.0070140744,0.5938204824924469,634.7,2,48.85140013694763,0.013690565,2.0488863,53,-0.375,33792,0.0
0.0066875066,0.0066875066,0.7168782651424408,629.375,2,50.444578886032104,0.013094182,2.0468593,55,-0.375,34816,0.0
0.007042563,0.007042563,0.8586286753416061,629.825,1,51.79728102684021,0.013950965,2.0478377,56,-0.375,35840,0.0
0.0008794069,0.0008794069,0.8558969646692276,628.5,2,53.37637734413147,0.014042923,2.0447438,58,-0.25,36864,0.0
0.011156151,0.011156151,0.7133999168872833,632.325,1,54.73668098449707,0.013475711,2.045277,59,-0.375,37888,0.0
0.010985651,0.010985651,0.7796999961137772,636.3,2,56.077617168426514,0.014765117,2.0479834,61,-0.525,38912,0.0
0.011997057,0.011997057,0.8441500216722488,631.025,2,57.53101444244385,0.013893319,2.048595,63,-0.375,39936,0.0
0.010883975,0.010883975,0.7489140331745148,633.775,1,58.88630175590515,0.014361352,2.048421,64,-0.375,40960,0.0
0.0047427723,0.0047427723,0.7935638576745987,640.725,1,60.196722745895386,0.013946145,2.0466442,65,-0.2,41984,0.0
0.0067864,0.0067864,0.760454535484314,637.4,2,61.87182950973511,0.0127415005,2.0532932,67,0.025,43008,0.0
0.0030228766,0.0030228766,0.8241060227155685,632.025,2,63.241148471832275,0.014550826,2.049078,69,0.2,44032,0.0
0.003945418,0.003945418,0.7483168542385101,634.075,1,64.80443620681763,0.012064895,2.045814,70,0.2,45056,0.0
0.0035707315,0.0035707315,0.7725321054458618,633.45,2,66.15690302848816,0.012285488,2.0422273,72,0.325,46080,0.0
0.023977686,0.023977686,0.7250037491321564,620.475,2,67.49958062171936,0.014275628,2.0526376,74,0.225,47104,0.0
0.006532764,0.006532764,0.7400065958499908,625.475,1,68.85007500648499,0.013738465,2.0383217,75,0.325,48128,0.0
0.014139482,0.014139482,0.7609636038541794,625.425,2,70.15590810775757,0.012698043,2.0472932,77,0.2,49152,0.0
0.011875836,0.011875836,0.8285243660211563,629.925,2,71.4693398475647,0.0142598655,2.0480475,79,0.025,50176,0.0
0.010334047,0.010334047,0.8075491338968277,617.325,2,72.8329107761383,0.012694827,2.0548034,81,0.05,51200,0.0
0.016685575,0.016685575,0.8333817571401596,620.1,1,74.19140768051147,0.014263245,2.0280786,82,0.075,52224,0.0
0.008278028,0.008278028,0.7972903847694397,625.35,2,75.54673862457275,0.014810091,2.0470963,84,0.1,53248,0.0
0.011575177,0.011575177,0.8835245668888092,621.25,2,76.90148830413818,0.014104732,2.0493155,86,-0.1,54272,0.0
0.011722617,0.011722617,0.8858213722705841,616.35,2,78.25899982452393,0.014836654,2.0402217,88,0.05,55296,0.0
0.014486614,0.014486614,0.7739669680595398,612.75,1,79.61534404754639,0.014919287,2.027143,89,-0.05,56320,0.0
0.010811573,0.010811573,0.8392814695835114,614.7,2,80.97419261932373,0.0143548995,2.036418,91,0.125,57344,0.0
0.007739786,0.007739786,0.8872164189815521,619.55,2,82.55101585388184,0.014190799,2.0416598,93,-0.125,58368,0.0
0.015411172,0.015411172,0.8169726431369781,620.95,1,83.85949301719666,0.014812387,2.0278864,94,-0.225,59392,0.0
0.009531574,0.009531574,0.8332307934761047,623.75,2,85.36453604698181,0.0147496,2.0224822,96,-0.2,60416,0.0
0.01406988,0.01406988,0.7859380543231964,623.925,1,86.64674758911133,0.013836593,2.03694,97,-0.3,61440,0.0
0.0074332175,0.0074332175,0.8352087140083313,623.8,2,87.9276659488678,0.014260528,2.0394964,99,-0.3,62464,0.0
0.014559314,0.014559314,0.9012430235743523,616.825,2,89.2559711933136,0.012395155,2.0393,101,-0.4,63488,0.0
0.01638648,0.01638648,0.7067212462425232,612.025,1,90.5860948562622,0.012621903,2.0433688,102,-0.3,64512,0.0
0.014409122,0.014409122,0.8097040355205536,617.3,2,91.8695900440216,0.013954567,2.030875,104,-0.375,65536,0.0
0.008394778,0.008394778,0.8502250164747238,602.1,2,93.49094605445862,0.0128043415,2.0336852,106,-0.475,66560,0.0
0.019311696,0.019311696,0.7628409564495087,601.65,2,94.84946489334106,0.014790499,2.0317008,108,-0.675,67584,0.0
0.010573579,0.010573579,0.7592537999153137,595.55,2,96.18570613861084,0.014545754,2.0389018,110,-0.775,68608,0.0
0.010306677,0.010306677,0.8639276921749115,593.65,2,97.54846906661987,0.011949997,2.0285203,112,-0.7,69632,0.0
0.013397314,0.013397314,0.8455885201692581,596.15,1,99.13842129707336,0.013701096,2.0309696,113,-0.475,70656,0.0
0.014700644,0.014700644,0.7349057793617249,601.95,2,100.42031860351562,0.013441173,2.0022583,115,-0.7,71680,0.0
0.027228389,0.027228389,0.8203708678483963,597.975,1,102.00540208816528,0.014812477,2.0466154,116,-0.725,72704,0.0
0.012203803,0.012203803,0.8348041325807571,601.725,2,103.37030291557312,0.012791874,2.0040689,118,-0.8,73728,0.0
0.012511436,0.012511436,0.7205197513103485,606.175,1,104.7298104763031,0.012527293,2.0075123,119,-0.7,74752,0.0
0.014990998,0.014990998,0.8583856076002121,612.1,2,106.04846930503845,0.0122665465,2.0380726,121,-0.675,75776,0.0
0.0059114383,0.0059114383,0.8354056179523468,603.0,2,107.34070682525635,0.011886707,2.0331883,123,-0.525,76800,0.0
0.02249718,0.02249718,0.6909795701503754,603.075,2,108.5830466747284,0.014334915,2.027296,125,-0.275,77824,0.0
0.013544226,0.013544226,0.8908362239599228,606.975,1,109.86560606956482,0.014279138,2.0319068,126,-0.125,78848,0.0
0.011427014,0.011427014,0.8218579441308975,616.825,2,111.1475019454956,0.01177506,2.0360472,128,-0.1,79872,0.0
0.008466359,0.008466359,0.8732440769672394,612.0,1,112.41795516014099,0.012666085,1.9935942,129,-0.15,80896,0.0
0.010919888,0.010919888,0.8456202000379562,617.25,2,113.68822503089905,0.011067558,2.026409,131,-0.175,81920,0.0
0.027399272,0.027399272,0.848399743437767,627.225,1,114.93439269065857,0.013588347,2.0102007,132,-0.1,82944,0.0
0.00063756667,0.00063756667,0.8218215852975845,619.875,2,116.34825086593628,0.012494496,2.017623,134,-0.125,83968,0.0
0.014305657,0.014305657,0.8412073403596878,619.45,2,117.56551098823547,0.014025545,2.005731,136,-0.125,84992,0.0
0.0128836725,0.0128836725,0.8883230686187744,612.95,1,118.83523511886597,0.013411391,2.037905,137,0.05,86016,0.0
0.014843848,0.014843848,0.750616267323494,610.825,2,120.1022400856018,0.013302182,1.9879336,139,-0.075,87040,0.0
0.01083063,0.01083063,0.87199467420578,613.525,1,121.42724633216858,0.014738224,1.9906192,140,-0.05,88064,0.0
0.012394026,0.012394026,0.5858794748783112,622.45,2,122.70721530914307,0.013477666,1.9977368,142,0.05,89088,0.0
0.010700271,0.010700271,0.8759762868285179,620.075,2,123.9984929561615,0.013337286,2.0099225,144,0.175,90112,0.0
0.015023105,0.015023105,0.718923956155777,625.15,1,125.27065682411194,0.014246861,2.0075364,145,0.025,91136,0.0
0.006462235,0.006462235,0.9065210819244385,632.775,2,126.5465452671051,0.012250189,2.0194805,147,0.075,92160,0.0
0.010380181,0.010380181,0.8848470598459244,638.1,1,127.8384575843811,0.013659218,2.0124922,148,0.15,93184,0.0
0.019609112,0.019609112,0.846980482339859,638.425,2,129.1397635936737,0.012950834,2.0165067,150,0.175,94208,0.0
0.00038148742,0.00038148742,0.8555634021759033,628.825,2,130.4326729774475,0.014006126,2.0107713,152,0.075,95232,0.0
0.0100391805,0.0100391805,0.8641735017299652,625.875,2,131.6796910762787,0.013911466,2.0202365,154,0.175,96256,0.0
0.009273641,0.009273641,0.79555943608284,630.05,2,133.0201256275177,0.014623401,1.9898484,156,0.325,97280,0.0
0.018727627,0.018727627,0.8269797265529633,631.85,1,134.31623530387878,0.014695555,1.9926479,157,0.325,98304,0.0
0.015551373,0.015551373,0.8768116533756256,621.075,2,135.61505484580994,0.012537358,2.0083818,159,0.15,99328,0.0
0.009452557,0.009452557,0.8255491256713867,624.35,1,205.7263970375061,0.014508227,2.008924,160,0.275,100352,0.0
0.008812219,0.008812219,0.9102070406079292,634.475,1,208.5438756942749,0.013340198,2.0079455,161,0.225,101376,0.0
0.002828435,0.002828435,0.8839383646845818,635.275,2,212.7514705657959,0.014502133,2.0022798,163,-0.1,102400,0.0
0.011586143,0.011586143,0.7912921458482742,641.65,2,217.1865212917328,0.014359662,2.0052025,165,-0.15,103424,0.0
0.0042719617,0.0042719617,0.9038051590323448,637.65,1,220.3363881111145,0.014064516,1.9974928,166,-0.15,104448,0.0
0.0077720946,0.0077720946,0.895893394947052,636.55,2,224.6021809577942,0.014456046,1.9946704,168,-0.25,105472,0.0
0.031669382,0.031669382,0.8263450562953949,645.125,1,228.05354475975037,0.01468572,1.9951233,169,-0.15,106496,0.0
0.01897373,0.01897373,0.8535689413547516,632.1,2,232.0595498085022,0.0142590515,2.004669,171,-0.375,107520,0.0
0.01363999,0.01363999,0.8612196892499924,628.075,2,237.3983018398285,0.013936451,2.0026968,173,-0.35,108544,0.0
0.008145334,0.008145334,0.8974864855408669,625.05,1,240.37002635002136,0.013648558,1.9960134,174,-0.375,109568,0.0
0.018113563,0.018113563,0.822003960609436,626.825,2,245.08894729614258,0.01335911,2.0123816,176,-0.1,110592,0.0
0.018297577,0.018297577,0.8635956048965454,628.975,2,249.80421566963196,0.014318828,1.980794,178,-0.05,111616,0.0
0.024787694,0.024787694,0.8969961330294609,628.8,2,254.03117156028748,0.0140181165,1.9705875,180,0.175,112640,0.0
0.025862908,0.025862908,0.9044172614812851,626.675,1,257.0347080230713,0.013097131,1.9578553,181,0.2,113664,0.0
0.01611143,0.01611143,0.8193389177322388,626.075,2,261.21141600608826,0.014836693,1.9963135,183,0.25,114688,0.0
0.015534674,0.015534674,0.8858184218406677,628.65,1,264.80931305885315,0.013051275,1.9698956,184,0.225,115712,0.0
0.0061167586,0.0061167586,0.8449788242578506,629.25,2,268.8382041454315,0.014495168,1.9951477,186,0.075,116736,0.0
0.007277531,0.007277531,0.857002854347229,624.925,2,272.8075325489044,0.012178915,1.955138,188,0.025,117760,0.0
0.0072975038,0.0072975038,0.8600177615880966,627.8,1,275.792799949646,0.012077529,1.9570143,189,-0.1,118784,0.0
0.006123573,0.006123573,0.822815790772438,630.4,2,280.58846950531006,0.012887362,1.9719898,191,-0.075,119808,0.0
0.0074513406,0.0074513406,0.8813516572117805,638.175,1,283.5561754703522,0.013718059,1.971752,192,-0.25,120832,0.0
0.008940034,0.008940034,0.8577726483345032,643.4,2,287.63173246383667,0.012530224,1.969589,194,-0.525,121856,0.0
0.025101246,0.025101246,0.8969013467431068,631.425,2,291.66344594955444,0.014293177,1.9608166,196,-0.525,122880,0.0
0.00484889,0.00484889,0.8545399159193039,629.525,2,296.238742351532,0.012049057,1.9842534,198,-0.45,123904,0.0
0.011806854,0.011806854,0.8559746593236923,631.375,1,299.2560124397278,0.013488468,1.937108,199,-0.425,124928,0.0
0.015570401,0.015570401,0.8458886444568634,627.1,2,304.21256732940674,0.012676523,1.9758089,201,-0.4,125952,0.0
0.018456127,0.018456127,0.8419541865587234,626.2,2,308.46704745292664,0.014122652,1.9604602,203,-0.425,126976,0.0
0.017950984,0.017950984,0.8798988088965416,619.475,1,311.4635467529297,0.014565098,1.9763695,204,-0.525,128000,0.0
0.013466834,0.013466834,0.8571119755506516,622.475,2,315.761515378952,0.012796741,1.9680132,206,-0.7,129024,0.0
-0.006737233,-0.006737233,0.8675473630428314,619.1,2,320.1047399044037,0.015316922,1.9769704,208,-0.75,130048,0.0
0.005791192,0.005791192,0.8338946998119354,615.525,1,323.46123361587524,0.014307411,1.9829135,209,-0.65,131072,0.0
0.0030974327,0.0030974327,0.9008446484804153,621.5,2,327.882043838501,0.014723994,1.9723686,211,-0.6,132096,0.0
0.013945187,0.013945187,0.8462668657302856,619.7,1,331.77279138565063,0.014797067,1.9913938,212,-0.525,133120,0.0
0.006535126,0.006535126,0.8604722768068314,629.425,2,335.88748717308044,0.013396084,1.9759413,214,-0.6,134144,0.0
0.018612612,0.018612612,0.8219206929206848,624.5,2,340.2623302936554,0.013709702,1.9602656,216,-0.725,135168,0.0
0.0121627655,0.0121627655,0.8810627162456512,628.65,1,343.1765010356903,0.012833186,1.9793977,217,-0.775,136192,0.0
0.013002708,0.013002708,0.8532384485006332,624.45,2,347.54815649986267,0.0140305115,1.9772564,219,-1.05,137216,0.0
0.019363698,0.019363698,0.8899054676294327,619.725,2,352.3882534503937,0.013999544,1.9832981,221,-0.975,138240,0.0
0.011105512,0.011105512,0.8701075911521912,612.125,2,357.08634996414185,0.014111936,1.9766448,223,-0.925,139264,0.0
0.011295706,0.011295706,0.7923212051391602,614.9,1,360.4401738643646,0.012327414,1.978024,224,-0.95,140288,0.0
0.014677631,0.014677631,0.8563309758901596,613.8,2,364.5663113594055,0.012101317,1.9908389,226,-0.975,141312,0.0
0.010735623,0.010735623,0.7011662125587463,615.45,2,369.98415207862854,0.012129586,1.9867297,228,-0.8,142336,0.0
0.0106188115,0.0106188115,0.9083088412880898,619.675,1,372.87904357910156,0.011583791,1.9751948,229,-0.775,143360,0.0
0.00040958147,0.00040958147,0.8776761144399643,619.425,1,376.0199770927429,0.012194984,1.970381,230,-0.775,144384,0.0
0.012428884,0.012428884,0.8142669051885605,627.3,2,380.2700572013855,0.012745051,1.9722412,232,-0.7,145408,0.0
0.003969347,0.003969347,0.905008539557457,623.825,1,383.28017711639404,0.013568291,1.9884171,233,-0.725,146432,0.0
0.015326021,0.015326021,0.9047778770327568,634.3,2,387.8889241218567,0.013571443,1.9679444,235,-0.55,147456,0.0
0.011004284,0.011004284,0.8761633336544037,639.275,1,391.05622696876526,0.013217572,1.9795182,236,-0.725,148480,0.0
0.01746329,0.01746329,0.9038225337862968,640.75,2,395.10547280311584,0.01357579,1.9898096,238,-0.775,149504,0.0
0.0087552685,0.0087552685,0.8918684273958206,637.475,2,399.1558563709259,0.012062777,1.9950514,240,-0.9,150528,0.0
0.011970034,0.011970034,0.8272257596254349,630.675,1,402.3702700138092,0.012582874,1.9911656,241,-1.0,151552,0.0
0.015807599,0.015807599,0.8191892951726913,627.85,2,406.5520324707031,0.014728768,1.9942503,243,-0.625,152576,0.0
0.01588343,0.01588343,0.8243664354085922,631.175,2,412.26476645469666,0.01363462,1.9921165,245,-0.475,153600,0.0
0.015920453,0.015920453,0.8661742806434631,632.975,1,415.291864156723,0.011565886,2.0109525,246,-0.325,154624,0.0
0.010808301,0.010808301,0.8352198004722595,630.475,2,419.74848222732544,0.01353232,1.9907587,248,-0.2,155648,0.0
0.018860154,0.018860154,0.7995750308036804,636.05,1,422.7545030117035,0.013744156,2.0051117,249,-0.25,156672,0.0
0.0065823942,0.0065823942,0.8106059730052948,643.075,2,426.8795566558838,0.012381261,1.9926805,251,-0.175,157696,0.0
0.0136004705,0.0136004705,0.8901509121060371,643.675,1,429.7159101963043,0.012874838,2.0004995,252,-0.25,158720,0.0
0.0050490526,0.0050490526,0.8546648472547531,640.55,2,433.91010880470276,0.013553623,1.9914217,254,-0.05,159744,0.0
0.010429228,0.010429228,0.8626369833946228,640.9,1,436.87007904052734,0.014035899,1.978726,255,-0.225,160768,0.0
0.009701455,0.009701455,0.9135390222072601,642.55,2,441.05691862106323,0.01279358,1.9976575,257,-0.175,161792,0.0
0.011083158,0.011083158,0.8609188199043274,645.025,1,444.09120082855225,0.012808517,1.9852221,258,-0.15,162816,0.0
0.012781303,0.012781303,0.8920130059123039,646.975,2,448.0979804992676,0.013639985,1.9766976,260,-0.225,163840,0.0
0.01240617,0.01240617,0.6948774755001068,654.1,2,452.0109272003174,0.011971688,1.9823529,262,-0.475,164864,0.0
0.003999198,0.003999198,0.8268290162086487,658.725,1,454.9052355289459,0.013981393,1.9828582,263,-0.55,165888,0.0
0.015523093,0.015523093,0.8919480293989182,656.525,2,459.1923522949219,0.014062953,1.9759649,265,-0.55,166912,0.0
0.009189602,0.009189602,0.8848458230495453,662.775,1,462.3828341960907,0.014582008,1.9935329,266,-0.475,167936,0.0
0.009262789,0.009262789,0.8819487392902374,664.225,2,468.7206757068634,0.014654465,1.9584713,268,-0.4,168960,0.0
0.020494312,0.020494312,0.786836713552475,659.05,1,471.7680130004883,0.014576286,1.9711984,269,-0.3,169984,0.0
0.0077016316,0.0077016316,0.8857974857091904,651.375,2,475.9462699890137,0.013152048,1.9829948,271,-0.225,171008,0.0
0.010522373,0.010522373,0.8839944079518318,652.1,2,480.04591512680054,0.01371204,1.9890285,273,0.025,172032,0.0
0.010691147,0.010691147,0.8773238360881805,652.9,1,483.0984184741974,0.0142230885,1.9595182,274,-0.025,173056,0.0
0.0025596898,0.0025596898,0.8476708680391312,643.6,2,487.28875732421875,0.013985265,1.9683293,276,0.1,174080,0.0
0.0070690606,0.0070690606,0.8418422192335129,649.675,1,490.2585480213165,0.01353376,1.9641478,277,0.15,175104,0.0
0.0033702836,0.0033702836,0.8999209478497505,648.125,2,494.458300113678,0.013909403,1.9631462,279,0.35,176128,0.0
0.006617163,0.006617163,0.8889402076601982,649.975,2,499.28235363960266,0.013691868,1.9753747,281,0.475,177152,0.0
0.012128647,0.012128647,0.86893630027771,650.15,2,504.06789350509644,0.014646281,1.9727962,283,0.225,178176,0.0
0.00095474254,0.00095474254,0.8927694782614708,650.525,1,507.0924105644226,0.013919805,1.9655616,284,0.175,179200,0.0
0.0015861876,0.0015861876,0.864476278424263,649.575,2,511.0898320674896,0.013790758,1.9685507,286,-0.025,180224,0.0
0.009122569,0.009122569,0.7853363305330276,650.2,1,514.1259918212891,0.014832819,1.9899307,287,-0.025,181248,0.0
0.011496538,0.011496538,0.8764676973223686,647.8,2,518.5045330524445,0.01397043,1.9683776,289,-0.025,182272,0.0
-0.00059164874,-0.00059164874,0.911530077457428,642.225,1,521.7398412227631,0.01405389,1.9706733,290,0.05,183296,0.0
0.009531688,0.009531688,0.788000077009201,638.425,2,526.351535320282,0.014588898,1.9740585,292,0.025,184320,0.0
0.016832985,0.016832985,0.8386048078536987,638.375,2,531.0546300411224,0.014780645,1.9745085,294,0.0,185344,0.0
0.00448092,0.00448092,0.7486166059970856,641.875,1,534.2267146110535,0.014655989,1.982065,295,0.125,186368,0.0
0.0037423568,0.0037423568,0.8550595492124557,642.125,2,542.0808773040771,0.014680989,1.9134483,297,0.3,187392,0.0
0.012923139,0.012923139,0.8745459318161011,643.225,1,545.4626276493073,0.013300858,1.9645452,298,0.3,188416,0.0
0.008067839,0.008067839,0.8947369083762169,647.575,2,549.7641324996948,0.014121899,1.966214,300,0.35,189440,0.0
0.012592961,0.012592961,0.8576390743255615,644.9,1,553.1540651321411,0.014019858,1.906178,301,0.475,190464,0.0
0.0052772947,0.0052772947,0.8122913539409637,644.425,2,557.6957335472107,0.013507074,1.9232173,303,0.625,191488,0.0
0.0037314012,0.0037314012,0.7692864686250687,640.025,2,562.1371030807495,0.013435922,1.9553682,305,0.5,192512,0.0
0.013348119,0.013348119,0.8904244899749756,638.275,1,565.2087557315826,0.014786715,1.9846246,306,0.6,193536,0.0
0.0034973677,0.0034973677,0.7682136595249176,643.025,2,569.2847447395325,0.014625685,1.9489024,308,0.425,194560,0.0
0.008429806,0.008429806,0.8510354161262512,644.0,1,572.1827218532562,0.014124952,1.9679565,309,0.4,195584,0.0
0.007889677,0.007889677,0.9061832502484322,642.1,2,576.7325630187988,0.015308913,1.9654088,311,0.325,196608,0.0
0.004477636,0.004477636,0.8736105710268021,645.925,1,579.7162945270538,0.014138546,1.9308115,312,0.225,197632,0.0
0.011169478,0.011169478,0.8024979829788208,645.75,1,583.4746780395508,0.014930276,1.8968496,313,0.15,198656,0.0
0.004995284,0.004995284,0.8770803213119507,652.65,2,587.9768371582031,0.014257906,1.9532862,315,0.25,199680,0.0
0.01001025,0.01001025,0.8634839057922363,665.75,1,828.7682819366455,0.014772353,1.9325644,316,0.05,200704,0.0
0.012001493,0.012001493,0.8682916909456253,659.275,2,1273.8454480171204,0.014769465,1.9387288,318,0.15,201728,0.0
0.00385526,0.00385526,0.7974193692207336,659.95,1,1276.7867481708527,0.0155735025,1.9482403,319,0.05,202752,0.0
0.0042901933,0.0042901933,0.810836985707283,663.275,1,1279.7285265922546,0.013718673,1.9439079,320,0.025,203776,0.0
0.0070147905,0.0070147905,0.9084625765681267,679.375,2,1284.1540393829346,0.014605097,1.9577603,322,0.25,204800,0.0
0.0012882468,0.0012882468,0.8721835762262344,681.0,1,1287.0521166324615,0.014165529,1.9597743,323,0.25,205824,0.0
0.004009085,0.004009085,0.8525497615337372,680.125,2,1291.2209658622742,0.014319518,1.9569435,325,0.475,206848,0.0
0.0032470175,0.0032470175,0.825357586145401,680.925,1,1294.3359808921814,0.0146505805,1.9533981,326,0.4,207872,0.0
0.0065609384,0.0065609384,0.9039891809225082,680.225,2,1298.6237869262695,0.014497066,1.9374676,328,0.4,208896,0.0
0.005639317,0.005639317,0.8936609104275703,682.2,2,1303.2539494037628,0.014886989,1.9554927,330,0.3,209920,0.0
0.0048626615,0.0048626615,0.8150050193071365,673.775,2,1307.8743693828583,0.014938497,1.957284,332,0.15,210944,0.0
0.0061668404,0.0061668404,0.9106551557779312,670.175,1,1310.8078343868256,0.01474074,1.9452956,333,0.2,211968,0.0
0.014119588,0.014119588,0.8380893021821976,674.025,2,1315.1004576683044,0.0149268275,1.9524276,335,0.175,212992,0.0
0.015705764,0.015705764,0.8828790485858917,670.95,2,1319.7193882465363,0.014412574,1.9373562,337,0.15,214016,0.0
0.009422713,0.009422713,0.9207343384623528,666.95,1,1322.585501909256,0.014431563,1.940891,338,0.275,215040,0.0
-0.001459609,-0.001459609,0.8477566689252853,666.6,2,1326.9294378757477,0.015458678,1.9547833,340,0.2,216064,0.0
0.008590618,0.008590618,0.8159561008214951,666.85,1,1330.0121901035309,0.01459639,1.9321613,341,0.175,217088,0.0
0.012940022,0.012940022,0.8636354804039001,666.475,2,1334.944536447525,0.014775913,1.9389223,343,0.025,218112,0.0
-0.0011376813,-0.0011376813,0.8531530946493149,666.6,1,1338.6478288173676,0.014914656,1.9152048,344,-0.025,219136,0.0
0.010234028,0.010234028,0.8833334743976593,672.15,2,1342.8819870948792,0.013632521,1.9299316,346,0.05,220160,0.0
0.0033658408,0.0033658408,0.9008375555276871,664.375,2,1347.0639979839325,0.014810006,1.9260514,348,-0.05,221184,0.0
0.001575951,0.001575951,0.7637936472892761,670.15,1,1350.0777444839478,0.014192916,1.9585062,349,-0.05,222208,0.0
0.005434392,0.005434392,0.9065660089254379,668.25,1,1353.2033898830414,0.014914963,1.9287375,350,-0.05,223232,0.0
0.013410508,0.013410508,0.9055619612336159,667.45,2,1357.56578540802,0.01491843,1.9268641,352,-0.025,224256,0.0
-0.0058847424,-0.0058847424,0.7240921556949615,661.175,2,1362.3366684913635,0.01639956,1.94279,354,-0.15,225280,0.0
0.00177873,0.00177873,0.8279235810041428,641.825,2,1366.384187221527,0.016047822,1.9339627,356,-0.225,226304,0.0
-0.003903912,-0.003903912,0.812985971570015,642.0,1,1369.2899115085602,0.014711982,1.9595888,357,-0.3,227328,0.0
0.008844356,0.008844356,0.8871025592088699,649.15,2,1373.4647333621979,0.014823845,1.9549068,359,-0.35,228352,0.0
0.013635358,0.013635358,0.8041918128728867,649.55,1,1376.2624425888062,0.014723194,1.9225223,360,-0.35,229376,0.0
0.0055626873,0.0055626873,0.8806711435317993,641.425,2,1381.0397391319275,0.014457473,1.9335201,362,-0.275,230400,0.0
0.008936188,0.008936188,0.8979212045669556,642.5,1,1384.1241047382355,0.014941254,1.9495497,363,-0.3,231424,0.0
0.0040023765,0.0040023765,0.8988437131047249,643.6,2,1388.4308516979218,0.014598539,1.9326031,365,-0.325,232448,0.0
0.0036671245,0.0036671245,0.8161778450012207,641.625,1,1391.4432985782623,0.0143051855,1.9294808,366,-0.2,233472,0.0
0.010186568,0.010186568,0.8448106199502945,646.425,2,1395.9093987941742,0.014054234,1.9146374,368,-0.225,234496,0.0
-0.002825055,-0.002825055,0.8937160819768906,635.6,2,1400.3455107212067,0.016271614,1.9347215,370,-0.45,235520,0.0
0.008007594,0.008007594,0.8332542330026627,636.175,1,1403.3933165073395,0.014199387,1.9188162,371,-0.225,236544,0.0
0.0069929617,0.0069929617,0.8572860807180405,652.025,2,1407.855551958084,0.015068315,1.9184686,373,-0.275,237568,0.0
-0.0022792807,-0.0022792807,0.9216195195913315,638.25,2,1412.2222228050232,0.014506854,1.9413173,375,-0.375,238592,0.0
-0.004159579,-0.004159579,0.7826989591121674,638.85,2,1422.80996632576,0.014768697,1.9319495,377,-0.375,239616,0.0
-0.0012020704,-0.0012020704,0.7456856369972229,640.25,1,1426.0790362358093,0.016695626,1.9381598,378,-0.525,240640,0.0
0.0025964386,0.0025964386,0.8675282448530197,643.275,2,1430.4978637695312,0.014554221,1.9473318,380,-0.5,241664,0.0
0.0012732493,0.0012732493,0.848354160785675,644.975,1,1433.5864996910095,0.016579106,1.9608734,381,-0.6,242688,0.0
0.0010188154,0.0010188154,0.7347516119480133,625.425,3,1439.4770069122314,0.017310534,1.9367781,384,-0.85,243712,0.0
0.005205618,0.005205618,0.8493177890777588,624.9,1,1442.5234878063202,0.01478887,1.9478279,385,-0.975,244736,0.0
0.011079068,0.011079068,0.9116584211587906,629.4,2,1446.643482685089,0.013547996,1.9056455,387,-0.9,245760,0.0
0.010313449,0.010313449,0.8642965257167816,631.15,1,1449.9711298942566,0.014098223,1.9708478,388,-0.775,246784,0.0
0.006106611,0.006106611,0.705771267414093,625.05,2,1454.4463851451874,0.014854193,1.9454415,390,-1.05,247808,0.0
0.01661634,0.01661634,0.8865148276090622,619.675,2,1458.991067647934,0.013279897,1.945984,392,-0.85,248832,0.0
0.008650827,0.008650827,0.8898544609546661,619.775,1,1461.9031732082367,0.0146828415,1.9561522,393,-0.875,249856,0.0
0.005262805,0.005262805,0.9046503007411957,620.4,2,1466.0923116207123,0.014964595,1.9077024,395,-0.55,250880,0.0
0.0014226137,0.0014226137,0.8920597583055496,621.025,2,1470.5260820388794,0.014376137,1.9164071,397,-0.4,251904,0.0
0.010600887,0.010600887,0.8950103670358658,614.7,2,1474.9108238220215,0.013753286,1.957071,399,-0.45,252928,0.0
0.002982316,0.002982316,0.8675675094127655,607.725,2,1479.4604845046997,0.014688773,1.9395168,401,-0.575,253952,0.0
0.0036450755,0.0036450755,0.903761737048626,608.525,1,1482.8358643054962,0.013906866,1.9357519,402,-0.575,254976,0.0
0.012371049,0.012371049,0.7421270906925201,608.75,1,1486.4070239067078,0.014710507,1.955232,403,-0.675,256000,0.0
0.0027152393,0.0027152393,0.9107581749558449,606.4,2,1490.5359272956848,0.014020343,1.9227797,405,-0.8,257024,0.0
0.013367293,0.013367293,0.7939273715019226,599.375,2,1494.8191871643066,0.014717311,1.9466648,407,-0.775,258048,0.0
0.016051836,0.016051836,0.8246906250715256,603.85,1,1497.7036340236664,0.014319869,1.9271413,408,-0.725,259072,0.0
0.006100311,0.006100311,0.8638106137514114,618.275,2,1501.662917137146,0.014150631,1.9581722,410,-0.525,260096,0.0
0.0075332057,0.0075332057,0.875350147485733,624.3,1,1504.6312236785889,0.01454151,1.9426558,411,-0.65,261120,0.0
0.00479199,0.00479199,0.9042774885892868,613.45,2,1508.9921650886536,0.014817467,1.9264482,413,-0.575,262144,0.0
0.0054344237,0.0054344237,0.8933769017457962,616.25,2,1513.648657798767,0.014160876,1.9558891,415,-0.375,263168,0.0
-9.926595e-05,-9.926595e-05,0.8422841131687164,612.35,2,1517.8272414207458,0.013694139,1.9568442,417,-0.6,264192,0.0
0.0002927482,0.0002927482,0.8757126405835152,615.2,1,1521.0766861438751,0.014738442,1.9474871,418,-0.575,265216,0.0
0.008276305,0.008276305,0.882004052400589,605.675,2,1525.5668835639954,0.014891296,1.9301858,420,-0.475,266240,0.0
0.019162113,0.019162113,0.7902720719575882,609.95,2,1529.678658246994,0.014874762,1.9534843,422,-0.425,267264,0.0
0.012204692,0.012204692,0.8946385160088539,612.575,2,1533.724369764328,0.014143429,1.9396799,424,-0.175,268288,0.0
0.004771222,0.004771222,0.889497309923172,615.2,1,1537.5141379833221,0.01397304,1.9338722,425,-0.075,269312,0.0
0.008678541,0.008678541,0.8520785123109818,612.625,2,1542.3350219726562,0.014600791,1.9577732,427,-0.175,270336,0.0
0.0057110563,0.0057110563,0.8804392442107201,613.45,1,1545.6274087429047,0.014065744,1.9430939,428,-0.275,271360,0.0
-0.0010806955,-0.0010806955,0.8952314555644989,619.925,2,1550.1785786151886,0.015550852,1.9473276,430,-0.15,272384,0.0
0.0038693855,0.0038693855,0.8930416852235794,618.325,1,1553.2511179447174,0.014499367,1.945363,431,-0.175,273408,0.0
0.0026463787,0.0026463787,0.9098918288946152,621.85,2,1557.5492312908173,0.014395686,1.929533,433,-0.35,274432,0.0
0.0026698085,0.0026698085,0.8113018423318863,623.725,2,1561.9295101165771,0.013996671,1.9292337,435,-0.45,275456,0.0
0.0041642785,0.0041642785,0.9056453257799149,619.925,1,1565.1084432601929,0.01746397,1.9269416,436,-0.5,276480,0.0
0.010638513,0.010638513,0.8758239969611168,614.6,2,1569.2980654239655,0.014480054,1.8890777,438,-0.55,277504,0.0
0.003152391,0.003152391,0.8809486702084541,622.225,2,1573.8680245876312,0.014949677,1.954554,440,-0.55,278528,0.0
0.010155588,0.010155588,0.8236563950777054,622.85,2,1578.0299754142761,0.014916945,1.9027699,442,-0.475,279552,0.0
-0.002246013,-0.002246013,0.9058937877416611,622.375,1,1581.0630118846893,0.014067614,1.9300033,443,-0.375,280576,0.0
0.006787883,0.006787883,0.8309445679187775,622.425,1,1584.2158653736115,0.01376809,1.9491007,444,-0.475,281600,0.0
0.0057338006,0.0057338006,0.7590149194002151,629.55,2,1588.5946667194366,0.014592072,1.9554667,446,-0.5,282624,0.0
0.002081044,0.002081044,0.8759584054350853,622.5,2,1593.009292125702,0.013943637,1.9270624,448,-0.65,283648,0.0
0.0044345385,0.0044345385,0.8113836795091629,620.625,1,1596.1984136104584,0.014306178,1.9427655,449,-0.55,284672,0.0
0.013652027,0.013652027,0.9051176086068153,621.2,1,1599.3035626411438,0.0149926,1.9530576,450,-0.6,285696,0.0
0.0050794883,0.0050794883,0.8825899288058281,626.3,2,1603.6671075820923,0.014880044,1.9368051,452,-0.775,286720,0.0
0.00042171218,0.00042171218,0.8959705606102943,635.45,2,1608.2051451206207,0.016456284,1.9279597,454,-0.925,287744,0.0
-0.0036080368,-0.0036080368,0.9104206338524818,629.0,1,1611.4640200138092,0.016087603,1.9488622,455,-0.85,288768,0.0
0.010791492,0.010791492,0.8409142345190048,633.925,2,1615.8336188793182,0.0148818465,1.9373872,457,-0.725,289792,0.0
-0.0062821787,-0.0062821787,0.9168248400092125,625.7,2,1628.9959816932678,0.014794667,1.9337591,459,-0.65,290816,0.0
0.015077865,0.015077865,0.8928866684436798,630.575,2,1633.8970844745636,0.013516266,1.9518168,461,-0.675,291840,0.0
0.0037418657,0.0037418657,0.84457828104496,628.975,1,1637.947426557541,0.014571577,1.934108,462,-0.675,292864,0.0
0.0010860586,0.0010860586,0.8830391392111778,635.075,2,1642.5688004493713,0.014593488,1.9103156,464,-0.575,293888,0.0
-7.859152e-05,-7.859152e-05,0.824992299079895,634.425,2,1647.841372013092,0.016168721,1.9556265,466,-0.625,294912,0.0
0.0042576557,0.0042576557,0.8697053343057632,631.35,1,1651.02303647995,0.014902349,1.9535916,467,-0.625,295936,0.0
0.008260983,0.008260983,0.8656351715326309,629.975,2,1655.9542827606201,0.014066001,1.9396434,469,-0.625,296960,0.0
-0.00097086513,-0.00097086513,0.8551932126283646,629.9,1,1659.136488199234,0.01713489,1.9393166,470,-0.675,297984,0.0
-0.005321288,-0.005321288,0.7899712920188904,624.1,2,1663.7327947616577,0.016119936,1.9597037,472,-0.775,299008,0.0
0.0018309583,0.0018309583,0.9159526228904724,626.575,2,1903.090320110321,0.015828822,1.9260178,474,-0.625,300032,0.0
0.005978323,0.005978323,0.805063471198082,629.1,1,2356.633265733719,0.013719703,1.9288235,475,-0.825,301056,0.0
-0.00012436882,-0.00012436882,0.903372697532177,633.675,2,2361.2288568019867,0.014187254,1.9243412,477,-0.675,302080,0.0
0.007960983,0.007960983,0.9124232232570648,640.7,1,2364.362749814987,0.01416904,1.9153996,478,-0.75,303104,0.0
0.00094374083,0.00094374083,0.9015262126922607,645.375,1,2367.419003725052,0.01458991,1.9099413,479,-0.775,304128,0.0
0.014774455,0.014774455,0.8491511195898056,650.2,2,2371.7879807949066,0.014882796,1.913133,481,-0.725,305152,0.0
0.0014214842,0.0014214842,0.8904748558998108,651.8,1,2374.7979958057404,0.01433795,1.9396355,482,-0.6,306176,0.0
0.0037574002,0.0037574002,0.8546840101480484,647.875,2,2379.3353028297424,0.015363053,1.9423707,484,-0.625,307200,0.0
0.001693795,0.001693795,0.8995171710848808,641.325,2,2383.71853351593,0.014466288,1.919739,486,-0.8,308224,0.0
0.0057955636,0.0057955636,0.9051207676529884,637.825,2,2388.036773443222,0.014636243,1.9190254,488,-0.825,309248,0.0
0.00843173,0.00843173,0.8687994629144669,640.15,1,2391.0267095565796,0.014302146,1.9403721,489,-0.825,310272,0.0
0.004183573,0.004183573,0.8918704017996788,633.05,2,2395.361398458481,0.014383173,1.9417782,491,-0.75,311296,0.0
-0.007652813,-0.007652813,0.875890776515007,635.025,1,2398.4555661678314,0.0145213455,1.9336958,492,-0.75,312320,0.0
0.002362458,0.002362458,0.8967477902770042,637.375,2,2402.8423964977264,0.014760846,1.9118564,494,-0.675,313344,0.0
0.00084011955,0.00084011955,0.7380010783672333,644.15,1,2405.870003223419,0.014037146,1.9334333,495,-0.75,314368,0.0
-0.0017627012,-0.0017627012,0.8735141605138779,646.525,2,2410.223198413849,0.017845422,1.9186864,497,-0.825,315392,0.0
0.006092105,0.006092105,0.8493622094392776,652.8,1,2414.000334739685,0.0143447425,1.944998,498,-0.95,316416,0.0
0.0018765735,0.0018765735,0.7981633692979813,659.55,2,2418.790109872818,0.015260348,1.9360628,500,-0.75,317440,0.0
0.014917182,0.014917182,0.9026170969009399,657.475,1,2421.94380402565,0.014787657,1.948798,501,-0.725,318464,0.0
0.006840315,0.006840315,0.8989205956459045,660.7,2,2426.4717388153076,0.014946532,1.9172602,503,-0.725,319488,0.0
0.005522604,0.005522604,0.8404273986816406,663.6,1,2429.5086772441864,0.01474676,1.9442303,504,-0.775,320512,0.0
-0.0017686719,-0.0017686719,0.7838015854358673,659.975,2,2433.8999161720276,0.014936395,1.9155577,506,-0.85,321536,0.0
0.0014758483,0.0014758483,0.8134801834821701,663.7,1,2437.0017433166504,0.015219592,1.937072,507,-0.8,322560,0.0
0.0029591476,0.0029591476,0.8682095408439636,660.525,2,2441.4465482234955,0.014598088,1.9417315,509,-0.65,323584,0.0
0.0008083014,0.0008083014,0.8661994338035583,658.475,2,2445.9018862247467,0.014675684,1.9313772,511,-0.575,324608,0.0
0.00063083135,0.00063083135,0.8642985224723816,663.55,1,2448.8677790164948,0.0152007295,1.9566172,512,-0.5,325632,0.0
-0.00043946411,-0.00043946411,0.7399994730949402,659.8,2,2453.1144161224365,0.015985902,1.9261138,514,-0.475,326656,0.0
0.0035075557,0.0035075557,0.7016669511795044,663.675,1,2456.021514892578,0.015482251,1.9415938,515,-0.3,327680,0.0
0.0050240993,0.0050240993,0.8808393627405167,668.725,2,2460.223949432373,0.01438451,1.9225428,517,-0.375,328704,0.0
0.002472404,0.002472404,0.7769924253225327,665.775,1,2463.852193593979,0.013978954,1.9256592,518,-0.35,329728,0.0
0.0028931564,0.0028931564,0.8965278193354607,661.525,2,2468.1754066944122,0.014873002,1.9281054,520,-0.525,330752,0.0
0.013302326,0.013302326,0.6843544244766235,653.425,2,2472.0983147621155,0.014349827,1.9365815,522,-0.725,331776,0.0
0.0012901677,0.0012901677,0.8936950713396072,657.025,1,2475.147475004196,0.014464764,1.9517645,523,-0.6,332800,0.0
0.0023318874,0.0023318874,0.8304025381803513,658.125,1,2478.246264696121,0.013736822,1.9511122,524,-0.725,333824,0.0
-0.0027547996,-0.0027547996,0.8472665846347809,663.175,2,2482.527708530426,0.014512263,1.9344035,526,-0.45,334848,0.0
0.00213865,0.00213865,0.811156302690506,669.6,2,2487.2277760505676,0.01593326,1.9395728,528,-0.4,335872,0.0
0.008437456,0.008437456,0.7641179710626602,669.85,1,2490.2850601673126,0.014253762,1.9521024,529,-0.4,336896,0.0
0.001422612,0.001422612,0.8476527184247971,665.05,2,2494.6750366687775,0.014472781,1.9449794,531,-0.375,337920,0.0
0.0037058145,0.0037058145,0.8195788860321045,663.6,1,2497.7578325271606,0.014440789,1.911339,532,-0.225,338944,0.0
0.009515126,0.009515126,0.8636048585176468,663.55,2,2501.852224111557,0.014941815,1.9193134,534,-0.225,339968,0.0
0.0015478772,0.0015478772,0.9128240197896957,651.55,2,2506.1135823726654,0.014916413,1.9275692,536,-0.3,340992,0.0
0.012268964,0.012268964,0.8766152262687683,653.275,1,2508.941093683243,0.014893888,1.9425876,537,-0.175,342016,0.0
-0.0031949095,-0.0031949095,0.8630145937204361,655.5,2,2513.031682252884,0.015644208,1.9495809,539,-0.15,343040,0.0
0.006636409,0.006636409,0.8836793452501297,651.125,1,2516.160907268524,0.014329761,1.9554782,540,-0.2,344064,0.0
0.008107931,0.008107931,0.8472775667905807,652.9,2,2520.3159692287445,0.014932687,1.9227066,542,-0.225,345088,0.0
0.011932595,0.011932595,0.7124742865562439,647.025,2,2524.955350637436,0.014767598,1.9538591,544,-0.275,346112,0.0
0.0050994847,0.0050994847,0.848328024148941,644.8,1,2528.095124721527,0.0146007985,1.9396906,545,-0.125,347136,0.0
0.0013225023,0.0013225023,0.905539259314537,640.85,2,2532.362396001816,0.014223086,1.9362757,547,0.175,348160,0.0
0.008679221,0.008679221,0.8794354423880577,643.25,2,2537.1162955760956,0.014597237,1.940934,549,0.2,349184,0.0
-0.0025063027,-0.0025063027,0.8971715793013573,644.2,2,2541.450110912323,0.015213048,1.9422417,551,0.25,350208,0.0
0.0033113407,0.0033113407,0.825173407793045,649.05,1,2545.162905216217,0.017353948,1.9437333,552,0.275,351232,0.0
0.0042149946,0.0042149946,0.7480925619602203,651.775,1,2548.3426854610443,0.013965893,1.9311495,553,0.25,352256,0.0
-0.001097572,-0.001097572,0.9172682464122772,651.275,2,2552.517748594284,0.015706317,1.9372354,555,0.15,353280,0.0
0.0045772837,0.0045772837,0.8674097061157227,649.975,1,2555.5865721702576,0.01665235,1.9227449,556,0.15,354304,0.0
0.0035671368,0.0035671368,0.7764894068241119,648.075,1,2558.4744215011597,0.013709783,1.9361829,557,0.125,355328,0.0
-0.00031995587,-0.00031995587,0.880278654396534,651.25,2,2562.6924526691437,0.014756027,1.9421327,559,0.225,356352,0.0
-0.0011195242,-0.0011195242,0.824489951133728,652.1,2,2567.0166873931885,0.016682118,1.9380195,561,0.225,357376,0.0
0.003379696,0.003379696,0.7964780926704407,650.925,1,2569.8614614009857,0.014622217,1.9268787,562,0.225,358400,0.0
0.004010983,0.004010983,0.7777277380228043,654.95,2,2574.3252699375153,0.014159843,1.9409366,564,0.25,359424,0.0
-0.00035711983,-0.00035711983,0.8646953701972961,652.175,1,2578.201319694519,0.01701126,1.9343622,565,0.1,360448,0.0
0.0064340746,0.0064340746,0.8977421447634697,646.175,2,2582.4301528930664,0.014951499,1.9363873,567,0.075,361472,0.0
0.0073571405,0.0073571405,0.9004175215959549,634.425,3,2587.868376970291,0.01318306,1.9269509,570,0.175,362496,0.0
-0.004775427,-0.004775427,0.880451500415802,634.75,1,2591.168135166168,0.016742136,1.9398077,571,0.175,363520,0.0
0.0061069974,0.0061069974,0.8948589414358139,635.275,2,2607.7197432518005,0.014708664,1.9544185,573,0.225,364544,0.0
0.0006236853,0.0006236853,0.8324203044176102,634.725,1,2610.805013656616,0.0146335075,1.9317687,574,0.225,365568,0.0
0.010700153,0.010700153,0.8468008190393448,644.0,2,2615.2713499069214,0.0146314,1.9528862,576,0.3,366592,0.0
0.017334484,0.017334484,0.8942952081561089,644.6,1,2618.352762699127,0.014759362,1.9361851,577,0.3,367616,0.0
-0.008089217,-0.008089217,0.8984435051679611,638.8,2,2622.8062455654144,0.014458986,1.9270794,579,0.35,368640,0.0
0.0036940067,0.0036940067,0.8913412392139435,640.575,1,2625.982562303543,0.015534401,1.938834,580,0.375,369664,0.0
0.0027305046,0.0027305046,0.8539688885211945,636.9,2,2630.4305007457733,0.014033239,1.9370706,582,0.25,370688,0.0
0.0014577955,0.0014577955,0.6716910302639008,638.6,2,2635.0320353507996,0.014133136,1.9231571,584,0.125,371712,0.0
0.015444756,0.015444756,0.8229463994503021,644.575,1,2638.033960342407,0.014595671,1.9707909,585,0.025,372736,0.0
0.0011301795,0.0011301795,0.8783567771315575,647.425,2,2642.490967273712,0.014645573,1.9359926,587,-0.3,373760,0.0
-0.008152777,-0.008152777,0.9028398171067238,638.05,2,2647.180280447006,0.013904159,1.9355255,589,-0.4,374784,0.0
-0.004448932,-0.004448932,0.7698332220315933,631.025,2,2651.6213862895966,0.018339202,1.936693,591,-0.35,375808,0.0
0.0039157793,0.0039157793,0.9091614037752151,626.725,1,2655.3255462646484,0.015596263,1.9198867,592,-0.4,376832,0.0
0.0058228606,0.0058228606,0.7585054486989975,625.825,2,2659.6264765262604,0.014249913,1.9483672,594,-0.25,377856,0.0
0.0007352624,0.0007352624,0.9046826288104057,621.2,2,2663.964864253998,0.01545991,1.9079845,596,-0.275,378880,0.0
0.0046354383,0.0046354383,0.8956194818019867,622.6,1,2667.1779856681824,0.014404928,1.922526,597,-0.2,379904,0.0
0.0049392013,0.0049392013,0.7898157835006714,613.9,2,2671.6865708827972,0.016654495,1.9242411,599,-0.25,380928,0.0
-0.0016357736,-0.0016357736,0.7834822684526443,609.375,2,2676.7526257038116,0.014365388,1.931828,601,-0.275,381952,0.0
0.0017283121,0.0017283121,0.906232438981533,612.725,1,2679.8613064289093,0.014416926,1.9325085,602,-0.25,382976,0.0
-0.0042119096,-0.0042119096,0.8882383406162262,610.025,2,2684.33403301239,0.01545177,1.932688,604,-0.3,384000,0.0
0.006328569,0.006328569,0.9144735634326935,609.9,2,2689.0390989780426,0.01802335,1.911106,606,-0.3,385024,0.0
0.0022322955,0.0022322955,0.8970842361450195,612.8,1,2692.171301841736,0.015836705,1.9331912,607,-0.375,386048,0.0
0.0030748532,0.0030748532,0.7973539531230927,617.875,2,2696.5091910362244,0.018054433,1.9192986,609,-0.475,387072,0.0
-0.00478956,-0.00478956,0.8999701514840126,621.5,2,2700.755359172821,0.015500791,1.9197996,611,-0.625,388096,0.0
0.00053655915,0.00053655915,0.9021442234516144,618.05,2,2705.188042640686,0.015688509,1.9132857,613,-0.725,389120,0.0
-0.0014737397,-0.0014737397,0.7467792332172394,617.225,1,2708.1467180252075,0.014655478,1.9226325,614,-0.7,390144,0.0
0.0029398631,0.0029398631,0.8658000528812408,617.15,1,2711.1812920570374,0.017298657,1.9241122,615,-0.85,391168,0.0
0.014235201,0.014235201,0.9034846723079681,618.925,2,2715.8400988578796,0.01499489,1.9431376,617,-0.875,392192,0.0
0.0050939284,0.0050939284,0.8890338242053986,617.5,2,2720.4384610652924,0.014639217,1.9124451,619,-1.125,393216,0.0
0.0061503556,0.0061503556,0.8919296786189079,618.325,1,2723.4899802207947,0.014861384,1.9336184,620,-1.125,394240,0.0
-0.004908059,-0.004908059,0.9009649232029915,613.85,2,2727.86767745018,0.013980697,1.9400792,622,-1.2,395264,0.0
-0.0027305922,-0.0027305922,0.8996909111738205,617.15,2,2732.120971441269,0.014642682,1.9517936,624,-1.0,396288,0.0
0.0020694737,0.0020694737,0.903899297118187,613.65,1,2735.0980517864227,0.014769809,1.9345039,625,-1.025,397312,0.0
0.004521468,0.004521468,0.8641974478960037,615.175,2,2739.3662600517273,0.015581817,1.9482484,627,-0.775,398336,0.0
0.012615026,0.012615026,0.82486492395401,621.775,2,2743.406123161316,0.014800816,1.9451419,629,-0.6,399360,0.0
0.010494785,0.010494785,0.4954298138618469,621.775,0,2989.952614545822,0.014198108,1.9046469,629,-0.6,400384,0.0
0.0033812122,0.0033812122,0.8896340280771255,638.5,2,3394.6867311000824,0.013640962,1.9146764,631,-0.65,401408,0.0
0.00852865,0.00852865,0.8754275292158127,634.9,2,3398.9898982048035,0.01468822,1.9162476,633,-0.5,402432,0.0
-0.004159438,-0.004159438,0.8706850558519363,632.825,2,3403.4339666366577,0.016996242,1.8997866,635,-0.775,403456,0.0
-0.005004211,-0.005004211,0.8602503836154938,631.575,1,3406.5448994636536,0.015425918,1.9467146,636,-0.8,404480,0.0
-0.001666645,-0.001666645,0.8768946602940559,631.925,2,3411.0171031951904,0.015698727,1.9171245,638,-1.0,405504,0.0
-0.0006002807,-0.0006002807,0.9018004685640335,621.625,3,3417.3464529514313,0.014574198,1.9407656,641,-0.975,406528,0.0
0.0025171973,0.0025171973,0.8415637314319611,622.8,1,3420.4802746772766,0.014760509,1.9309113,642,-0.95,407552,0.0
0.005926054,0.005926054,0.8999028429389,608.35,2,3425.1520166397095,0.018118449,1.9324741,644,-0.875,408576,0.0
0.004632936,0.004632936,0.8224599063396454,608.475,2,3430.107680082321,0.014761608,1.9120344,646,-0.8,409600,0.0
0.0033800667,0.0033800667,0.8876152187585831,600.425,2,3434.5337262153625,0.01566818,1.9130077,648,-1.0,410624,0.0
0.006805892,0.006805892,0.9018507450819016,604.75,2,3439.092444419861,0.014872941,1.9298859,650,-0.8,411648,0.0
-0.0033306007,-0.0033306007,0.6793398261070251,602.925,1,3442.3902111053467,0.017154826,1.9145005,651,-0.775,412672,0.0
0.005235351,0.005235351,0.8016672283411026,603.7,2,3446.8683784008026,0.01646933,1.8895066,653,-0.925,413696,0.0
-0.00026486046,-0.00026486046,0.8861588686704636,598.05,2,3451.0413048267365,0.014250602,1.9182392,655,-0.925,414720,0.0
0.0028426265,0.0028426265,0.8779993206262589,595.475,2,3455.456873178482,0.01386321,1.9330932,657,-0.95,415744,0.0
0.013188432,0.013188432,0.8959436565637589,590.525,2,3459.8287675380707,0.0145707,1.9370434,659,-0.725,416768,0.0
-0.0006821973,-0.0006821973,0.7597308307886124,594.675,1,3463.398967027664,0.015664887,1.9245362,660,-0.625,417792,0.0
0.007801242,0.007801242,0.8510855883359909,599.95,1,3466.7928519248962,0.014616549,1.9290503,661,-0.525,418816,0.0
-0.0015872121,-0.0015872121,0.8851365223526955,607.625,2,3472.188507080078,0.016000591,1.9186611,663,-0.475,419840,0.0
0.00021102186,0.00021102186,0.834784671664238,598.35,2,3477.3819937705994,0.016635392,1.9046288,665,-0.275,420864,0.0
0.00080868136,0.00080868136,0.7421060502529144,597.55,1,3480.360902070999,0.01612435,1.928231,666,-0.4,421888,0.0
0.006609617,0.006609617,0.9059098586440086,601.225,1,3483.3963220119476,0.01496784,1.9015682,667,-0.425,422912,0.0
0.00723051,0.00723051,0.8919513300061226,602.775,2,3487.785850763321,0.014628386,1.90677,669,-0.525,423936,0.0
0.0022411104,0.0022411104,0.8966317251324654,591.4,2,3492.0213837623596,0.014804579,1.919075,671,-0.4,424960,0.0
0.0030858875,0.0030858875,0.8590841293334961,591.7,2,3496.700683116913,0.014101835,1.9246542,673,-0.6,425984,0.0
-0.0045625726,-0.0045625726,0.7795791327953339,594.55,1,3500.133768081665,0.016791182,1.9117303,674,-0.575,427008,0.0
0.0021384945,0.0021384945,0.8295754045248032,596.625,1,3503.5078489780426,0.016832216,1.9062507,675,-0.55,428032,0.0
0.0029961253,0.0029961253,0.9095421209931374,601.7,2,3507.9019503593445,0.014718925,1.9227707,677,-0.55,429056,0.0
-0.00237741,-0.00237741,0.8548923879861832,610.775,2,3512.1747047901154,0.016195513,1.9064739,679,-0.425,430080,0.0
-0.0043995604,-0.0043995604,0.868315264582634,611.925,2,3516.8498344421387,0.016327497,1.9190904,681,-0.35,431104,0.0
0.00024573505,0.00024573505,0.900159552693367,610.85,1,3520.0243957042694,0.01541535,1.9116056,682,-0.35,432128,0.0
0.006500408,0.006500408,0.9127371683716774,620.9,2,3524.2682983875275,0.014691934,1.8990049,684,-0.275,433152,0.0
0.0027452912,0.0027452912,0.8972047790884972,623.825,2,3528.614177942276,0.015911393,1.9139378,686,-0.2,434176,0.0
0.0015275229,0.0015275229,0.8432130962610245,622.375,1,3531.5739138126373,0.014748925,1.937025,687,-0.2,435200,0.0
0.0027020862,0.0027020862,0.8002722710371017,633.7,2,3536.536696434021,0.01428768,1.9241695,689,-0.125,436224,0.0
0.00017452822,0.00017452822,0.8568959385156631,635.85,1,3539.667992591858,0.01733647,1.9392955,690,-0.075,437248,0.0
0.0053713704,0.0053713704,0.8838086724281311,635.675,2,3544.354543209076,0.016010147,1.9107499,692,-0.175,438272,0.0
-0.0012678783,-0.0012678783,0.8967734649777412,636.275,1,3547.4426708221436,0.014862429,1.8991446,693,0.0,439296,0.0
-0.0011644571,-0.0011644571,0.8510438501834869,646.525,2,3551.990213871002,0.013594473,1.9138178,695,0.0,440320,0.0
0.014369685,0.014369685,0.9074415862560272,643.625,1,3555.0343956947327,0.014711065,1.9084469,696,-0.1,441344,0.0
-0.006190912,-0.006190912,0.832578256726265,649.75,2,3559.3862297534943,0.017551966,1.9187176,698,-0.275,442368,0.0
-0.003594915,-0.003594915,0.8030057698488235,642.725,2,3563.7396943569183,0.017640319,1.9183011,700,-0.325,443392,0.0
-0.008304444,-0.008304444,0.8991090506315231,631.425,2,3568.069613456726,0.015275541,1.941571,702,-0.25,444416,0.0
0.0100954175,0.0100954175,0.7914277911186218,627.225,2,3572.366912841797,0.014669366,1.9278686,704,-0.2,445440,0.0
0.0030506244,0.0030506244,0.884375773370266,632.05,1,3575.577136993408,0.016508548,1.9284818,705,-0.275,446464,0.0
0.0106895445,0.0106895445,0.9135474413633347,636.525,1,3578.6700823307037,0.014521255,1.9311424,706,-0.175,447488,0.0
-0.007287797,-0.007287797,0.9095370471477509,638.0,2,3582.8008136749268,0.016640507,1.937254,708,-0.175,448512,0.0
-0.0036352337,-0.0036352337,0.9021713435649872,641.55,1,3585.840355157852,0.016889533,1.941935,709,-0.2,449536,0.0
0.0047744657,0.0047744657,0.9037970677018166,643.55,2,3590.1757884025574,0.017625492,1.9110422,711,-0.425,450560,0.0
0.009302095,0.009302095,0.8706424385309219,637.225,2,3594.3907330036163,0.014749762,1.9189761,713,-0.15,451584,0.0
0.0040670913,0.0040670913,0.8727651834487915,629.9,2,3598.7614159584045,0.015024869,1.9246765,715,-0.1,452608,0.0
0.006370811,0.006370811,0.8808499351143837,622.6,1,3601.7595250606537,0.014665153,1.9098208,716,0.05,453632,0.0
0.0038014532,0.0038014532,0.8909245505928993,626.15,2,3606.153660297394,0.014748245,1.9299695,718,0.25,454656,0.0
-0.0008360371,-0.0008360371,0.9151891395449638,624.65,2,3610.6038887500763,0.01535271,1.9133825,720,0.3,455680,0.0
-0.0005475534,-0.0005475534,0.8203584998846054,624.775,2,3614.981722831726,0.014974782,1.9364057,722,0.275,456704,0.0
0.001961016,0.001961016,0.8617410361766815,625.825,1,3618.1331322193146,0.014727431,1.9220426,723,0.275,457728,0.0
0.009520269,0.009520269,0.8568875342607498,628.225,1,3621.187683582306,0.014630918,1.9080994,724,0.25,458752,0.0
-0.002258677,-0.002258677,0.8843575641512871,628.0,2,3625.653652191162,0.015534267,1.9387242,726,0.225,459776,0.0
0.002916059,0.002916059,0.9020805135369301,630.85,2,3629.8933067321777,0.014953177,1.9287951,728,0.325,460800,0.0
0.005367279,0.005367279,0.9028927385807037,629.425,1,3632.9967987537384,0.014468108,1.8928051,729,0.3,461824,0.0
-0.0035116198,-0.0035116198,0.9141030535101891,623.0,2,3637.432433605194,0.016496439,1.9124068,731,0.35,462848,0.0
0.008654542,0.008654542,0.9065850451588631,619.575,2,3641.6944761276245,0.01343351,1.9188446,733,0.55,463872,0.0
0.017760258,0.017760258,0.8815200701355934,612.225,2,3645.978018283844,0.014470703,1.9305964,735,0.675,464896,0.0
0.012204301,0.012204301,0.8682836890220642,616.55,1,3648.993749141693,0.014909705,1.9284011,736,0.725,465920,0.0
0.012673489,0.012673489,0.9096757173538208,615.825,2,3653.0589714050293,0.014404246,1.9065824,738,0.875,466944,0.0
0.0062363674,0.0062363674,0.8769270479679108,623.7,1,3655.9615886211395,0.014791248,1.9209218,739,0.975,467968,0.0
0.011652034,0.011652034,0.9099497497081757,624.225,2,3660.258966445923,0.0142940935,1.9481125,741,0.925,468992,0.0
0.009948598,0.009948598,0.8947355002164841,631.825,1,3663.7233152389526,0.014109502,1.9199724,742,0.75,470016,0.0
-0.008761786,-0.008761786,0.8448810577392578,639.175,2,3668.2257096767426,0.014181597,1.9115894,744,0.55,471040,0.0
0.0050896998,0.0050896998,0.7399399876594543,638.3,1,3671.223216533661,0.013115531,1.9247856,745,0.575,472064,0.0
0.019527799,0.019527799,0.8646461516618729,625.025,2,3675.309766769409,0.013574245,1.9311647,747,0.375,473088,0.0
0.009225721,0.009225721,0.9074003100395203,621.2,2,3679.440688610077,0.012933184,1.9241599,749,0.275,474112,0.0
0.016045397,0.016045397,0.91224804520607,615.5,2,3684.0169847011566,0.013749437,1.9363894,751,0.35,475136,0.0
0.01693895,0.01693895,0.8022808581590652,621.7,1,3687.824439048767,0.013060877,1.9032673,752,0.275,476160,0.0
0.020152096,0.020152096,0.9200171902775764,624.2,2,3692.004334926605,0.014253384,1.9394538,754,0.3,477184,0.0
0.011150353,0.011150353,0.9070000424981117,629.35,2,3695.9477376937866,0.013055911,1.9284563,756,0.2,478208,0.0
0.010561803,0.010561803,0.874064177274704,626.775,1,3699.6026232242584,0.0114319045,1.9241998,757,0.25,479232,0.0
0.019091615,0.019091615,0.8201296031475067,636.65,2,3703.805398464203,0.01351054,1.9453466,759,0.225,480256,0.0
0.017565737,0.017565737,0.8042018115520477,627.625,2,3707.941685438156,0.014875243,1.9267858,761,0.275,481280,0.0
0.006109056,0.006109056,0.7644763439893723,634.8,1,3710.942563533783,0.012063563,1.9408782,762,0.15,482304,0.0
0.017604511,0.017604511,0.9166743084788322,638.625,1,3713.975554227829,0.013704909,1.9254932,763,0.075,483328,0.0
0.014147335,0.014147335,0.9211316779255867,634.35,2,3718.2411642074585,0.013228447,1.9431667,765,-0.05,484352,0.0
0.0011340484,0.0011340484,0.8938213214278221,630.825,2,3722.5369884967804,0.013215793,1.944012,767,0.05,485376,0.0
0.02917355,0.02917355,0.9019323140382767,626.575,2,3726.6674749851227,0.013901766,1.9259992,769,-0.05,486400,0.0
0.004715016,0.004715016,0.8665823638439178,625.05,1,3729.694895029068,0.012908053,1.9617696,770,-0.25,487424,0.0
0.009245883,0.009245883,0.8946923837065697,632.375,2,3734.051834344864,0.013579503,1.9138737,772,-0.25,488448,0.0
0.022318028,0.022318028,0.9060032069683075,637.9,1,3737.211140394211,0.0137418555,1.9232092,773,-0.45,489472,0.0
0.024710549,0.024710549,0.8450254797935486,644.0,2,3741.4094092845917,0.012288433,1.8685999,775,-0.5,490496,0.0
0.017918382,0.017918382,0.7622126936912537,631.8,2,3745.9465413093567,0.012589404,1.9103696,777,-0.225,491520,0.0
0.0122575,0.0122575,0.854980081319809,631.375,1,3748.7479169368744,0.012333028,1.9474751,778,-0.375,492544,0.0
0.013684484,0.013684484,0.8188342750072479,623.5,2,3753.7192182540894,0.013413334,1.9135492,780,-0.375,493568,0.0
0.006267583,0.006267583,0.8725998848676682,619.35,2,3758.5027508735657,0.014327494,1.919073,782,-0.25,494592,0.0
0.017998187,0.017998187,0.8994592800736427,612.925,2,3762.6417474746704,0.014438963,1.9110065,784,-0.075,495616,0.0
0.016592568,0.016592568,0.8772190883755684,612.375,1,3766.0417153835297,0.014619548,1.9230794,785,-0.075,496640,0.0
0.02481208,0.02481208,0.9227401837706566,621.85,2,3770.17595243454,0.014396161,1.944051,787,0.15,497664,0.0
0.0059981667,0.0059981667,0.8188975304365158,626.525,1,3773.057360649109,0.014459867,1.9624382,788,0.2,498688,0.0
-0.006068362,-0.006068362,0.9035868272185326,626.075,2,3777.7784345149994,0.015153214,1.9672606,790,0.15,499712,0.0
0.022342123,0.022342123,0.9118963107466698,639.775,1,4023.331357240677,0.014195917,1.9402092,791,0.175,500736,0.0
0.012810353,0.012810353,0.8896118775010109,637.7,1,4502.006419658661,0.014212839,1.8828591,792,0.1,501760,0.0
0.008170252,0.008170252,0.904294028878212,638.25,2,4506.3877811431885,0.014650402,1.9209607,794,0.0,502784,0.0
0.013662804,0.013662804,0.7969624847173691,637.425,2,4510.656636238098,0.014521459,1.9250331,796,0.125,503808,0.0
0.005229691,0.005229691,0.8975609764456749,638.225,1,4513.638946533203,0.014573917,1.9164069,797,0.1,504832,0.0
0.00739589,0.00739589,0.7997793108224869,635.85,2,4518.184047460556,0.01422915,1.900558,799,0.2,505856,0.0
0.015243086,0.015243086,0.8274065852165222,639.95,2,4522.4196264743805,0.014865563,1.8897802,801,0.325,506880,0.0
0.009518139,0.009518139,0.8444778174161911,635.1,1,4525.54594874382,0.0129880775,1.9255102,802,0.45,507904,0.0
0.012282906,0.012282906,0.9128428176045418,631.725,2,4529.875736951828,0.013790208,1.9340861,804,0.425,508928,0.0
-0.00024729874,-0.00024729874,0.8535154163837433,626.4,2,4534.713253736496,0.013706218,1.9094439,806,0.4,509952,0.0
0.014424047,0.014424047,0.8348765820264816,633.325,1,4537.714860916138,0.014061257,1.9008617,807,0.525,510976,0.0
0.007585274,0.007585274,0.8807955458760262,638.25,2,4542.08195567131,0.014050606,1.9358318,809,0.475,512000,0.0
0.0096126925,0.0096126925,0.80820332467556,640.5,1,4545.219831943512,0.014133956,1.8933496,810,0.55,513024,0.0
0.008933286,0.008933286,0.8946386128664017,638.875,2,4550.529871702194,0.013728881,1.90271,812,0.575,514048,0.0
0.013849961,0.013849961,0.8969303146004677,629.875,2,4555.277830839157,0.014659749,1.9063275,814,0.65,515072,0.0
0.016769769,0.016769769,0.8307163864374161,626.25,2,4560.09813785553,0.012778249,1.9041023,816,0.45,516096,0.0
0.010328673,0.010328673,0.8861768394708633,628.35,1,4563.241060972214,0.014538743,1.9342102,817,0.4,517120,0.0
0.012493544,0.012493544,0.800170287489891,629.1,2,4567.706437826157,0.013015706,1.8946117,819,0.675,518144,0.0
0.013994528,0.013994528,0.8592824637889862,629.45,2,4572.118174314499,0.014757793,1.8928952,821,0.375,519168,0.0
0.012516359,0.012516359,0.8973200768232346,631.725,1,4575.237727165222,0.014597993,1.8949151,822,0.5,520192,0.0
0.0018470166,0.0018470166,0.9207853674888611,631.775,2,4579.980566263199,0.013501034,1.9158977,824,0.3,521216,0.0
0.014871981,0.014871981,0.7505507469177246,630.35,2,4584.839336633682,0.01391978,1.8919907,826,0.3,522240,0.0
0.017536294,0.017536294,0.8976075872778893,628.0,1,4587.980320692062,0.013169409,1.9217157,827,0.175,523264,0.0
0.013183877,0.013183877,0.9143451303243637,618.275,2,4592.422709703445,0.0125196725,1.8951173,829,0.375,524288,0.0
0.013229779,0.013229779,0.9074076414108276,614.875,2,4596.669550657272,0.013884718,1.9099002,831,0.35,525312,0.0
0.019484501,0.019484501,0.8401302695274353,609.45,2,4600.945649147034,0.014640548,1.8975346,833,0.575,526336,0.0
0.008329393,0.008329393,0.8816164508461952,609.475,1,4604.0656859874725,0.012420805,1.9273354,834,0.575,527360,0.0
0.01181067,0.01181067,0.9065541252493858,617.7,2,4608.261006593704,0.012684179,1.9237676,836,0.475,528384,0.0
0.02069639,0.02069639,0.8682558238506317,621.45,1,4611.232479095459,0.014037058,1.9087142,837,0.45,529408,0.0
0.023032675,0.023032675,0.8930334225296974,618.175,2,4615.481369495392,0.014772809,1.9390235,839,0.425,530432,0.0
0.010800485,0.010800485,0.8329800963401794,618.475,1,4618.474115371704,0.013956798,1.901702,840,0.35,531456,0.0
0.024144124,0.024144124,0.7794269621372223,626.175,1,4621.453651189804,0.014362943,1.8908193,841,0.2,532480,0.0
0.0030341197,0.0030341197,0.8734771907329559,621.8,2,4626.080822229385,0.01359641,1.9345291,843,0.125,533504,0.0
0.024472939,0.024472939,0.8519749343395233,627.125,2,4630.458998203278,0.012881823,1.9075729,845,0.325,534528,0.0
0.0059833676,0.0059833676,0.8850311636924744,625.425,2,4635.243449211121,0.01482154,1.9445088,847,0.05,535552,0.0
0.0058656163,0.0058656163,0.8197522461414337,629.95,1,4638.217613697052,0.01531769,1.9288442,848,0.175,536576,0.0
-0.0024575144,-0.0024575144,0.8804937228560448,619.3,2,4643.1937828063965,0.01308703,1.9203823,850,0.2,537600,0.0
0.011184042,0.011184042,0.7895653247833252,615.6,2,4647.662899255753,0.01491193,1.9570138,852,0.15,538624,0.0
0.01932446,0.01932446,0.8839528635144234,609.65,1,4650.50922203064,0.014690014,1.9094827,853,0.1,539648,0.0
-0.0056044464,-0.0056044464,0.8587334454059601,619.375,2,4654.90199804306,0.014675114,1.9384876,855,-0.05,540672,0.0
0.0073793298,0.0073793298,0.8990023285150528,627.1,2,4658.966134548187,0.014497684,1.9509736,857,-0.05,541696,0.0
0.0011524814,0.0011524814,0.8617988228797913,628.45,1,4662.04328584671,0.014833088,1.9010535,858,-0.05,542720,0.0
0.0061283926,0.0061283926,0.8953907266259193,632.45,1,4665.175470352173,0.015708651,1.9276626,859,-0.075,543744,0.0
-0.0049036704,-0.0049036704,0.902540847659111,638.65,2,4669.428093671799,0.014283624,1.9424849,861,0.15,544768,0.0
0.011165714,0.011165714,0.7611735165119171,632.5,2,4673.948871612549,0.014847825,1.9425576,863,-0.075,545792,0.0
0.003647605,0.003647605,0.9053609073162079,635.25,2,4678.580997467041,0.013874874,1.9269087,865,0.0,546816,0.0
0.008862524,0.008862524,0.8873181790113449,632.05,1,4681.699984788895,0.014253898,1.9465144,866,0.0,547840,0.0
0.008050793,0.008050793,0.9042571112513542,627.525,2,4686.024520158768,0.013944048,1.9491568,868,-0.025,548864,0.0
0.0008160423,0.0008160423,0.7646927982568741,631.35,2,4690.144160747528,0.014490603,1.9386679,870,-0.25,549888,0.0
0.0054357816,0.0054357816,0.8776372671127319,628.875,1,4693.415636777878,0.013530165,1.9259727,871,-0.3,550912,0.0
0.006857395,0.006857395,0.9064573720097542,631.675,2,4698.517280578613,0.014480136,1.9280696,873,-0.55,551936,0.0
0.02415039,0.02415039,0.8989199101924896,630.15,2,4702.8802325725555,0.0145479385,1.9095138,875,-0.525,552960,0.0
0.009016448,0.009016448,0.8966264501214027,630.625,1,4705.9827518463135,0.014511304,1.9207108,876,-0.525,553984,0.0
0.008368952,0.008368952,0.9126046299934387,628.325,2,4710.291661024094,0.014864506,1.8556406,878,-0.525,555008,0.0
0.03056713,0.03056713,0.8267701417207718,625.7,1,4713.14142203331,0.014044367,1.8909214,879,-0.65,556032,0.0
0.015355557,0.015355557,0.6037827730178833,612.2,3,4718.8881752491,0.014093523,1.9465041,882,-0.7,557056,0.0
0.008903699,0.008903699,0.89283337444067,616.5,1,4721.937682628632,0.014607083,1.9155177,883,-0.725,558080,0.0
0.024813026,0.024813026,0.8874960914254189,616.45,2,4726.34827709198,0.013641657,1.9002887,885,-0.7,559104,0.0
0.020540938,0.020540938,0.9091480001807213,620.725,1,4729.469130516052,0.014852371,1.9059191,886,-0.575,560128,0.0
-0.010489882,-0.010489882,0.9085461869835854,614.675,2,4733.829558372498,0.014263217,1.9250721,888,-0.4,561152,0.0
0.01659889,0.01659889,0.8557344526052475,620.875,1,4736.723226308823,0.014604166,1.8846393,889,-0.475,562176,0.0
-0.0019337614,-0.0019337614,0.8592601418495178,630.3,2,4741.334391117096,0.015324588,1.9615023,891,-0.475,563200,0.0
0.014138391,0.014138391,0.910550631582737,634.325,1,4744.33838891983,0.0129385,1.8681027,892,-0.375,564224,0.0
0.0017555403,0.0017555403,0.8809422925114632,640.925,1,4747.30979514122,0.0147085665,1.9046996,893,-0.175,565248,0.0
-0.003911607,-0.003911607,0.893557108938694,641.25,2,4751.955441951752,0.014951,1.883353,895,-0.15,566272,0.0
0.0028270022,0.0028270022,0.9191899523139,636.475,2,4756.362295389175,0.016412182,1.8961229,897,-0.225,567296,0.0
-0.0041970215,-0.0041970215,0.9030016139149666,632.025,1,4759.769465208054,0.015137622,1.9407063,898,-0.175,568320,0.0
0.008746617,0.008746617,0.8786848038434982,621.925,3,4765.307213306427,0.01415181,1.9328223,901,-0.5,569344,0.0
-0.005610169,-0.005610169,0.8773907124996185,620.825,1,4768.285210847855,0.014790906,1.9474869,902,-0.4,570368,0.0
-0.0009470433,-0.0009470433,0.8729391247034073,629.65,2,4772.4771065711975,0.016560897,1.959013,904,-0.375,571392,0.0
0.008835522,0.008835522,0.9104459956288338,619.275,2,4776.869578123093,0.01385932,1.9045587,906,-0.3,572416,0.0
0.015801646,0.015801646,0.9152275770902634,623.325,2,4781.137791633606,0.014784712,1.9300956,908,-0.225,573440,0.0
0.007036917,0.007036917,0.8973955139517784,616.775,1,4784.036833047867,0.0149786705,1.943454,909,-0.175,574464,0.0
-0.008635255,-0.008635255,0.8512942045927048,623.3,2,4788.249174356461,0.015709534,1.9562076,911,-0.075,575488,0.0
0.008271117,0.008271117,0.8176026046276093,624.525,1,4791.993151187897,0.01471386,1.8928254,912,-0.025,576512,0.0
0.0045453827,0.0045453827,0.8314668387174606,620.925,2,4796.616544961929,0.013353106,1.915054,914,-0.075,577536,0.0
0.010413129,0.010413129,0.8696060031652451,620.825,2,4800.829785346985,0.014755548,1.9396691,916,-0.1,578560,0.0
0.006263449,0.006263449,0.9068926274776459,615.575,2,4805.090190887451,0.014681537,1.9312563,918,-0.25,579584,0.0
0.004834666,0.004834666,0.911714181303978,615.8,1,4808.05233502388,0.014906017,1.914191,919,-0.25,580608,0.0
0.009230687,0.009230687,0.8887253180146217,619.525,2,4812.511297941208,0.014470132,1.8866643,921,-0.1,581632,0.0
0.0012285693,0.0012285693,0.8865344077348709,627.25,1,4815.641501188278,0.0144000035,1.9168781,922,0.05,582656,0.0
0.006792761,0.006792761,0.87326879799366,625.05,2,4819.799287080765,0.014264199,1.8967326,924,0.05,583680,0.0
-0.0023797029,-0.0023797029,0.9185614436864853,622.225,2,4824.163748025894,0.016975665,1.9252017,926,-0.05,584704,0.0
0.0047020772,0.0047020772,0.8913285136222839,621.875,1,4827.352524757385,0.016413134,1.9492911,927,-0.05,585728,0.0
0.002821519,0.002821519,0.8213440626859665,621.575,2,4831.635411024094,0.0148873255,1.9191144,929,-0.175,586752,0.0
-0.0036750801,-0.0036750801,0.849158301949501,622.625,1,4834.933084964752,0.013943474,1.9223357,930,-0.125,587776,0.0
-0.0020641973,-0.0020641973,0.8644641190767288,626.925,1,4838.66052532196,0.017193396,1.9416482,931,-0.075,588800,0.0
-0.0017531118,-0.0017531118,0.877139687538147,620.65,2,4843.823796272278,0.014351731,1.9186654,933,-0.275,589824,0.0
0.00749497,0.00749497,0.9099597260355949,621.525,2,4848.006579399109,0.014776425,1.9150684,935,-0.325,590848,0.0
0.0067979805,0.0067979805,0.8450131714344025,617.575,2,4852.373362541199,0.01651309,1.9107928,937,0.025,591872,0.0
0.0063979845,0.0063979845,0.7695531696081161,624.85,1,4855.375553369522,0.016008925,1.9557357,938,-0.1,592896,0.0
0.008039643,0.008039643,0.8875886797904968,623.075,2,4860.092281103134,0.014879395,1.9532585,940,-0.15,593920,0.0
0.0056677256,0.0056677256,0.9051326364278793,626.85,1,4887.2372879981995,0.014931617,1.90527,941,-0.1,594944,0.0
0.004556003,0.004556003,0.8272015899419785,629.675,2,4892.1045463085175,0.014649228,1.9160001,943,-0.275,595968,0.0
0.0077325394,0.0077325394,0.8184149265289307,629.775,1,4895.44868016243,0.0132058,1.9249413,944,-0.275,596992,0.0
-0.00013300497,-0.00013300497,0.8090915828943253,637.425,2,4899.905705213547,0.014071444,1.9074705,946,-0.275,598016,0.0
0.009193793,0.009193793,0.896564707159996,632.225,2,4904.478385686874,0.014616378,1.9422257,948,-0.3,599040,0.0
0.0022723745,0.0022723745,0.8570134192705154,636.625,2,5139.102870225906,0.015508311,1.9241322,950,-0.3,600064,0.0
0.0062249233,0.0062249233,0.8970005959272385,630.4,1,5562.6849637031555,0.013514923,1.8714886,951,-0.125,601088,0.0
0.010228526,0.010228526,0.8126754760742188,633.575,2,5566.837075948715,0.0146845,1.9074297,953,-0.125,602112,0.0
-0.0052470686,-0.0052470686,0.9088616892695427,638.6,1,5569.9528868198395,0.01430372,1.9286656,954,-0.05,603136,0.0
0.014114501,0.014114501,0.8813940063118935,636.825,2,5574.518965005875,0.014349916,1.935914,956,-0.05,604160,0.0
0.006859704,0.006859704,0.8717374056577682,640.625,1,5577.801580905914,0.0138919605,1.939338,957,0.0,605184,0.0
-0.0057940977,-0.0057940977,0.9092976301908493,646.0,2,5582.28395652771,0.015119497,1.946414,959,0.05,606208,0.0
0.010260452,0.010260452,0.8714122325181961,646.375,1,5585.1831312179565,0.014021225,1.8630855,960,-0.025,607232,0.0
0.0017489903,0.0017489903,0.9026726335287094,649.025,2,5589.3116364479065,0.013045267,1.9230375,962,-0.025,608256,0.0
0.022786602,0.022786602,0.8924933671951294,652.525,1,5592.2768676280975,0.014994422,1.905775,963,0.025,609280,0.0
0.008550102,0.008550102,0.8681300431489944,654.825,1,5595.481200456619,0.014668716,1.9241415,964,-0.125,610304,0.0
-0.005991306,-0.005991306,0.8731809854507446,662.725,2,5599.879429578781,0.014817003,1.9580564,966,-0.15,611328,0.0
0.016910065,0.016910065,0.8669925183057785,663.525,1,5602.948148727417,0.0145831425,1.9153328,967,-0.275,612352,0.0
0.0022659323,0.0022659323,0.7992937564849854,659.85,2,5607.306406497955,0.015025262,1.9201883,969,-0.375,613376,0.0
0.0048351777,0.0048351777,0.8424918055534363,649.725,2,5611.699447631836,0.014645757,1.9476662,971,-0.525,614400,0.0
0.0018000565,0.0018000565,0.8336607813835144,649.675,1,5614.925213336945,0.016139569,1.919302,972,-0.6,615424,0.0
0.00049318234,0.00049318234,0.8910915926098824,654.3,2,5619.24222946167,0.01389144,1.897629,974,-0.55,616448,0.0
0.0013446687,0.0013446687,0.8732788562774658,653.75,2,5623.865947723389,0.015301783,1.9205146,976,-0.675,617472,0.0
0.0021823235,0.0021823235,0.8655761927366257,657.825,1,5627.442150115967,0.015829233,1.9547703,977,-0.8,618496,0.0
0.0076051825,0.0076051825,0.8805351555347443,655.325,2,5632.665159463882,0.014257114,1.8860675,979,-0.55,619520,0.0
0.013720781,0.013720781,0.8713491559028625,652.025,2,5637.2536606788635,0.014622343,1.888874,981,-0.375,620544,0.0
0.007167456,0.007167456,0.7761067301034927,650.975,1,5640.532893896103,0.013863137,1.9089327,982,-0.4,621568,0.0
0.006989233,0.006989233,0.8799944221973419,651.25,2,5645.035462856293,0.01546939,1.9145303,984,-0.3,622592,0.0
0.009274337,0.009274337,0.7403519451618195,650.55,1,5648.115544319153,0.014653631,1.9231058,985,-0.3,623616,0.0
0.021500183,0.021500183,0.8699338436126709,660.975,2,5652.458896398544,0.014907276,1.8725282,987,-0.025,624640,0.0
0.0005215509,0.0005215509,0.9009609147906303,665.95,1,5656.1857080459595,0.01663981,1.934233,988,-0.075,625664,0.0
0.0070928363,0.0070928363,0.8802609592676163,654.475,2,5660.684669494629,0.013969706,1.9129248,990,-0.325,626688,0.0
-0.003038725,-0.003038725,0.8779391273856163,651.775,2,5665.303249597549,0.015197401,1.951788,992,-0.45,627712,0.0
0.0011926265,0.0011926265,0.8857051953673363,649.95,2,5669.593826293945,0.013956014,1.9312851,994,-0.475,628736,0.0
0.009358523,0.009358523,0.8971226662397385,655.15,1,5672.666229486465,0.014567095,1.9208896,995,-0.55,629760,0.0
0.022426337,0.022426337,0.7579831331968307,651.575,2,5676.956542015076,0.014808753,1.907364,997,-0.3,630784,0.0
0.004009865,0.004009865,0.8186752945184708,649.075,1,5679.8546097278595,0.014586255,1.9441385,998,-0.15,631808,0.0
0.009712242,0.009712242,0.6805017292499542,650.55,2,5684.079295873642,0.014143223,1.8861942,1000,-0.025,632832,0.0
0.0104561,0.0104561,0.8752219676971436,642.35,2,5688.479829549789,0.014079241,1.8680718,1002,0.05,633856,0.0
0.0161574,0.0161574,0.8607540726661682,635.25,1,5691.751108646393,0.014404049,1.8732854,1003,0.1,634880,0.0
0.011180423,0.011180423,0.9017959982156754,635.975,2,5695.849499940872,0.014817835,1.8608224,1005,0.075,635904,0.0
0.0091291005,0.0091291005,0.9087164252996445,634.775,1,5699.029882192612,0.014793213,1.890472,1006,0.05,636928,0.0
0.002038488,0.002038488,0.8903846964240074,625.7,2,5703.305762767792,0.01821309,1.9183831,1008,-0.075,637952,0.0
0.004715115,0.004715115,0.8969761878252029,633.7,2,5707.613310098648,0.014410241,1.88308,1010,0.1,638976,0.0
0.0024397243,0.0024397243,0.9049864187836647,632.475,1,5710.688665866852,0.014635537,1.910475,1011,0.075,640000,0.0
-0.001032643,-0.001032643,0.8976787179708481,635.3,1,5713.855303287506,0.0148758115,1.910847,1012,0.15,641024,0.0
0.0095603,0.0095603,0.7401300668716431,636.325,2,5718.097275972366,0.014624173,1.8649898,1014,0.325,642048,0.0
0.017929124,0.017929124,0.8619915992021561,637.65,2,5722.329868793488,0.01423821,1.9228027,1016,0.225,643072,0.0
0.0024500939,0.0024500939,0.8162473142147064,635.7,1,5726.0091547966,0.013545755,1.9067512,1017,0.225,644096,0.0
0.0027755168,0.0027755168,0.8186331391334534,633.375,2,5730.122486114502,0.016443985,1.9145248,1019,0.25,645120,0.0
0.0037597187,0.0037597187,0.7954625338315964,636.775,2,5734.368092775345,0.014631636,1.9009274,1021,0.05,646144,0.0
-0.0035894956,-0.0035894956,0.8652955144643784,634.7,1,5737.489917039871,0.015124108,1.951448,1022,0.025,647168,0.0
-0.0020341128,-0.0020341128,0.8999245092272758,628.175,2,5741.838190793991,0.016151462,1.9278327,1024,0.075,648192,0.0
0.0033653034,0.0033653034,0.8707541227340698,619.775,2,5746.478621482849,0.014717052,1.9228768,1026,0.0,649216,0.0
0.0029154944,0.0029154944,0.887708269059658,616.325,2,5750.887291669846,0.015074188,1.928594,1028,-0.175,650240,0.0
0.0044795834,0.0044795834,0.9057924300432205,627.1,2,5755.2642385959625,0.014765475,1.9248582,1030,0.05,651264,0.0
0.0044810046,0.0044810046,0.7725035697221756,626.9,1,5758.3022973537445,0.013749788,1.8990085,1031,0.025,652288,0.0
0.010396169,0.010396169,0.8964658752083778,622.925,2,5762.391497850418,0.014603252,1.892446,1033,0.1,653312,0.0
0.009372436,0.009372436,0.9084398671984673,625.75,1,5765.778044462204,0.013984339,1.8888683,1034,0.175,654336,0.0
0.018914571,0.018914571,0.9015228971838951,631.95,2,5770.283778190613,0.014881846,1.8802998,1036,0.075,655360,0.0
0.0032449705,0.0032449705,0.9138035774230957,631.125,1,5773.471625328064,0.014317617,1.8938383,1037,0.075,656384,0.0
0.0066722324,0.0066722324,0.8906335532665253,631.825,2,5777.891102313995,0.014266167,1.9256355,1039,-0.075,657408,0.0
0.016558748,0.016558748,0.8775887116789818,628.925,1,5780.886173963547,0.014642914,1.9008533,1040,-0.05,658432,0.0
0.008725179,0.008725179,0.9018202573060989,635.5,2,5785.071531534195,0.014230432,1.9038694,1042,-0.175,659456,0.0
0.010358525,0.010358525,0.9142454862594604,628.15,2,5789.385495424271,0.012380274,1.9022989,1044,-0.15,660480,0.0
0.005966847,0.005966847,0.901157446205616,628.525,1,5792.420033216476,0.0141116865,1.9283359,1045,-0.15,661504,0.0
0.014496222,0.014496222,0.8174579590559006,636.0,2,5796.649575710297,0.013802577,1.8970345,1047,-0.025,662528,0.0
0.009989132,0.009989132,0.7145301997661591,643.75,1,5799.631494283676,0.014129484,1.94362,1048,0.075,663552,0.0
0.013671787,0.013671787,0.9258636012673378,637.3,2,5804.598515987396,0.01686776,1.9041278,1050,0.175,664576,0.0
0.009900281,0.009900281,0.8703514486551285,639.55,1,5807.89745759964,0.014661763,1.9068258,1051,0.3,665600,0.0
0.0146402605,0.0146402605,0.7335619330406189,631.75,2,5812.365484952927,0.014446462,1.9165543,1053,0.1,666624,0.0
0.007428002,0.007428002,0.8674165457487106,636.625,1,5815.823887825012,0.01284918,1.9033663,1054,0.025,667648,0.0
0.0074345698,0.0074345698,0.9087598994374275,638.975,2,5820.000576019287,0.014734629,1.9081438,1056,0.05,668672,0.0
0.01024854,0.01024854,0.8463217467069626,635.725,2,5824.593745708466,0.013425661,1.9105921,1058,0.2,669696,0.0
0.017905744,0.017905744,0.8986012190580368,642.15,1,5827.903749465942,0.014711548,1.9120169,1059,0.05,670720,0.0
0.008713094,0.008713094,0.8378242403268814,630.575,3,5833.4828407764435,0.014565729,1.9135947,1062,0.425,671744,0.0
0.004590273,0.004590273,0.8422745764255524,627.475,1,5836.554308176041,0.013588088,1.9192824,1063,0.525,672768,0.0
0.0101833595,0.0101833595,0.8301500827074051,631.3,2,5841.347367525101,0.014594456,1.9294379,1065,0.45,673792,0.0
0.011389268,0.011389268,0.8797923922538757,634.85,1,5844.440722227097,0.014212613,1.9633842,1066,0.275,674816,0.0
0.015899964,0.015899964,0.916174441576004,642.5,2,5848.6948935985565,0.014339805,1.9172179,1068,0.3,675840,0.0
0.008670926,0.008670926,0.8996377438306808,632.85,2,5852.891168117523,0.014823877,1.9186095,1070,0.275,676864,0.0
0.0024055326,0.0024055326,0.8624013066291809,637.325,1,5855.805587053299,0.013193981,1.9284933,1071,0.175,677888,0.0
0.009456131,0.009456131,0.8995730206370354,645.15,2,5859.8390781879425,0.014507247,1.8877153,1073,0.25,678912,0.0
0.0023739783,0.0023739783,0.9143465161323547,645.125,1,5862.871942043304,0.014055999,1.9190476,1074,0.2,679936,0.0
0.001725885,0.001725885,0.9030572101473808,642.75,2,5866.917394161224,0.013158619,1.911845,1076,0.225,680960,0.0
-0.004821661,-0.004821661,0.8684186488389969,642.025,1,5869.947698831558,0.014967383,1.9004989,1077,0.225,681984,0.0
-0.0021497975,-0.0021497975,0.834484413266182,639.425,2,5874.392826557159,0.01682425,1.9068501,1079,0.275,683008,0.0
-0.000743899,-0.000743899,0.8279179483652115,633.625,2,5878.583403348923,0.013237398,1.909167,1081,-0.05,684032,0.0
-0.006867392,-0.006867392,0.8162705451250076,628.675,1,5881.741774559021,0.013670285,1.9083297,1082,-0.1,685056,0.0
0.013574681,0.013574681,0.9208992943167686,638.15,2,5885.875123500824,0.013995974,1.9002774,1084,-0.275,686080,0.0
0.007543736,0.007543736,0.8621383309364319,635.7,2,5890.521240472794,0.014968606,1.9075967,1086,-0.15,687104,0.0
0.018875547,0.018875547,0.8380105346441269,628.3,1,5894.141187906265,0.0137014305,1.8989246,1087,-0.275,688128,0.0
0.0074252035,0.0074252035,0.8483004122972488,628.5,2,5898.318009853363,0.013557967,1.8970647,1089,-0.275,689152,0.0
0.006961993,0.006961993,0.8873067870736122,629.225,1,5901.346791505814,0.014469163,1.9120035,1090,-0.275,690176,0.0
0.0045843692,0.0045843692,0.8965939953923225,628.4,2,5906.12095785141,0.013610163,1.9043419,1092,-0.175,691200,0.0
0.011566599,0.011566599,0.9087242484092712,632.775,1,17838.330414533615,0.013756277,1.9097855,1093,-0.075,692224,0.0
0.0017222762,0.0017222762,0.8937713801860809,624.725,2,17842.54433298111,0.014121776,1.9098408,1095,-0.075,693248,0.0
0.0090746535,0.0090746535,0.8571085333824158,625.55,2,17846.59450697899,0.013233506,1.8941145,1097,0.075,694272,0.0
0.009149238,0.009149238,0.9070101007819176,618.775,2,17850.964988470078,0.013663299,1.9252878,1099,-0.025,695296,0.0
0.010864681,0.010864681,0.9132650792598724,623.95,1,17854.05807042122,0.014271781,1.9287032,1100,0.025,696320,0.0
0.00077944435,0.00077944435,0.8560048639774323,632.525,1,17857.03344130516,0.014746294,1.9229724,1101,-0.125,697344,0.0
0.016416661,0.016416661,0.9095179364085197,646.9,2,17861.009994745255,0.013764277,1.878809,1103,-0.275,698368,0.0
0.011338187,0.011338187,0.8297541439533234,645.575,2,17864.890655517578,0.013947988,1.8894305,1105,-0.075,699392,0.0
0.015654434,0.015654434,0.9036526903510094,646.85,1,18107.084132909775,0.014491251,1.9115655,1106,0.075,700416,0.0
