#{"t_start": 1604547091.0751896, "env_id": "SlimeVolley-v0"}
r,l,t
-5,562,2.388445
-4,783,3.200833
-5,544,3.76493
-5,465,4.246146
-5,659,4.929423
-5,530,5.478211
-5,732,9.543175
-5,460,10.023139
-5,435,10.473391
-5,630,11.129521
-5,633,11.786749
-5,505,12.310551
-5,769,13.11922
-5,541,16.508859
-5,549,17.085727
-5,485,17.595158
-5,447,18.065806
-5,540,18.633916
-5,512,19.173145
-5,481,19.678941
-5,624,20.335519
-5,518,23.737966
-5,553,24.30987
-5,588,24.920866
-5,452,25.397061
-5,696,26.129248
-5,686,26.851525
-4,517,27.396139
-5,485,27.906208
-5,591,31.341249
-3,794,32.16342
-5,423,32.602212
-5,666,33.29111
-5,463,33.769439
-5,535,34.323475
-5,501,34.842917
-5,571,38.26259
-5,486,38.774287
-5,654,39.463251
-5,456,39.941568
-5,525,40.485717
-5,586,41.094373
-5,522,41.636933
-5,757,45.281305
-4,775,46.139707
-5,653,46.863715
-5,597,47.524399
-5,632,48.209662
-4,829,49.083757
-5,609,52.550165
-5,648,53.232469
-5,613,53.878739
-5,471,54.37452
-5,694,55.105295
-4,625,55.763836
-5,576,56.371007
-5,532,59.745008
-4,642,60.409108
-5,415,60.838768
-5,647,61.512434
-5,794,62.348815
-4,656,63.039147
-5,458,63.513877
-4,620,67.038888
-5,529,67.587517
-5,744,68.368422
-5,563,68.960605
-5,794,69.795426
-5,819,70.67398
-5,435,74.050905
-4,793,74.907341
-4,877,75.830908
-5,839,76.714733
-5,688,77.438527
-5,599,80.901621
-5,565,81.498561
-5,780,82.317105
-5,641,83.00916
-5,648,83.680528
-5,616,84.328015
-5,460,84.805861
-5,814,88.65138
-5,411,89.083743
-5,657,89.796425
-5,423,90.264553
-5,673,91.009069
-5,700,91.748603
-5,479,92.253703
-5,866,95.990159
-4,576,96.586556
-5,720,97.332224
-5,447,97.795605
-5,579,98.396553
-5,840,99.267271
-5,450,102.565828
-4,820,103.415803
-4,632,104.071675
-5,492,104.585067
-5,486,105.098203
-5,895,106.041513
-5,723,109.636594
-5,592,110.26085
-5,690,110.988772
-5,580,111.599758
-5,793,112.436027
-5,597,113.074327
-5,547,113.678182
-5,725,117.384363
-5,752,118.215626
-4,651,118.933622
-5,809,119.825762
-5,706,120.604124
-5,711,121.387569
-5,652,125.017379
-5,542,125.615453
-5,501,126.170208
-5,771,127.024417
-4,597,127.676969
-5,737,128.489721
-5,455,131.904131
-5,433,132.383017
-5,698,133.154872
-4,763,133.997547
-5,583,134.642581
-4,689,135.404673
-5,973,139.395882
-5,415,139.83424
-5,652,140.521521
-5,542,141.101517
-5,690,141.864098
-5,611,142.538268
-5,435,143.017869
-5,389,143.446516
-5,444,146.855753
-5,886,147.837614
-5,608,148.509333
-5,818,149.411711
-5,723,150.204611
-5,642,150.899051
-5,568,154.332015
-5,665,155.038087
-5,789,155.87513
-5,671,156.581048
-4,867,157.48388
-5,556,158.060563
-5,641,161.593609
-5,514,162.135411
-4,820,162.999977
-5,898,163.948321
-5,728,164.715876
-5,521,165.263879
-5,539,168.665229
-5,810,169.514551
-5,547,170.081268
-5,679,170.785582
-5,566,171.380912
-5,402,171.804976
-5,445,172.290059
-5,705,175.948693
-5,564,176.533839
-5,557,177.111254
-5,544,177.901188
-4,580,178.550385
-5,566,179.171444
-5,577,179.805013
-4,661,180.531232
-5,483,181.070432
-5,959,182.140889
-5,530,182.731688
-5,546,183.340402
-5,546,183.949059
-5,610,184.621612
-5,571,185.255911
-5,604,185.917005
-5,667,186.648471
-5,434,187.123854
-5,608,187.789356
-5,570,188.416493
-4,726,189.218761
-4,490,189.758114
-5,607,190.445132
-5,691,191.217503
-5,694,191.980132
-5,587,192.633354
-5,501,193.18773
-5,730,193.988652
-4,720,194.790432
-4,706,195.562975
-4,702,196.33905
-5,437,196.826611
-4,626,197.520017
-5,713,198.315819
-5,792,199.200488
-5,708,199.990462
-4,668,200.722687
-5,461,201.227526
-5,777,202.078233
-4,1247,203.445164
-5,398,203.880653
-5,492,204.420095
-5,781,205.291985
-5,531,205.884701
-5,637,206.596784
-5,713,207.392164
-5,670,208.139733
-5,783,208.999537
-5,671,209.748781
-5,614,210.435114
-4,572,211.064016
-5,478,211.598084
-5,490,212.1421
-5,504,212.693896
-4,721,213.482819
-4,770,214.328061
-5,615,215.00182
-5,566,215.621874
-5,415,216.076706
-5,578,216.709698
-5,523,217.286639
-5,596,217.943674
-5,604,218.617616
-5,596,219.282671
-5,625,219.979376
-5,677,220.72244
-5,566,221.342695
-5,568,221.96558
-5,489,222.500916
-5,554,223.119334
-5,468,223.64192
-5,661,224.379198
-5,598,225.045518
-5,691,225.846452
-5,677,226.633342
-5,775,227.536431
-5,470,228.082409
-4,747,228.950267
-5,416,229.433468
-5,528,230.048492
-5,771,230.947447
-4,753,231.825629
-4,1040,233.03816
-5,549,233.676863
-5,563,234.333771
-5,541,234.964784
-5,420,235.454475
-5,563,236.111321
-4,800,237.045128
-5,584,237.726213
-5,616,238.413409
-5,635,239.113775
-5,829,240.024282
-5,641,240.726801
-5,519,241.30237
-4,729,242.116365
-4,788,242.995963
-5,624,243.687526
-5,609,244.361502
-4,710,245.154357
-5,688,245.921366
-5,590,246.570348
-2,735,247.376122
-5,702,248.171908
-5,415,248.609312
-5,450,249.083297
-5,441,249.548039
-4,830,253.380337
-5,510,253.944251
-5,467,254.460744
-4,629,255.157122
-5,460,255.665704
-5,588,256.31533
-5,507,256.876022
-5,647,260.515185
-5,663,261.249245
-5,697,262.02143
-5,740,262.8378
-5,570,263.466744
-5,491,264.008543
-5,604,264.674658
-5,646,268.296812
-5,600,268.948545
-5,577,269.586837
-5,642,270.287864
-5,559,270.877091
-4,625,271.535696
-5,558,272.123639
-5,839,275.840315
-5,478,276.335366
-4,808,277.17415
-5,616,277.812659
-4,559,278.391232
-5,485,278.893197
-4,748,282.550524
-5,422,283.017119
-5,549,283.622851
-5,714,284.410717
-5,400,284.851978
-5,587,285.499716
-5,580,286.141521
-4,654,289.77511
-4,658,290.502183
-5,609,291.1757
-5,677,291.925093
-4,818,292.827237
-5,494,293.371891
-3,703,297.059638
-5,612,297.734316
-5,716,298.524568
-5,856,299.472141
-5,591,300.126205
-5,683,300.880874
-5,472,301.401294
-5,674,305.063954
-5,506,305.622434
-5,608,306.270297
-5,756,307.067394
-5,578,307.677949
-5,900,308.626269
-5,434,311.925096
-5,602,312.548816
-5,402,312.976647
-5,495,313.499974
-5,737,314.276187
-5,567,314.911355
-4,666,315.667781
-4,764,319.425733
-4,626,320.092022
-5,577,320.698406
-5,391,321.103333
-5,725,321.936329
-4,843,322.903894
-5,672,326.486254
-5,446,326.956111
-4,695,327.68878
-5,463,328.176486
-4,1074,329.298457
-5,694,330.017624
-5,705,333.653475
-5,439,334.114971
-5,406,334.542957
-4,910,335.515127
-5,566,336.109983
-5,765,336.931444
-5,427,337.402421
-5,486,337.93926
-5,644,341.569093
-5,466,342.084896
-5,432,342.561617
-5,641,343.268842
-5,618,343.950979
-5,659,344.67958
-5,561,345.279573
-5,725,349.109063
-5,591,349.722785
-5,702,350.450324
-4,784,351.264077
-4,757,352.089529
-5,766,355.749309
-5,751,356.538516
-5,756,357.332528
-5,517,357.872728
-5,506,358.395906
-5,507,358.920293
-5,443,359.377991
-5,689,362.953618
-5,458,363.460516
-5,711,364.247448
-5,782,365.110126
-5,798,365.991615
-5,606,366.662402
-4,894,370.555025
-5,967,371.662709
-5,651,372.347813
-5,603,372.982963
-5,571,373.58426
-4,768,374.393281
-5,568,377.844962
-5,566,378.456268
-5,575,379.094086
-4,687,379.855162
-5,813,380.752297
-5,929,381.777936
-5,395,385.140958
-5,563,385.762423
-5,639,386.469505
-4,759,387.308881
-4,607,387.977919
-5,677,388.724593
-5,392,389.156896
-5,531,392.672812
-5,511,393.237055
-5,480,393.767011
-5,539,394.363505
-5,540,394.960897
-5,680,395.712854
-5,668,396.451631
-5,787,400.24255
-5,604,400.868729
-5,428,401.314307
-4,740,402.095193
-5,644,402.77381
-5,509,403.310588
-5,543,403.885653
-5,494,407.2642
-4,1119,408.549487
-5,496,409.120141
-5,1002,410.174882
-5,653,410.854783
-5,1124,414.880139
-5,447,415.343699
-4,774,416.145542
-5,603,416.772369
-5,1037,417.84839
-4,763,421.518428
-5,525,422.07267
-5,528,422.627803
-5,446,423.096472
-5,455,423.57473
-5,666,424.275133
-5,562,424.865624
-5,533,425.527141
-5,606,426.205764
-5,618,426.89869
-5,429,427.375299
-5,433,427.853684
-5,621,428.534919
-5,625,429.220719
-5,396,429.662653
-5,525,430.248711
-5,503,430.803534
-5,648,431.513816
-4,751,432.336875
-5,522,432.908341
-5,622,433.589641
-5,575,434.220127
-4,888,435.208917
-5,687,435.961106
-5,488,436.494689
-4,870,437.458992
-5,555,438.070408
-5,551,438.679372
-5,573,439.32128
-5,757,440.154441
-5,532,440.736832
-5,751,441.557943
-5,454,442.055286
-5,628,442.756445
-4,762,443.592721
-5,423,444.059448
-5,472,444.57597
-5,628,445.263003
-4,714,446.045365
-5,686,446.796552
-5,621,447.479731
-5,598,448.147308
-5,739,448.971361
-5,564,449.60037
-5,772,450.452497
-5,667,451.184047
-5,550,451.78705
-5,498,452.333493
-5,732,453.149932
-4,711,453.929798
-5,578,454.569637
-4,727,455.38152
-5,561,456.001021
-4,850,456.935265
-5,716,457.728152
-5,423,458.199846
-5,773,459.055893
-5,953,460.117121
-5,395,460.549972
-5,678,461.292284
-5,618,461.969684
-5,581,462.608024
-4,713,463.406561
-5,544,464.067403
-4,813,465.0511
-5,596,465.772125
-5,469,466.322078
-5,784,467.181142
-5,697,467.948457
-5,582,468.59743
-5,826,469.51589
-5,505,470.073398
-5,590,470.719275
-5,597,471.384623
-5,498,471.940649
-5,522,472.522459
-4,497,473.07722
-4,901,474.106901
-5,754,474.982968
-4,870,475.969584
-5,443,476.46599
-5,696,477.248939
-4,672,478.006435
-5,467,478.559855
-5,524,479.195987
-5,705,480.012831
-5,530,480.599968
-5,649,481.317157
-5,466,481.828486
-5,508,482.384848
-5,755,483.213399
-5,570,483.838279
-5,704,484.608498
-4,708,485.384494
-5,670,486.119849
-5,534,486.707297
-5,415,487.168593
-4,745,488.037358
-5,478,488.593133
-5,696,489.401129
-5,645,490.153158
-4,767,491.04907
-5,689,491.853372
-4,891,492.841131
-5,507,493.405499
-4,522,493.987451
-5,730,494.790883
-5,904,498.572415
-5,728,499.326307
-5,637,499.985853
-5,626,500.66774
-5,703,501.445087
-5,611,502.078303
-5,683,505.654102
-4,816,506.51351
-5,617,507.162695
-4,708,507.907804
-4,777,508.725661
-5,561,509.309692
-5,547,512.798256
-5,599,513.420074
-4,787,514.237811
-3,646,514.909592
-5,661,515.59435
-5,642,516.259143
-5,633,516.91559
-5,636,520.416414
-5,453,520.895317
-5,629,521.618598
-5,399,522.078087
-5,729,522.917596
-5,740,523.724199
-5,510,524.262473
-5,478,527.656935
-5,685,528.389786
-5,492,528.899163
-5,435,529.352365
-5,744,530.184962
-3,883,531.163508
-5,946,535.149279
-5,721,535.950319
-5,762,536.794536
-5,510,537.357968
-5,695,538.11347
-5,627,538.762176
-5,554,542.200797
-5,610,542.833351
-5,696,543.554313
-4,823,544.407252
-5,744,545.178566
-5,563,545.762359
-5,590,549.238594
-5,717,549.985224
-5,489,550.501162
-5,494,551.023321
-5,603,551.658461
-5,660,552.35267
-4,1000,556.28057
-5,688,557.057
-5,733,557.829436
-5,1007,558.88304
-5,462,559.361622
-5,562,559.944119
-5,448,560.408193
-4,863,564.217413
-5,691,564.934708
-5,644,565.606797
-5,935,566.592925
-4,686,567.304156
-5,669,570.930938
-4,637,571.606421
-4,633,572.274142
-5,644,572.960292
-5,575,573.598773
-5,845,574.475905
-5,530,575.024985
-5,634,578.534718
-5,450,579.010318
-5,706,579.755111
-5,385,580.161651
-5,553,580.74458
-5,480,581.250031
-4,748,582.039313
-5,471,585.39729
-5,968,586.404374
-5,385,586.804608
-5,630,587.458416
-5,727,588.213352
-5,544,588.814597
-5,637,592.450624
-5,672,593.194093
-5,555,593.796263
-5,495,594.317984
-5,669,595.024333
-5,690,595.746781
-5,833,596.610519
-5,561,600.137456
-5,591,600.799324
-5,531,601.361004
-5,528,601.918499
-3,917,602.887791
-5,653,603.570941
-5,575,607.133321
-5,528,607.717784
-4,645,608.400446
-5,397,608.823363
-3,1056,610.038677
-4,882,610.966926
-5,739,614.62413
-5,644,615.292631
-5,440,615.748755
-5,476,616.24264
-5,495,616.756644
-5,734,617.518071
-5,843,618.393939
-5,720,622.028469
-5,568,622.657586
-5,564,623.28116
-5,586,623.927654
-5,721,624.722709
-5,746,625.545612
-5,573,629.107819
-5,509,629.670285
-5,505,630.228292
-5,394,630.663713
-5,480,631.195665
-5,466,631.712335
-5,768,632.561987
-5,573,633.19479
-5,649,636.85091
-5,484,637.386326
-5,561,638.007813
-5,782,638.845367
-5,608,639.476798
-5,421,639.914243
-5,631,640.569633
-5,457,643.899427
-5,543,644.497827
-5,696,645.267935
-5,491,645.811466
-5,674,646.557941
-5,432,647.037362
-5,456,647.540877
-5,586,651.130314
-3,766,651.981254
-5,490,652.52248
-5,643,653.23272
-5,522,653.810463
-5,545,654.414648
-5,400,654.85803
-5,417,655.300256
-5,437,658.611454
-5,640,659.275641
-5,519,659.81361
-5,638,660.475695
-5,999,661.510903
-5,593,662.128532
-5,760,665.797872
-5,608,666.439261
-5,428,666.891271
-5,658,667.585879
-4,782,668.410592
-5,716,669.165365
-5,613,672.720418
-5,477,674.339713
-5,647,675.098036
-5,563,675.739976
-5,514,676.315555
-5,747,677.151762
-5,538,677.74408
-4,589,678.391302
-4,604,679.055118
-5,461,679.560748
-4,769,680.404785
-5,681,681.155675
-5,533,681.751256
-5,469,682.275381
-5,692,683.048288
-5,582,683.697724
-5,661,684.424317
-5,625,685.11749
-5,724,685.916031
-5,600,686.576556
-5,846,687.51667
-5,628,688.20903
-5,754,689.075708
-5,536,689.699263
-5,570,690.347281
-5,666,691.081388
-5,777,691.947351
-5,463,692.455975
-5,519,693.027726
-5,604,693.691616
-5,558,694.316268
-5,707,695.101346
-5,654,695.860122
-5,568,696.548124
-5,916,697.638303
-5,677,698.395859
-5,636,699.100196
-5,600,699.772627
-4,1026,700.918798
-5,673,701.66809
-5,582,702.314455
-5,579,702.949596
-5,674,703.691205
-4,995,704.79764
-5,456,705.307409
-5,793,706.192571
-5,548,706.804307
-5,446,707.301868
-5,449,707.801369
-5,558,708.423534
-5,538,709.016395
-5,633,709.711144
-5,671,710.459305
-5,548,711.070721
-5,563,711.698673
-5,537,712.296848
-5,487,712.836376
-5,550,713.446351
-5,599,714.10683
-5,590,714.753084
-5,607,715.417155
-5,876,716.427002
-4,780,717.335418
-5,435,717.841767
-5,679,718.630279
-5,679,719.418631
-5,499,719.99826
-5,675,720.782104
-5,596,721.454971
-5,1000,722.572917
-4,708,723.396024
-5,510,723.990962
-4,981,725.116521
-5,758,725.961896
-5,599,726.630368
-5,503,727.191858
-4,945,728.2519
-5,570,728.88468
-5,551,729.488916
-5,639,730.193347
-5,634,730.902265
-5,511,731.471392
-5,636,732.182299
-5,539,732.784063
-5,798,733.666051
-5,969,734.74855
-5,571,735.379263
-5,433,735.859138
-5,580,736.50788
-5,736,737.341214
-5,520,737.914714
-5,716,738.712504
-3,844,739.652951
-5,528,740.243145
-5,561,740.870108
-4,688,741.632526
-4,657,742.367035
-4,702,743.192348
-5,460,743.705928
-5,576,744.355981
-5,629,745.055089
-5,882,745.972489
-4,621,746.616917
-5,648,747.29101
-4,710,748.029838
-5,723,751.678513
-4,696,752.455913
-5,421,752.917438
-5,780,753.779684
-5,839,754.705852
-5,511,755.272125
-4,625,758.896458
-4,1019,760.02205
-5,529,760.606534
-4,528,761.19016
-5,705,761.969872
-5,642,762.6791
-5,851,766.511554
-5,411,766.944896
-5,568,767.544937
-5,633,768.212139
-5,520,768.75958
-5,516,769.296162
-5,528,769.844377
-5,618,773.406678
-5,604,774.076515
-5,600,774.742425
-5,1007,775.859537
-5,496,776.409744
-5,530,776.997829
-5,748,780.765742
-5,637,781.469457
-5,1021,782.600188
-4,660,783.331394
-5,681,784.085674
-5,440,784.573113
-5,475,785.098235
-5,483,788.566425
-5,528,789.149791
-5,634,789.851667
-5,552,790.463772
-5,491,791.007851
-5,619,791.694025
-5,528,792.278067
-5,679,795.919588
-5,531,796.470363
-4,759,797.300045
-5,971,798.376309
-4,648,799.095469
-5,440,799.581547
-5,585,803.159948
-5,499,803.711293
-5,625,804.40112
-4,755,805.234712
-5,711,806.021522
-5,548,806.628618
-3,625,807.32094
-5,738,811.021509
-5,546,811.599946
-5,583,812.245916
-5,828,813.160616
-4,626,813.85289
-5,416,814.312931
-5,579,814.954327
-5,584,818.535842
-5,855,819.482749
-5,578,820.122736
-5,522,820.698946
-4,783,821.562535
-5,737,822.377018
-5,606,825.974063
-5,579,826.617019
-5,802,827.504917
-5,509,828.066768
-4,697,828.835916
-5,686,829.593199
-5,925,833.551363
-4,944,834.59857
-5,622,835.287861
-5,794,836.167591
-5,531,836.755683
-5,623,840.368584
-5,639,841.074131
-5,701,841.849174
-5,557,842.466539
-5,679,843.219866
-5,781,844.085864
-5,649,844.804731
-5,656,848.458974
-5,802,849.346788
-5,601,850.012698
-5,556,850.629147
-4,766,851.477908
-5,540,852.07651
-5,641,855.724199
-5,919,856.742732
-5,689,857.504463
-5,587,858.154038
-5,497,858.704487
-5,516,859.275971
-5,559,862.826986
-5,611,863.505429
-5,679,864.259096
-5,796,865.13866
-5,604,865.805409
-5,604,866.473626
-5,594,867.131538
-5,413,870.493224
-5,583,871.108691
-5,446,871.575833
-5,777,872.383957
-5,587,872.995031
-5,417,873.428818
-4,831,874.302039
-5,664,877.845644
-5,864,878.742485
-5,480,879.240378
-5,444,879.701067
-5,726,880.454944
-4,663,881.14291
-5,657,884.681081
-4,812,885.532115
-5,597,886.16371
-5,656,886.845924
-5,565,887.432394
-5,552,888.00565
-5,755,891.638499
-5,560,892.229928
-5,556,892.807965
-5,514,893.341929
-5,811,894.195703
-5,480,894.700473
-5,703,895.439255
-3,871,899.316947
-4,784,900.129297
-5,803,900.963736
-5,784,901.776229
-5,545,902.340542
-5,837,906.051345
-5,648,906.724516
-5,556,907.302785
-5,509,907.831434
-4,901,908.767122
-4,748,909.546412
-5,693,913.147785
-5,534,913.732255
-5,874,914.697273
-5,671,915.404849
-5,662,916.102447
-5,659,916.792537
-5,556,917.408031
-5,445,920.881149
-5,435,921.366781
-5,699,922.10546
-4,824,922.973636
-5,768,924.189829
-5,546,924.804211
-5,666,925.550284
-4,655,926.27679
-5,597,926.933697
-5,481,927.463962
-5,491,928.012337
-5,623,928.700825
-5,556,929.348263
-5,422,929.821595
-5,671,930.568142
-4,745,931.39769
-5,438,931.884257
-5,667,932.630134
-5,711,933.413465
-5,489,933.950308
-5,862,934.898546
-5,403,935.349009
-3,742,936.167144
-5,622,936.856047
-5,731,937.673348
-5,801,938.569818
-4,714,939.366345
-5,621,940.053669
-5,637,940.766872
-5,927,941.789346
-5,616,942.469184
-5,705,943.244401
-5,790,944.119205
-5,587,944.774706
-5,606,945.441339
-5,529,946.023072
-5,659,946.746673
-5,445,947.237795
-5,547,947.863534
-5,663,948.669709
-4,720,949.525156
-5,547,950.139264
-5,465,950.659759
-5,683,951.417354
-5,577,952.051247
-5,675,952.793619
-5,538,953.395941
-5,638,954.11417
-5,587,954.762367
-5,815,955.675339
-5,822,956.665096
-5,605,957.397709
-4,740,958.209575
-5,394,958.642168
-5,464,959.151834
-5,546,959.759854
-5,680,960.508278
-5,617,961.186508
-5,525,961.763226
-5,749,962.586069
-5,531,963.168583
-5,748,963.992674
-5,592,964.649356
-5,667,965.394591
-4,724,966.193976
-5,547,966.793393
-5,726,967.600454
-5,639,968.357559
-5,523,968.965873
-5,479,969.530794
-5,466,970.082757
-5,440,970.616163
-4,560,971.294768
-5,494,971.874942
-5,710,972.667217
-5,1102,973.887885
-5,688,974.65676
-5,646,975.378767
-5,594,976.043528
-5,527,976.632338
-5,403,977.082599
-5,616,977.770933
-4,584,978.424374
-5,796,979.313464
-5,931,980.353692
-4,578,980.995649
-5,786,981.869176
-5,666,982.614815
-5,584,983.26805
-5,481,983.809284
-4,872,984.811612
-5,762,985.663893
-5,466,986.184789
-5,446,986.675958
-5,485,987.20852
-5,751,988.038447
-3,1002,989.152375
-5,480,989.679304
-5,593,990.343422
-5,446,990.837469
-5,757,991.675152
-5,796,992.565487
-5,518,993.144111
-5,634,993.840543
-5,604,994.468645
-5,496,994.986196
-5,430,998.305926
-4,793,999.142378
-5,634,999.810935
-5,572,1000.41426
-5,670,1001.119971
-5,635,1001.788705
-5,535,1002.353189
-5,574,1005.82382
-5,693,1006.555417
-5,644,1007.23527
-5,653,1007.92403
-5,689,1008.650366
-4,792,1009.485801
-5,537,1012.92467
-5,556,1013.501338
-5,496,1014.015579
-5,548,1014.608203
-5,426,1015.054099
-5,505,1015.577414
-5,686,1016.287787
-3,670,1019.946876
-5,431,1020.411419
-5,726,1021.226789
-5,774,1022.061578
-5,462,1022.562055
-5,588,1023.212889
-5,755,1024.047064
-5,494,1027.526653
-5,409,1027.97844
-4,634,1028.67843
-5,652,1029.398481
-5,672,1030.142678
-5,513,1030.711309
-5,749,1031.541532
-5,688,1035.208566
-5,514,1035.750769
-5,451,1036.226362
-4,634,1036.898285
-5,459,1037.426211
-5,758,1038.261317
-5,668,1038.95352
-5,686,1042.512106
-5,688,1043.225414
-5,695,1043.955953
-5,549,1044.534573
-5,534,1045.096953
-5,645,1045.776484
-5,546,1049.194685
-5,547,1049.762724
-5,570,1050.354481
-5,561,1050.937624
-5,762,1051.729684
-5,583,1052.335502
-5,481,1052.847321
-4,638,1056.372076
-5,539,1056.936144
-5,628,1057.612249
-5,424,1058.08116
-5,641,1058.789128
-5,534,1059.379189
-4,955,1060.435599
-5,406,1063.821934
-5,616,1064.502203
-5,549,1065.108956
-5,386,1065.535147
-5,778,1066.396302
-5,687,1067.157217
-5,389,1067.587231
-5,480,1068.117184
-5,586,1071.703136
-5,543,1072.304148
-4,705,1073.082459
-5,602,1073.747263
-5,695,1074.517584
-5,569,1075.147833
-4,909,1079.097729
-5,885,1080.077823
-5,759,1080.915845
-5,434,1081.394814
-3,926,1082.418022
-5,649,1086.064779
-5,567,1086.693023
-5,541,1087.291185
-5,549,1087.897587
-5,585,1088.544748
-5,866,1089.500539
-5,423,1089.968923
-4,532,1093.484155
-5,834,1094.40858
-5,777,1095.269902
-5,855,1096.217464
-5,691,1096.982956
-4,519,1097.556111
-5,616,1101.169929
-5,776,1102.02741
-5,479,1102.555758
-5,612,1103.230682
-5,697,1103.999347
-5,398,1104.438187
-5,545,1105.038921
-4,742,1108.790707
-5,614,1109.469272
-5,878,1110.440306
-5,634,1111.142586
-5,742,1111.964699
-5,519,1112.53753
-5,436,1115.962887
-5,487,1116.502235
-5,467,1117.018959
-5,512,1117.584071
-5,568,1118.210749
-4,792,1119.085123
-5,622,1119.771267
-4,585,1123.37495
-5,682,1124.129998
-5,459,1124.636779
-5,740,1125.454037
-5,514,1126.023551
-5,545,1126.589404
-5,611,1127.223536
-5,438,1127.67898
-5,543,1131.142252
-5,688,1131.857584
-5,585,1132.464078
-5,503,1132.985372
-4,689,1133.70049
-5,665,1134.39347
-3,933,1138.308912
-5,682,1139.018346
-5,692,1139.736037
-5,679,1140.441558
-4,916,1141.391431
-5,591,1142.004565
-5,504,1145.423714
-5,527,1145.979583
-5,518,1146.525373
-5,720,1147.283397
-4,867,1148.196879
-5,600,1148.828889
-5,681,1152.441525
-5,591,1153.092253
-5,534,1153.6821
-5,598,1154.342097
-4,632,1155.05646
-5,491,1155.566179
-4,656,1156.246338
-4,721,1159.898331
-5,582,1160.513952
-4,866,1161.421728
-5,465,1161.90529
-5,566,1162.494309
-5,561,1163.076701
-5,605,1163.705286
-4,1170,1167.896145
-3,910,1168.917995
-5,500,1170.249547
-5,896,1171.367125
-5,552,1171.978058
-5,413,1175.972014
-5,946,1177.077285
-4,541,1177.707639
-5,559,1178.34216
-5,525,1178.92193
-5,664,1179.66638
-5,542,1180.273841
-3,1129,1181.517969
-5,566,1182.140056
-5,877,1183.102585
-4,661,1183.830772
-5,715,1184.628914
-5,970,1185.695145
-5,753,1186.522492
-5,1006,1187.694018
-5,585,1188.370095
-5,539,1188.98015
-4,945,1190.032546
-4,1007,1191.14922
-5,573,1191.802795
-5,678,1192.562529
-4,802,1193.460033
-5,727,1194.271695
-5,762,1195.122932
-5,656,1195.855084
-4,632,1196.552811
-5,471,1197.073089
-5,539,1197.675073
-5,791,1198.549742
-4,678,1199.298671
-5,794,1200.174556
-5,505,1200.728898
-5,867,1201.686072
-5,421,1202.149559
-5,641,1202.855848
-5,634,1203.558532
-5,610,1204.23441
-5,437,1204.724872
-5,448,1205.225659
-5,634,1205.934408
-5,526,1206.52345
-4,866,1207.527559
-5,670,1208.313116
-5,366,1208.748361
-4,786,1209.611644
-5,541,1210.205008
-5,569,1210.82883
-5,655,1211.556073
-5,572,1212.190711
-5,568,1212.819476
-5,520,1213.389614
-5,699,1214.162127
-5,740,1214.975912
-5,725,1215.771259
-5,599,1216.433629
-5,564,1217.051846
-5,710,1217.830622
-5,592,1218.479681
-4,963,1219.54171
-5,565,1220.160797
-4,729,1220.960771
-5,500,1221.509107
-5,957,1222.585675
-4,700,1223.353851
-5,635,1224.049902
-5,479,1224.574524
-5,758,1225.417036
-5,670,1226.152417
-5,588,1226.798222
-5,1038,1227.955802
-5,589,1228.612722
-5,569,1229.237321
-5,381,1229.660923
-5,825,1230.6218
-5,485,1231.187264
-5,374,1231.623396
-4,753,1232.499818
-5,489,1233.067915
-5,821,1234.023109
-5,727,1234.870422
-5,786,1235.786123
-5,660,1236.54017
-5,539,1237.132374
-5,891,1238.112772
-5,631,1238.809052
-5,609,1239.479789
-5,604,1240.143272
-5,524,1240.719043
-5,664,1241.463536
-5,411,1241.93739
-5,544,1242.553129
-4,777,1243.421057
-5,614,1244.107921
-5,634,1244.803295
-5,615,1245.54592
-5,549,1246.163162
-5,735,1246.9716
-5,708,1247.771141
-5,625,1248.501145
-5,862,1249.503889
-5,756,1250.345187
-4,686,1251.106345
-5,555,1251.721905
-5,743,1252.545125
-5,700,1253.319294
-5,878,1257.241979
-5,607,1257.914471
-5,590,1258.569871
-5,512,1259.137209
-5,541,1259.734028
-4,1007,1260.8445
-5,857,1264.721128
-5,639,1265.426188
-5,512,1265.974183
-5,668,1266.670377
-5,931,1267.637241
-5,776,1268.441322
-5,727,1272.068986
-5,467,1272.576322
-5,960,1273.572362
-4,687,1274.284781
-5,517,1274.825104
-4,888,1278.611279
-5,510,1279.151217
-5,624,1279.806947
-5,500,1280.324895
-5,523,1280.866575
-5,953,1281.855705
-5,1146,1285.895305
-4,759,1286.683415
-5,677,1287.396615
-5,374,1287.791135
-5,561,1288.379125
-5,527,1288.956317
-4,575,1289.61597
-4,836,1293.450252
-5,625,1294.09879
-4,532,1294.650089
-5,568,1295.239119
-5,772,1296.039221
-5,566,1296.629085
-5,700,1300.206776
-5,800,1301.037254
-4,607,1301.67066
-5,628,1302.367253
-5,800,1303.252057
-5,557,1303.866982
-5,709,1307.580049
-5,581,1308.222267
-5,505,1308.781993
-5,652,1309.502797
-5,653,1310.226743
-5,546,1310.832191
-5,684,1311.590439
-5,629,1315.225061
-5,715,1315.999845
-5,708,1316.747773
-5,657,1317.440694
-5,845,1318.332511
-5,470,1318.828924
-5,553,1322.284722
-5,568,1322.881741
-5,522,1323.430804
-5,505,1323.96173
-5,424,1324.407305
-5,530,1324.964412
-5,562,1325.554627
-4,1012,1329.491697
-5,430,1329.944504
-5,563,1330.537089
-5,511,1331.074834
-4,606,1331.712551
-5,388,1332.120533
-5,523,1332.66999
-5,427,1333.119315
-5,451,1333.594363
-5,560,1337.151894
-5,547,1337.757041
-4,969,1338.831731
-5,655,1339.556824
-5,584,1340.202672
-4,805,1344.033846
-5,545,1344.636387
-5,729,1345.441435
-5,381,1345.861978
-5,774,1346.686664
-5,514,1347.228368
-5,479,1347.765528
-5,539,1348.339939
-5,530,1351.827676
-5,511,1352.394727
-4,647,1353.073632
-5,694,1353.793874
-4,606,1354.446286
-5,554,1355.052398
-5,585,1355.670943
-5,417,1359.03202
-5,489,1359.573002
-5,586,1360.221528
-5,642,1360.930403
-5,625,1361.621171
-5,445,1362.114605
-5,491,1362.657039
-5,906,1366.595989
-5,632,1367.298339
-5,815,1368.203192
-5,734,1369.016963
-5,598,1369.675392
-4,571,1370.277798
-5,450,1373.611341
-5,508,1374.136783
-5,506,1374.660734
-5,699,1375.39633
-5,764,1376.200184
-5,541,1376.761189
-5,494,1377.271906
-5,458,1377.746074
-5,792,1381.440752
-5,436,1381.900172
-5,515,1382.440817
-5,525,1382.985803
-5,627,1383.636235
-4,687,1384.349343
-5,604,1387.83533
-5,557,1388.41398
-5,734,1389.176507
-4,625,1389.829541
-5,827,1390.697635
-5,547,1391.266459
-5,723,1392.01644
-5,805,1395.789973
-5,419,1396.254223
-5,556,1396.870309
-5,474,1397.393697
-5,509,1397.956476
-5,679,1398.672769
-5,688,1402.276772
-5,440,1402.741467
-4,712,1403.529776
-5,635,1404.232812
-5,437,1404.716905
-4,790,1405.591174
-5,770,1406.42542
-4,676,1410.019633
-5,380,1410.434041
-4,661,1411.194735
-4,671,1411.942028
-5,402,1412.359219
-5,765,1413.153369
-4,888,1416.989438
-3,1125,1418.188413
-4,533,1418.801275
-5,700,1419.608508
-5,579,1420.275759
-5,643,1421.015652
-5,639,1424.551985
-5,630,1425.251236
-5,636,1425.963959
-4,911,1427.556051
-5,542,1428.178865
-5,538,1428.780992
-5,750,1429.611581
-5,773,1430.461594
-5,511,1431.023059
-4,856,1431.965687
-5,624,1432.651885
-5,803,1433.534792
-5,479,1434.074799
-5,685,1434.872567
-5,724,1435.715295
-4,901,1436.765544
-4,695,1437.575128
-5,460,1438.087037
-5,562,1438.705252
-5,459,1439.209357
-5,420,1439.669581
-5,484,1440.201679
-5,600,1440.867113
-5,435,1441.354111
-5,613,1442.029759
-5,515,1442.596313
-5,920,1443.612201
-5,508,1444.181351
-5,870,1445.146313
-5,584,1445.79847
-5,857,1446.745422
-5,799,1447.621311
-5,644,1448.333953
-5,407,1448.808044
-5,764,1449.697742
-5,554,1450.332167
-5,580,1450.968163
-5,765,1451.806768
-5,397,1452.250299
-5,483,1452.789728
-5,612,1453.47325
-5,577,1454.115634
-5,937,1455.179191
-5,593,1455.871391
-5,427,1456.369891
-5,431,1456.872446
-5,752,1457.749575
-5,475,1458.304492
-5,577,1458.978388
-5,549,1459.618503
-5,693,1460.428709
-5,569,1461.081803
-5,779,1461.951295
-5,632,1462.655614
-5,484,1463.195711
-5,813,1464.107933
-5,764,1464.95781
-4,814,1465.865532
-4,650,1466.587876
-5,564,1467.206741
-5,595,1467.858743
-5,674,1468.597261
-4,666,1469.328227
-5,482,1469.862815
-5,759,1470.695569
-5,923,1471.717431
-5,527,1472.296443
-5,489,1472.84323
-5,724,1473.651861
-5,719,1474.449726
-5,916,1475.473644
-5,544,1476.078721
-5,469,1476.602187
-5,819,1477.513975
-5,485,1478.054115
-5,656,1478.773828
-5,660,1479.49669
-3,860,1480.437695
-5,508,1480.999057
-5,572,1481.636141
-5,557,1482.258372
-5,731,1483.064565
-5,671,1483.807616
-5,480,1484.338586
-5,588,1484.983276
-5,730,1485.782097
-4,611,1486.450398
-5,639,1487.149307
-5,566,1487.768268
-4,676,1488.510695
-5,657,1489.243541
-5,669,1489.98883
-5,652,1490.714787
-5,459,1491.226391
-5,899,1492.231153
-5,721,1493.035748
-5,683,1493.797018
-5,539,1494.391408
-4,854,1495.324521
-5,772,1496.169328
-5,894,1497.160882
-5,509,1497.726834
-5,468,1498.240934
-5,704,1498.975395
-4,670,1499.670381
-5,644,1500.33899
-5,598,1503.814734
-5,967,1504.81831
-5,611,1505.452843
-5,734,1506.215035
-5,543,1506.778993
-5,561,1507.361274
-5,929,1511.446645
-3,889,1512.368489
-5,865,1513.26461
-4,862,1514.157476
-4,1058,1518.291279
-5,815,1519.15104
-5,700,1519.889198
-5,934,1520.873911
-5,596,1521.502795
-5,588,1522.123836
-5,716,1525.733985
-5,474,1526.242851
-4,942,1527.228999
-5,614,1527.914803
-5,601,1528.541145
-5,483,1529.051546
-5,595,1532.556331
-5,618,1533.20824
-4,760,1534.009958
-5,694,1534.740935
-5,872,1535.647557
-5,676,1536.349187
-5,515,1539.745586
-5,489,1540.253909
-5,415,1540.684398
-5,516,1541.225774
-5,563,1541.819962
-4,656,1542.512111
-4,724,1543.275325
-5,547,1546.729137
-5,436,1547.187949
-5,597,1547.816793
-5,707,1548.568936
-5,557,1549.184074
-5,658,1549.91174
-5,728,1550.718249
-5,430,1554.133461
-4,633,1554.789745
-5,773,1555.591367
-5,480,1556.089985
-5,867,1556.990933
-5,506,1557.548304
-5,625,1558.225754
-5,715,1561.858123
-5,605,1562.498256
-5,830,1563.3753
-5,438,1563.837621
-4,617,1564.488646
-5,468,1564.984163
-5,394,1565.399664
-5,682,1568.99895
-5,873,1569.944321
-5,819,1570.809727
-5,676,1571.524704
-5,782,1572.350103
-5,725,1576.013773
-5,754,1576.796699
-5,1072,1577.945721
-5,505,1578.479296
-5,918,1579.450155
-5,738,1583.310116
-5,578,1583.976353
-5,603,1584.611059
-4,998,1585.646574
-5,739,1586.416916
-5,637,1587.081436
-5,579,1590.551876
-4,977,1591.584177
-5,399,1592.005924
-5,673,1592.719676
-5,553,1593.302305
-4,516,1593.846586
-5,560,1594.43675
-5,435,1597.755893
-5,602,1598.379846
-5,497,1598.901241
-5,622,1599.557128
-5,714,1600.309395
-5,688,1601.033474
-5,765,1604.809224
-4,650,1605.528669
-5,592,1606.186054
-5,1054,1607.355379
-5,688,1608.104807
-5,707,1608.84529
-4,564,1612.32074
-5,745,1613.146203
-5,706,1613.9285
-5,634,1614.606045
-5,431,1615.062456
-5,777,1615.876804
-5,679,1619.451618
-4,701,1620.191855
-5,708,1620.938441
-5,481,1621.446055
-5,570,1622.065489
-4,1014,1623.13782
-5,1233,1627.301186
-5,502,1627.830794
-5,447,1628.324387
-5,562,1628.945502
-5,589,1629.596508
-5,576,1630.235069
-5,508,1630.797804
-4,585,1634.393096
-5,476,1634.920874
-5,656,1635.647387
-5,493,1636.19337
-5,457,1636.699268
-5,503,1637.256211
-4,603,1637.923837
-5,771,1641.721928
-5,1099,1642.937446
-5,749,1643.764764
-5,749,1644.546905
-5,579,1645.147822
-5,790,1648.878046
-5,739,1649.65051
-5,501,1650.171579
-4,619,1650.814004
-5,896,1651.773263
-4,596,1652.435211
-5,720,1656.192337
-5,564,1656.819133
-5,616,1657.499957
-5,511,1658.064477
-5,706,1658.845807
-5,567,1659.473101
-5,501,1660.028042
-5,481,1660.558784
-5,644,1664.216656
-5,450,1664.715412
-5,446,1665.209092
-4,655,1665.934218
-5,1185,1667.247058
-5,767,1668.09411
-5,726,1671.848687
-5,682,1672.602362
-5,606,1673.27158
-5,811,1674.169196
-5,495,1674.717369
-5,528,1675.757024
-4,1028,1676.88664
-5,424,1677.353785
-5,724,1678.147203
-4,844,1679.079862
-5,630,1679.782426
-5,785,1680.643764
-5,591,1681.304417
-5,542,1681.904493
-5,597,1682.55772
-5,504,1683.109621
-5,758,1683.941931
-5,534,1684.536179
-5,641,1685.247159
-4,644,1685.967388
-5,628,1686.684401
-5,428,1687.162915
-5,441,1687.654887
-5,546,1688.282027
-5,828,1689.21994
-5,671,1689.969283
-5,936,1691.014013
-5,563,1691.639211
-5,818,1692.55164
-4,902,1693.556165
-5,746,1694.386589
-5,825,1695.307859
-5,398,1695.744749
-5,651,1696.469567
-3,899,1697.476004
-5,631,1698.174583
-4,570,1698.823242
-5,854,1699.8563
-5,461,1700.382045
-5,566,1701.002422
-5,510,1701.56954
-3,616,1702.256366
-5,709,1703.08124
-5,725,1703.924583
-5,452,1704.449761
-5,808,1705.386846
-4,715,1706.218683
-5,780,1707.12885
-5,531,1707.74683
-5,673,1708.529014
-5,386,1708.977245
-5,525,1709.587535
-5,585,1710.249211
-5,845,1711.231806
-5,583,1711.909875
-5,635,1712.615665
-5,1017,1713.727073
-5,592,1714.379232
-5,547,1715.007893
-5,469,1715.553129
-5,800,1716.443421
-5,945,1717.475275
-4,742,1718.286735
-5,639,1718.995818
-5,693,1719.76803
-5,500,1720.320426
-5,520,1720.888448
-5,620,1721.595453
-5,533,1722.214932
-5,523,1722.821972
-5,693,1723.608989
-4,654,1724.326989
-5,905,1725.318207
-3,831,1726.240354
-5,533,1726.833222
-5,705,1727.604729
-5,563,1728.231589
-5,503,1728.788573
-5,825,1729.690319
-5,593,1730.339314
-5,618,1731.040835
-5,522,1731.647627
-5,720,1732.48554
-5,420,1732.973047
-5,495,1733.547465
-5,530,1734.145221
-5,617,1734.832312
-5,669,1735.578094
-5,477,1736.10441
-5,618,1736.782651
-5,667,1737.513291
-5,576,1738.147982
-5,583,1738.79657
-5,596,1739.454312
-4,875,1740.443426
-5,669,1741.219134
-5,486,1741.783046
-5,458,1742.296237
-5,528,1742.872672
-4,1247,1744.234935
-4,872,1745.196384
-4,827,1746.102195
-4,792,1746.967551
-5,518,1747.533203
-5,823,1748.432863
-5,687,1752.011627
-5,539,1752.569572
-5,484,1753.070273
-5,509,1753.598072
-5,745,1754.368151
-4,577,1754.96773
-4,929,1755.933153
-5,587,1759.525364
-5,556,1760.128732
-5,440,1760.587679
-5,858,1761.477745
-5,635,1762.135382
-5,509,1762.663409
-4,800,1766.36794
-5,487,1766.881696
-5,698,1767.647146
-5,565,1768.235661
-5,478,1768.732987
-5,557,1769.320477
-5,487,1769.834856
-5,703,1773.460918
-4,704,1774.19503
-5,639,1774.867279
-4,856,1775.770754
-5,479,1776.276284
-5,733,1777.049321
-4,533,1777.611528
-5,445,1780.964678
-5,636,1781.634435
-5,578,1782.23857
-5,645,1782.911269
-4,849,1783.859879
-5,654,1784.538264
-5,622,1788.129682
-4,910,1789.138198
-5,728,1789.944306
-5,785,1790.814856
-5,413,1791.273183
-5,500,1791.827798
-5,755,1795.61534
-4,705,1796.397388
-4,686,1797.157378
-5,683,1797.912622
-5,601,1798.57664
-4,664,1799.30984
-5,530,1802.805412
-5,756,1803.601218
-5,614,1804.247609
-5,570,1804.847739
-5,744,1805.630921
-5,541,1806.202615
-4,653,1806.893482
-5,561,1810.436571
-5,574,1811.031999
-5,705,1811.764363
-5,659,1812.448028
-5,514,1812.981035
-5,546,1813.546837
-5,447,1814.010793
-5,930,1817.896961
-5,508,1818.4606
-5,447,1818.946738
-5,589,1819.57064
-5,920,1820.560021
-4,769,1821.409722
-5,540,1824.959722
-5,683,1825.715378
-5,720,1826.513817
-5,604,1827.183791
-5,562,1827.806045
-5,578,1828.445122
-5,657,1832.126795
-5,583,1832.76893
-5,881,1833.701704
-5,759,1834.50453
-5,662,1835.204555
-5,792,1836.042272
-5,485,1839.415697
-4,471,1839.905224
-5,688,1840.620835
-5,436,1841.074481
-5,641,1841.740706
-5,575,1842.337848
-4,627,1842.993012
-4,537,1846.446164
-5,688,1847.161417
-5,712,1847.90168
-5,569,1848.492512
-5,663,1849.181418
-5,445,1849.645345
-5,457,1850.120425
-5,782,1853.844859
-4,622,1854.489611
-5,664,1855.181228
-5,873,1856.091348
-5,724,1856.852942
-5,561,1857.445068
-5,827,1861.210178
-5,558,1861.799984
-5,582,1862.415395
-5,611,1863.060216
-5,687,1863.785026
-5,489,1864.304787
-5,913,1868.204946
-4,819,1869.121274
-5,630,1869.804167
-5,567,1870.392827
-5,654,1871.0716
-5,691,1871.791087
-5,502,1872.320604
-5,548,1875.777747
-5,466,1876.262004
-5,537,1876.819835
-5,486,1877.323726
-5,450,1877.791688
-5,576,1878.39005
-5,580,1878.991467
-5,727,1882.642632
-5,535,1883.209224
-5,636,1883.876395
-5,543,1884.440221
-5,426,1884.882968
-5,501,1885.403422
-5,782,1886.214706
-4,904,1890.041117
-4,550,1890.611573
-5,557,1891.190249
-3,690,1891.906599
-4,567,1892.493758
-5,728,1893.247934
-5,615,1896.761146
-5,486,1897.265711
-5,686,1897.978388
-4,659,1898.664193
-5,770,1899.466469
-5,620,1900.118618
-5,639,1900.795324
-5,886,1904.687946
-5,730,1905.49749
-5,642,1906.177078
-5,449,1906.64444
-5,912,1907.606599
-5,803,1911.345545
-5,529,1911.905431
-5,656,1912.597786
-5,778,1913.444828
-5,607,1914.111222
-5,637,1914.772731
-5,482,1915.272985
-5,527,1918.720471
-5,540,1919.282435
-5,668,1919.97718
-5,542,1920.540953
-5,820,1921.392789
-5,569,1921.984643
-5,668,1922.677417
-5,575,1926.200131
-5,395,1926.611138
-5,604,1927.628265
-5,630,1928.323457
-5,733,1929.13342
-5,624,1929.831285
-5,637,1930.546363
-5,567,1931.183069
-5,576,1931.826958
-5,430,1932.307534
-5,530,1932.898172
-5,490,1933.439955
-5,470,1933.963905
-5,708,1934.755412
-5,847,1935.701127
-5,648,1936.417763
-4,752,1937.25269
-4,707,1938.034869
-5,502,1938.584182
-2,895,1939.579305
-5,502,1940.140902
-5,685,1940.906236
-5,584,1941.55737
-4,654,1942.279303
-5,902,1943.323698
-5,881,1944.389824
-3,904,1945.421823
-5,745,1946.239191
-5,511,1946.799859
-5,737,1947.616998
-5,602,1948.288741
-5,491,1948.837764
-5,718,1949.638267
-5,618,1950.328951
-5,563,1950.956444
-5,623,1951.645959
-5,795,1952.520855
-5,378,1952.934848
-4,765,1953.774077
-5,553,1954.3831
-5,489,1954.920188
-5,690,1955.67879
-5,461,1956.184505
-5,953,1957.228923
-5,793,1958.098788
-5,483,1958.626605
-5,688,1959.380852
-5,732,1960.195872
-5,831,1961.121931
-4,808,1962.021026
-5,483,1962.55494
-5,737,1963.371605
-5,568,1964.004417
-4,926,1965.034096
-5,746,1965.864197
-5,655,1966.5799
-5,694,1967.338831
-5,737,1968.145294
-5,678,1968.887376
-5,456,1969.386806
-5,661,1970.114263
-5,614,1970.786559
-5,956,1971.8322
-5,651,1972.546791
-5,598,1973.200498
-5,518,1973.766605
-4,644,1974.536606
-5,743,1975.368057
-5,519,1975.941087
-4,720,1976.74327
-5,573,1977.38245
-5,962,1978.455114
-5,607,1979.13243
-5,649,1979.853524
-5,533,1980.439375
-5,726,1981.23937
-4,652,1981.966738
-5,591,1982.625691
-5,418,1983.089341
-4,862,1984.034435
-5,429,1984.503625
-4,716,1985.287114
-5,857,1986.229584
-5,750,1987.054893
-5,653,1987.769045
-5,522,1988.341729
-5,699,1989.113283
-5,838,1990.033592
-2,1179,1991.34411
-4,716,1992.128428
-5,466,1992.637377
-5,790,1993.50199
-5,554,1994.115162
-5,386,1994.545372
-5,657,1995.285874
-5,524,1995.863766
-5,444,1996.349291
-4,626,1997.033826
-5,622,1997.717585
-5,611,1998.387555
-5,595,1999.041697
-5,660,1999.78989
-5,581,2000.407537
-4,738,2001.176897
-5,589,2001.791951
-5,788,2002.616402
-5,671,2006.29108
-4,595,2006.950333
-5,653,2007.671588
-5,526,2008.252203
-5,586,2008.901244
-5,652,2009.622284
-4,836,2013.455033
-5,600,2014.11894
-5,560,2014.738337
-5,461,2015.24807
-5,701,2016.024752
-5,627,2016.719285
-5,1037,2020.725587
-4,821,2021.576938
-5,566,2022.163299
-4,513,2022.695199
-5,650,2023.370612
-5,706,2024.102921
-4,744,2027.744234
-5,694,2028.489715
-5,655,2029.182972
-5,601,2029.817554
-5,378,2030.216611
-5,597,2030.847935
-5,595,2031.476348
-5,424,2031.918407
-5,655,2035.598459
-5,602,2036.265297
-5,412,2036.722047
-5,413,2037.180121
-5,719,2037.974894
-4,702,2038.750079
-5,657,2042.385595
-5,848,2043.316754
-4,518,2043.890032
-5,523,2044.468478
-5,451,2044.967205
-4,642,2045.677528
-5,855,2046.626644
-5,530,2050.17137
-5,503,2050.703674
-5,775,2051.521872
-5,474,2052.017223
-5,652,2052.706288
-5,520,2053.256475
-5,615,2053.905427
-5,707,2057.698253
-5,913,2058.660497
-3,972,2059.670793
-5,642,2060.338771
-5,612,2060.973895
-5,629,2064.610211
-5,1027,2065.746749
-5,579,2066.367526
-5,656,2067.048593
-5,962,2068.0472
-4,860,2071.850011
-5,488,2072.365825
-5,749,2073.156881
-5,540,2073.726785
-2,857,2074.620867
-5,500,2075.140226
-5,568,2075.729306
-5,858,2079.499599
-5,474,2079.992943
-3,921,2080.957919
-5,1044,2082.050642
-4,799,2082.893431
-5,489,2086.278206
-4,715,2087.033861
-5,562,2087.628259
-5,439,2088.093103
-5,566,2088.689985
-5,790,2089.524003
-5,748,2090.320401
-5,567,2093.900321
-5,549,2094.508913
-5,488,2095.05008
-5,594,2095.708706
-5,568,2096.338531
-5,685,2097.098032
-5,473,2097.621021
-5,512,2101.139292
-5,579,2101.780101
-5,462,2102.292503
-5,673,2103.038378
-5,731,2103.845959
-5,470,2104.365178
-5,657,2105.091164
-5,640,2108.762973
-5,617,2109.444916
-5,654,2110.170629
-4,622,2110.861644
-5,570,2111.494648
-4,787,2112.366045
-5,576,2116.005694
-5,559,2116.648578
-4,991,2117.790317
-5,682,2118.524375
-5,599,2119.157841
-5,465,2119.648484
-5,401,2120.071694
-4,890,2123.895272
-5,514,2124.429246
-4,672,2125.127043
-5,588,2125.737605
-5,537,2126.295647
-5,746,2127.073263
-5,491,2130.506219
-4,700,2131.247987
-5,427,2131.699579
-4,529,2132.271034
-4,866,2133.22799
-5,498,2133.767648
-5,666,2134.471459
-5,538,2137.934382
-5,464,2138.424775
-4,466,2138.91693
-5,594,2139.544228
-5,550,2140.124844
-5,1037,2141.221316
-5,542,2141.793644
-4,589,2145.307169
-5,583,2145.921537
-5,674,2146.62459
-5,534,2147.188966
-5,729,2147.959326
-3,834,2148.839813
-5,664,2152.419137
-5,624,2153.068842
-4,742,2153.841007
-5,451,2154.325987
-5,567,2154.926216
-5,659,2155.624014
-5,575,2156.242945
-4,703,2160.77717
-5,506,2161.305185
-5,840,2162.218787
-5,588,2162.834659
-5,531,2163.411647
-5,478,2163.940819
-5,660,2164.670787
-5,876,2168.582392
-5,559,2169.163355
-4,786,2169.982669
-5,556,2170.560427
-5,430,2171.00762
-5,580,2171.610795
-5,780,2175.322324
-5,527,2175.879234
-5,471,2176.376057
-5,600,2177.002714
-5,477,2177.508049
-5,518,2178.57707
-5,781,2179.443811
-5,541,2180.037978
-5,542,2180.63398
-3,892,2181.615876
-5,416,2182.120732
-5,521,2182.752341
-5,470,2183.285751
-5,380,2183.703046
-5,586,2184.34832
-5,764,2185.201287
-4,672,2185.952271
-5,489,2186.498347
-4,594,2187.188306
-4,1017,2188.426985
-5,432,2188.931177
-5,702,2189.748051
-5,765,2190.606738
-5,746,2191.437788
-5,1164,2192.741732
-5,655,2193.469938
-5,847,2194.416439
-5,647,2195.130321
-5,625,2195.816897
-5,499,2196.391729
-5,535,2197.040602
-5,497,2197.642249
-5,634,2198.411154
-5,668,2199.220142
-5,483,2199.807105
-5,411,2200.295746
-5,460,2200.801475
-5,457,2201.305721
-5,814,2202.217368
-5,400,2202.665219
-5,426,2203.134311
-5,738,2203.94549
-4,603,2204.607775
-5,575,2205.24698
-5,698,2206.015293
-5,755,2206.845177
-5,516,2207.412212
-5,763,2208.253894
-4,913,2209.257889
-5,931,2210.32715
-3,933,2211.415664
-5,723,2212.225784
-5,502,2212.776792
-5,650,2213.488985
-5,834,2214.419857
-4,536,2215.017846
-5,788,2215.899309
-5,794,2216.819979
-5,448,2217.342157
-5,517,2217.943002
-5,526,2218.553815
-5,600,2219.259919
-5,919,2220.329537
-5,544,2221.865708
-4,791,2222.732761
-5,603,2223.397735
-4,530,2223.99038
-5,700,2224.763925
-5,513,2225.363665
-5,500,2225.917161
-5,753,2226.759197
-4,672,2227.506641
-5,523,2228.092399
-5,428,2228.568965
-5,655,2229.286936
-5,598,2229.94419
-5,642,2230.650068
-5,834,2231.566566
-5,590,2232.21551
-5,743,2233.044828
-5,753,2233.882783
-5,611,2234.556122
-5,610,2235.25922
-4,1107,2236.549394
-5,652,2237.306743
-5,739,2238.166736
-5,474,2238.718488
-4,624,2239.443945
-5,520,2240.026519
-5,738,2240.843134
-5,727,2241.655778
-5,559,2242.281294
-5,506,2242.862492
-5,476,2243.3958
-5,590,2244.045634
-5,534,2244.632645
-4,914,2245.659307
-5,745,2246.482936
-5,604,2247.144721
-5,555,2247.763124
-5,606,2248.447931
-5,557,2249.063024
-5,567,2249.737482
-5,673,2250.488762
-5,562,2251.115446
-4,753,2251.912736
-5,551,2255.387923
-5,423,2255.833966
-5,526,2256.388762
-5,565,2256.984965
-5,605,2257.624598
-5,580,2258.237178
-5,407,2258.665852
-5,583,2259.282277
-5,692,2262.914003
-5,739,2263.693593
-5,520,2264.243752
-5,714,2264.994828
-5,602,2265.619678
-4,817,2266.469854
-5,572,2270.012217
-5,743,2270.807469
-5,615,2271.46414
-5,732,2272.276601
-5,809,2273.173171
-5,1059,2277.315299
-4,994,2278.416745
-5,777,2279.276727
-5,411,2279.731163
-5,778,2280.59132
-4,500,2281.144769
-5,593,2284.774439
-5,474,2285.298645
-5,698,2286.071826
-4,764,2286.91941
-5,681,2287.674494
-4,735,2288.489443
-5,570,2289.118935
-4,798,2292.972731
-5,403,2293.418066
-5,565,2294.045134
-5,532,2294.635152
-4,929,2295.665353
-5,676,2296.415312
-5,599,2300.897405
-4,855,2301.799564
-5,549,2302.389868
-5,614,2303.038165
-5,651,2303.778607
-5,481,2304.322281
-5,720,2308.082376
-4,978,2309.16239
-5,542,2309.761039
-4,576,2310.397516
-5,372,2310.809369
-5,978,2311.893731
-5,490,2315.396653
-5,778,2316.259679
-5,402,2316.705056
-5,477,2317.214164
-5,624,2317.895388
-5,471,2318.415767
-5,505,2318.973301
-5,576,2319.608812
-5,591,2323.237363
-5,450,2323.736497
-5,750,2324.566555
-5,602,2325.233226
-5,495,2325.780664
-3,747,2326.608368
-5,521,2327.184809
-4,817,2331.061039
-4,652,2331.78361
-5,675,2332.530145
-5,511,2333.094307
-4,757,2333.930172
-5,612,2334.606128
-5,602,2338.238442
-5,705,2339.019718
-4,747,2339.844906
-5,585,2340.493023
-5,411,2340.948738
-5,851,2341.891264
-5,555,2346.119278
-5,668,2347.139028
-4,816,2348.039625
-5,554,2348.651038
-4,479,2349.189539
-5,716,2349.98164
-5,620,2350.706063
-5,558,2354.298962
-5,687,2355.06511
-5,544,2355.668396
-4,861,2356.622772
-5,642,2357.332811
-5,718,2358.127805
-5,648,2361.81366
-5,590,2362.468767
-5,524,2363.049351
-5,572,2363.681463
-5,587,2364.330513
-5,562,2364.951848
-5,863,2368.880272
-5,725,2369.681932
-5,566,2370.309586
-5,547,2370.916282
-5,528,2371.501776
-5,575,2372.138825
-5,619,2372.822522
-5,719,2376.553748
-5,809,2377.408258
-4,794,2378.247746
-5,526,2378.803737
-5,571,2379.408963
-5,501,2379.939665
-5,647,2380.622398
-4,811,2384.381361
-5,588,2385.001359
-4,874,2385.928463
-4,844,2386.86393
-5,854,2387.806673
-5,495,2391.269674
-4,646,2391.951746
-5,675,2392.671965
-5,499,2393.200156
-5,687,2393.926475
-5,692,2394.651453
-5,652,2398.235208
-5,643,2398.935394
-5,746,2399.722143
-4,777,2400.541067
-5,845,2401.430973
-5,678,2402.145941
-5,657,2405.7496
-4,869,2406.651916
-5,674,2407.352638
-5,671,2408.060251
-5,723,2408.825795
-4,670,2410.466695
-5,606,2414.135079
-5,846,2415.116008
-5,567,2415.745924
-5,516,2416.318517
-5,529,2416.905385
-5,600,2417.569192
-5,694,2421.329444
-5,505,2421.889634
-5,535,2422.48416
-5,636,2423.191417
-5,508,2423.754419
-3,1206,2425.089031
-5,447,2425.583628
