EpisodesSoFar,loss_vf_loss,EpLenMean,EpThisIter,loss_kl,loss_pol_surr,loss_pol_entpen,TimestepsSoFar,TimeElapsed,ev_tdlam_before,loss_ent,EpRewMean
6,0.019377863,590.5,6,0.009719569,-0.0092969965,0.0,4096,7.651703357696533,-0.06520915031433105,2.0696492,-4.833333333333333
13,0.015606596,592.8461538461538,7,0.008497635,-0.007554843,0.0,8192,14.746724367141724,0.6764614582061768,2.060837,-4.923076923076923
21,0.014678332,566.0,8,0.008735615,-0.009406839,0.0,12288,21.914486408233643,0.7816744148731232,2.0533812,-4.9523809523809526
29,0.018966408,564.8620689655172,8,0.0048139454,-0.008467053,0.0,16384,29.027758598327637,0.764206051826477,2.0460286,-4.931034482758621
36,0.023279134,565.3888888888889,7,0.008155055,-0.008046864,0.0,20480,36.090896129608154,0.7305731773376465,2.0334485,-4.888888888888889
43,0.015435111,561.7209302325581,7,0.008723861,-0.00954524,0.0,24576,43.208181619644165,0.8055655658245087,2.0226192,-4.906976744186046
49,0.017116958,579.530612244898,6,0.0061500245,-0.0073234364,0.0,28672,50.49497151374817,0.7761770486831665,2.0160682,-4.877551020408164
56,0.017645117,582.7321428571429,7,0.006699913,-0.009233199,0.0,32768,57.63011455535889,0.8076076954603195,2.0195663,-4.875
63,0.02038883,583.7619047619048,7,0.006566803,-0.009141477,0.0,36864,64.76423954963684,0.8006487339735031,2.0050244,-4.857142857142857
69,0.018239625,591.9710144927536,6,0.006008786,-0.0076661534,0.0,40960,71.99209904670715,0.7826854139566422,2.0054712,-4.855072463768116
74,0.018143786,601.0540540540541,5,0.004766697,-0.0054713357,0.0,45056,79.17599296569824,0.8004865944385529,2.0022786,-4.837837837837838
81,0.012180374,602.3086419753087,7,0.004527242,-0.004122259,0.0,49152,86.45972108840942,0.8432159125804901,2.01459,-4.851851851851852
88,0.01473842,601.6363636363636,7,0.0036776902,-0.006072499,0.0,53248,93.7043776512146,0.8299650400876999,2.0021183,-4.863636363636363
94,0.018688727,606.0851063829788,6,0.0055202763,-0.009169089,0.0,57344,100.78179907798767,0.8111152946949005,1.9982591,-4.861702127659575
100,0.016531704,607.47,6,0.0057159644,-0.0035591694,0.0,61440,107.90143847465515,0.812145933508873,1.9966059,-4.85
107,0.012767112,609.94,7,0.0063617397,-0.007083298,0.0,65536,115.17385458946228,0.86489337682724,1.9770085,-4.86
113,0.0127189,619.16,6,0.005406865,-0.007047114,0.0,69632,122.60409164428711,0.8482976704835892,1.9654827,-4.85
119,0.015037581,626.42,6,0.005582657,-0.005607242,0.0,73728,130.03475093841553,0.8394512683153152,1.9440956,-4.84
125,0.015970703,630.47,6,0.0056428704,-0.0056495694,0.0,77824,137.4786627292633,0.8131925910711288,1.9418931,-4.82
133,0.014583395,628.96,8,0.0061832103,-0.007470705,0.0,81920,144.84685826301575,0.8488080501556396,1.9615071,-4.85
139,0.014769495,638.07,6,0.0074607907,-0.010173141,0.0,86016,152.18628883361816,0.8304047286510468,1.9242027,-4.85
145,0.012260658,643.02,6,0.0055065504,-0.0036896863,0.0,90112,159.34559226036072,0.8597884327173233,1.9073957,-4.85
151,0.012245757,644.56,6,0.0057572084,-0.008438202,0.0,94208,166.50358653068542,0.860988512635231,1.8908175,-4.85
158,0.012271575,642.91,7,0.006375597,-0.007866131,0.0,98304,173.71857023239136,0.8516350835561752,1.9222367,-4.87
165,0.015490496,640.82,7,0.0056132674,-0.0037433023,0.0,102400,251.19334030151367,0.8401994407176971,1.9269274,-4.89
172,0.014434483,630.48,7,0.006445405,-0.0059243683,0.0,106496,258.6455223560333,0.8581467419862747,1.9093465,-4.89
179,0.013202868,627.0,7,0.0068536266,-0.00580411,0.0,110592,266.09737396240234,0.8434576094150543,1.8673126,-4.89
186,0.013829634,628.53,7,0.0060511003,-0.007445316,0.0,114688,273.3398823738098,0.8161528259515762,1.8968238,-4.88
192,0.0186285,628.5,6,0.0062529556,-0.0074964315,0.0,118784,280.4416012763977,0.7428009212017059,1.887676,-4.87
199,0.013812105,625.51,7,0.007439036,-0.0065872865,0.0,122880,287.8765437602997,0.8227292001247406,1.8714987,-4.88
205,0.017012285,621.88,6,0.008086873,-0.007300392,0.0,126976,295.31219458580017,0.8233398646116257,1.8845341,-4.85
212,0.014117947,620.34,7,0.006102079,-0.008912886,0.0,131072,302.7557044029236,0.8074468225240707,1.8759567,-4.84
218,0.013591849,622.82,6,0.0068550375,-0.009064776,0.0,135168,309.9776084423065,0.8256815820932388,1.8839251,-4.85
225,0.013867217,618.27,7,0.007343485,-0.0060347505,0.0,139264,317.31233072280884,0.8568990081548691,1.8802868,-4.86
231,0.015891751,618.7,6,0.006004614,-0.0076140827,0.0,143360,324.6680386066437,0.8355787396430969,1.8812859,-4.83
237,0.015242523,623.34,6,0.006081833,-0.0076226774,0.0,147456,331.8510785102844,0.8258417844772339,1.8752302,-4.81
245,0.015028029,615.57,8,0.0067122607,-0.00691321,0.0,151552,339.16235184669495,0.8496541827917099,1.8631326,-4.81
252,0.011867481,609.17,7,0.0072493562,-0.0094044525,0.0,155648,346.6810998916626,0.8339439928531647,1.8652493,-4.82
257,0.014076753,614.72,5,0.0070936778,-0.006530878,0.0,159744,353.89071583747864,0.8229270428419113,1.8572515,-4.8
264,0.013438166,618.04,7,0.00676179,-0.00892191,0.0,163840,361.0070276260376,0.8307296186685562,1.888501,-4.8
270,0.013050591,625.11,6,0.0058261617,-0.00719664,0.0,167936,368.4222981929779,0.860309362411499,1.853909,-4.82
276,0.013045871,631.23,6,0.00668177,-0.0060558626,0.0,172032,375.71466302871704,0.8377088308334351,1.8245741,-4.8
282,0.011031579,637.73,6,0.0062143835,-0.007299321,0.0,176128,383.13512992858887,0.8497802913188934,1.8325927,-4.79
289,0.015922118,632.96,7,0.008852735,-0.009670926,0.0,180224,390.58638429641724,0.8184398859739304,1.8431437,-4.79
296,0.012321855,631.52,7,0.0074655144,-0.008268205,0.0,184320,398.04420351982117,0.8579697608947754,1.8135651,-4.81
303,0.015343845,632.42,7,0.007574955,-0.0075135846,0.0,188416,405.2200496196747,0.8183045238256454,1.7889806,-4.82
308,0.014006732,636.63,5,0.007275217,-0.00714998,0.0,192512,412.5358874797821,0.8132913559675217,1.7540641,-4.84
313,0.01829523,643.72,5,0.006818913,-0.005266416,0.0,196608,419.6602394580841,0.8064691126346588,1.773023,-4.83
320,0.013285844,639.33,7,0.006624848,-0.00751788,0.0,200704,496.661826133728,0.7999526709318161,1.7832923,-4.82
326,0.011472004,645.74,6,0.0053243083,-0.0043009026,0.0,204800,503.8535146713257,0.8529387563467026,1.7583666,-4.84
332,0.013580943,649.02,6,0.0058187735,-0.0075383815,0.0,208896,511.07199692726135,0.8204787820577621,1.7661024,-4.83
339,0.016983356,649.01,7,0.0077849794,-0.0075817597,0.0,212992,518.1627445220947,0.8318122625350952,1.7389694,-4.82
346,0.01280628,647.93,7,0.009449129,-0.012047326,0.0,217088,525.5422446727753,0.855288565158844,1.7359251,-4.83
352,0.013873823,651.33,6,0.008452202,-0.00817772,0.0,221184,532.9337673187256,0.8438755571842194,1.7129116,-4.81
358,0.013796987,650.69,6,0.0063781026,-0.004381072,0.0,225280,540.2551081180573,0.8299379497766495,1.7004488,-4.83
364,0.01588314,655.79,6,0.0066898963,-0.0063392012,0.0,229376,547.3651444911957,0.8252722024917603,1.693215,-4.82
370,0.012901322,650.88,6,0.006424905,-0.00942626,0.0,233472,554.5450823307037,0.863495796918869,1.6666728,-4.82
377,0.012230609,649.66,7,0.0067054583,-0.006735176,0.0,237568,561.7891371250153,0.8478155136108398,1.6708103,-4.83
382,0.013154213,652.15,5,0.009176167,-0.009994946,0.0,241664,568.9668531417847,0.8154730349779129,1.6738111,-4.82
389,0.015365887,657.16,7,0.0073134475,-0.006698344,0.0,245760,576.166656255722,0.8144484311342239,1.6867704,-4.82
396,0.012205619,657.23,7,0.0085507175,-0.007865645,0.0,249856,583.3550477027893,0.8544697016477585,1.6663018,-4.81
402,0.011159182,657.36,6,0.007912623,-0.005464737,0.0,253952,590.6132085323334,0.8564093708992004,1.6319995,-4.82
409,0.010577835,648.56,7,0.0055141696,-0.0047900514,0.0,258048,597.8578221797943,0.8711249232292175,1.6223017,-4.83
415,0.015138775,644.88,6,0.006894722,-0.011422761,0.0,262144,605.2097818851471,0.8262723982334137,1.5930407,-4.83
421,0.015763322,649.47,6,0.008997934,-0.007332763,0.0,266240,612.5572092533112,0.8164154589176178,1.6200037,-4.79
428,0.010987116,645.14,7,0.008101473,-0.007795271,0.0,270336,619.6603655815125,0.8565118610858917,1.6196183,-4.8
434,0.011730107,646.1,6,0.0066678803,-0.005747349,0.0,274432,627.1079378128052,0.8278795331716537,1.6010033,-4.82
442,0.011083608,637.91,8,0.007638333,-0.0038016427,0.0,278528,634.5748829841614,0.8601217716932297,1.6241109,-4.85
449,0.012261828,638.94,7,0.0073641925,-0.010535498,0.0,282624,641.8184065818787,0.8658307194709778,1.6524049,-4.85
456,0.011552908,626.42,7,0.008522354,-0.006372828,0.0,286720,649.2649936676025,0.8685103207826614,1.6186936,-4.87
464,0.012680491,616.99,8,0.007612935,-0.0073078633,0.0,290816,656.626886844635,0.8453353047370911,1.6103405,-4.86
470,0.012773856,619.72,6,0.0074785748,-0.0092640985,0.0,294912,663.7523248195648,0.8353203237056732,1.6028132,-4.86
476,0.013007685,614.72,6,0.009237362,-0.006824317,0.0,299008,670.9816641807556,0.8491562604904175,1.5707054,-4.86
481,0.013621251,623.25,5,0.007748992,-0.0068314704,0.0,303104,749.4657959938049,0.8318828195333481,1.536617,-4.85
487,0.013142327,624.51,6,0.0065437206,-0.009871695,0.0,307200,756.9098136425018,0.8288304060697556,1.5589204,-4.87
493,0.014063111,629.49,6,0.008453144,-0.0075948937,0.0,311296,764.3503248691559,0.8459198325872421,1.5177234,-4.84
500,0.013261088,627.41,7,0.0064057615,-0.007605919,0.0,315392,771.5572242736816,0.83735191822052,1.5984261,-4.85
506,0.011529483,629.66,6,0.0063933525,-0.0085762115,0.0,319488,779.0391759872437,0.8705902546644211,1.5379417,-4.85
513,0.010851131,632.25,7,0.0062410547,-0.008244304,0.0,323584,786.5071063041687,0.8726786673069,1.5518602,-4.84
520,0.010041201,622.89,7,0.0052683884,-0.0053643137,0.0,327680,793.9495735168457,0.8774591013789177,1.603881,-4.89
526,0.0142231975,626.41,6,0.0076175733,-0.0052382695,0.0,331776,801.351523399353,0.8308162242174149,1.5559801,-4.88
533,0.014554646,622.53,7,0.00781633,-0.010069951,0.0,335872,808.7898967266083,0.8192759156227112,1.5877199,-4.85
540,0.013051209,628.96,7,0.006535596,-0.0070830123,0.0,339968,816.2056257724762,0.8343863785266876,1.595001,-4.84
546,0.013226886,631.38,6,0.006078461,-0.008263053,0.0,344064,823.6603527069092,0.8354224264621735,1.5621629,-4.83
552,0.0113928355,636.61,6,0.006525985,-0.010407073,0.0,348160,831.126148223877,0.8546378761529922,1.6169382,-4.82
557,0.013433836,648.38,5,0.007667897,-0.00969579,0.0,352256,838.5867283344269,0.8344165831804276,1.6017545,-4.81
564,0.010612647,656.84,7,0.0068087433,-0.0084033515,0.0,356352,846.0503926277161,0.8647209703922272,1.6043473,-4.83
570,0.011636653,657.79,6,0.007441678,-0.006088366,0.0,360448,853.524943113327,0.8357726782560349,1.5992521,-4.82
576,0.00899876,656.76,6,0.0055047083,-0.0046984004,0.0,364544,860.9925756454468,0.8869697004556656,1.602651,-4.83
583,0.008714986,642.7,7,0.009491492,-0.011338595,0.0,368640,868.4485394954681,0.878771610558033,1.5830549,-4.86
590,0.012469007,636.0,7,0.0076301866,-0.0042840466,0.0,372736,875.5907330513,0.8275490552186966,1.6089783,-4.87
596,0.010304427,637.36,6,0.007099701,-0.0090502985,0.0,376832,882.6957633495331,0.8500106781721115,1.5447563,-4.87
602,0.012478702,641.56,6,0.0062166373,-0.008136522,0.0,380928,889.817528963089,0.8557128608226776,1.6058906,-4.86
609,0.017798502,634.96,7,0.0061823325,-0.006490832,0.0,385024,897.0615875720978,0.8177542835474014,1.578926,-4.86
614,0.012198494,645.44,5,0.008952188,-0.00869626,0.0,389120,904.1746439933777,0.8219589591026306,1.5474219,-4.84
620,0.013297381,653.91,6,0.0069623496,-0.006886548,0.0,393216,911.313374042511,0.8398956507444382,1.5701625,-4.82
627,0.01006581,654.27,7,0.009675588,-0.007856885,0.0,397312,918.6797347068787,0.8664537817239761,1.575936,-4.84
633,0.013541824,654.66,6,0.0074118227,-0.005851343,0.0,401408,996.4735436439514,0.853656530380249,1.5386202,-4.86
640,0.010212255,654.19,7,0.0109590115,-0.007901424,0.0,405504,1003.6561391353607,0.8632282018661499,1.5713495,-4.86
646,0.011218842,654.05,6,0.0077566,-0.007658215,0.0,409600,1010.8516461849213,0.8733407557010651,1.5327607,-4.86
653,0.0145007325,643.55,7,0.009525729,-0.0069000553,0.0,413696,1018.0865936279297,0.7982692271471024,1.5943365,-4.87
660,0.01265111,639.07,7,0.008588657,-0.0070952224,0.0,417792,1025.5179989337921,0.8219655156135559,1.510829,-4.86
667,0.012159626,633.05,7,0.008443307,-0.00629888,0.0,421888,1032.9821872711182,0.8447586447000504,1.5391761,-4.85
674,0.0124786785,627.79,7,0.009057098,-0.005987785,0.0,425984,1040.215313911438,0.8478448987007141,1.5544171,-4.85
680,0.0114213275,629.18,6,0.009105236,-0.0060584066,0.0,430080,1047.3541238307953,0.8393837958574295,1.5371721,-4.85
687,0.012343402,629.47,7,0.008470178,-0.005195246,0.0,434176,1054.4838314056396,0.8345033824443817,1.5553483,-4.85
694,0.014435106,630.19,7,0.0094996905,-0.0051276577,0.0,438272,1061.8873414993286,0.8273646682500839,1.5405672,-4.84
702,0.012297687,620.82,8,0.009904465,-0.007166649,0.0,442368,1069.3523125648499,0.8388088345527649,1.5221441,-4.86
708,0.011118439,621.06,6,0.009346374,-0.009568087,0.0,446464,1076.829689502716,0.8597856163978577,1.4883757,-4.85
713,0.016046561,620.74,5,0.010599368,-0.004996037,0.0,450560,1084.2861895561218,0.7880740761756897,1.4555773,-4.85
720,0.01182768,615.1,7,0.010355735,-0.0026268743,0.0,454656,1091.7421073913574,0.8519528210163116,1.4997276,-4.87
726,0.012403565,616.25,6,0.009008203,-0.010498438,0.0,458752,1099.2117149829865,0.8440472930669785,1.4259326,-4.85
733,0.012587766,613.9,7,0.009859579,-0.0045433575,0.0,462848,1106.662696838379,0.8554637730121613,1.4171216,-4.86
739,0.0097384695,617.85,6,0.009237908,-0.0062583964,0.0,466944,1114.136437177658,0.8678109645843506,1.3986641,-4.86
746,0.011102936,610.89,7,0.009065706,-0.0077500967,0.0,471040,1121.6184227466583,0.8727091550827026,1.4465815,-4.86
754,0.01112959,612.39,8,0.008065286,-0.0027820643,0.0,475136,1128.9333617687225,0.8723207116127014,1.4362272,-4.87
760,0.014875701,611.76,6,0.0075317407,-0.0077375313,0.0,479232,1136.1318275928497,0.7975364178419113,1.3974103,-4.86
766,0.0111859115,622.95,6,0.009049642,-0.005494616,0.0,483328,1143.2785670757294,0.832490012049675,1.388014,-4.84
772,0.0119152265,625.36,6,0.009011066,-0.007970307,0.0,487424,1150.4886934757233,0.8508420884609222,1.3859344,-4.84
779,0.013255885,621.41,7,0.007684241,-0.0043460447,0.0,491520,1157.8096554279327,0.7944196462631226,1.3860824,-4.82
786,0.012067895,622.93,7,0.009903187,-0.0041481243,0.0,495616,1164.9929206371307,0.8378441035747528,1.3425763,-4.8
791,0.015510141,636.11,5,0.008686239,-0.004366547,0.0,499712,1173.4645681381226,0.7632931023836136,1.2616513,-4.78
796,0.0126556475,643.43,5,0.008835849,-0.004477581,0.0,503808,1254.9730017185211,0.830974817276001,1.2792991,-4.78
802,0.0106104845,652.09,6,0.008852213,-0.007289542,0.0,507904,1262.4344112873077,0.8491077870130539,1.2116796,-4.77
808,0.009623054,658.92,6,0.0090955645,-0.006176171,0.0,512000,1269.6346712112427,0.8710935860872269,1.2540622,-4.78
813,0.012612464,653.37,5,0.009009946,-0.006912509,0.0,516096,1276.7933628559113,0.8635096848011017,1.2520273,-4.8
819,0.010260812,655.78,6,0.0080042,-0.0029412806,0.0,520192,1283.913497686386,0.8858092054724693,1.2530508,-4.79
826,0.010625174,655.66,7,0.008407218,-0.009195547,0.0,524288,1291.2256059646606,0.8701443076133728,1.3023701,-4.79
832,0.011347258,658.87,6,0.009249627,-0.005795965,0.0,528384,1298.349160194397,0.8817332684993744,1.2769032,-4.77
838,0.011265515,658.24,6,0.0081171,-0.005510983,0.0,532480,1305.7076485157013,0.8746327310800552,1.2633357,-4.77
845,0.010594924,663.73,7,0.008200753,-0.006621654,0.0,536576,1313.1809334754944,0.881591908633709,1.2928879,-4.78
851,0.009668896,667.95,6,0.008059049,-0.005878571,0.0,540672,1320.413806438446,0.8796131834387779,1.2644457,-4.79
858,0.012680653,665.46,7,0.008636594,-0.0047141323,0.0,544768,1327.59250831604,0.8388942033052444,1.2899998,-4.79
867,0.014360025,651.06,9,0.008942908,-0.0055480762,0.0,548864,1334.8413715362549,0.8258977830410004,1.3711815,-4.81
872,0.011256479,651.89,5,0.0084043145,-0.003095714,0.0,552960,1342.3160948753357,0.8467715382575989,1.2425044,-4.81
880,0.010867284,650.51,8,0.008891339,-0.007957796,0.0,557056,1349.67138838768,0.8378584384918213,1.2864974,-4.83
887,0.013386646,643.63,7,0.009081864,-0.0076100463,0.0,561152,1356.9675409793854,0.8396403640508652,1.3218809,-4.83
894,0.010456285,627.59,7,0.0082879355,-0.005135345,0.0,565248,1364.4319586753845,0.861754909157753,1.2446836,-4.86
900,0.011778247,629.85,6,0.008454186,-0.0076244012,0.0,569344,1371.7859890460968,0.8180491328239441,1.2330943,-4.85
908,0.010563172,614.74,8,0.009087016,-0.0015307066,0.0,573440,1378.911733865738,0.8711192011833191,1.2450049,-4.86
914,0.0108818095,608.1,6,0.008584039,-0.0060265483,0.0,577536,1386.0464515686035,0.8685806393623352,1.2345667,-4.87
921,0.009881141,604.12,7,0.008066957,-0.0040184986,0.0,581632,1393.1949746608734,0.8714381158351898,1.2142495,-4.87
927,0.009966771,603.04,6,0.0076795397,-0.0043345164,0.0,585728,1400.538242816925,0.8706420063972473,1.2563648,-4.89
934,0.010859784,602.13,7,0.007530135,-0.006628472,0.0,589824,1407.8962829113007,0.8231135308742523,1.2532314,-4.88
940,0.012127342,598.86,6,0.008614948,-0.009048653,0.0,593920,1415.2107934951782,0.8615586757659912,1.2553836,-4.86
946,0.014009056,606.85,6,0.007966046,-0.007921465,0.0,598016,1422.6502056121826,0.8311836421489716,1.2444891,-4.82
952,0.012357475,611.87,6,0.008034674,-0.0068485793,0.0,602112,1501.5878047943115,0.8521767854690552,1.2311286,-4.81
958,0.010327068,620.9,6,0.009042356,-0.007855063,0.0,606208,1508.8908922672272,0.8782337754964828,1.2177787,-4.81
962,0.012517296,631.19,4,0.007428524,-0.007690999,0.0,610304,1516.2382597923279,0.8110275268554688,1.1618667,-4.79
968,0.009872682,648.55,6,0.0078049833,-0.0044409805,0.0,614400,1523.4234120845795,0.8731880635023117,1.2020471,-4.79
974,0.011180354,645.8,6,0.008559626,-0.006334715,0.0,618496,1530.6447839736938,0.8712826669216156,1.190841,-4.8
980,0.011932946,653.79,6,0.008016432,-0.006987522,0.0,622592,1537.7957916259766,0.8595598638057709,1.1733888,-4.79
987,0.010220252,651.3,7,0.008384479,-0.005929594,0.0,626688,1544.9727447032928,0.8760688826441765,1.2046242,-4.79
994,0.010371821,656.65,7,0.00736016,-0.004123779,0.0,630784,1552.3604702949524,0.8719901293516159,1.1704403,-4.79
1001,0.010170566,652.73,7,0.00855393,-0.005629384,0.0,634880,1559.5520305633545,0.8522562682628632,1.1443919,-4.79
1008,0.013341563,653.7,7,0.0074551348,-0.0069940444,0.0,638976,1566.7580125331879,0.8275147825479507,1.17551,-4.78
1013,0.009773981,663.07,5,0.008031339,-0.007970413,0.0,643072,1574.011818408966,0.8339282870292664,1.1494921,-4.78
1018,0.009362344,670.74,5,0.0076129977,-0.006075996,0.0,647168,1581.4009232521057,0.8621549010276794,1.1547422,-4.8
1024,0.010491833,674.9,6,0.008058287,-0.0060591204,0.0,651264,1588.6194925308228,0.8424384891986847,1.168458,-4.79
1031,0.011441783,676.1,7,0.008704648,-0.008477795,0.0,655360,1595.8107283115387,0.8644240498542786,1.2087438,-4.78
1037,0.010136307,674.54,6,0.009144512,-0.007721443,0.0,659456,1603.0782268047333,0.8423589020967484,1.1492928,-4.81
1043,0.010470832,675.26,6,0.00854997,-0.005862251,0.0,663552,1610.4202728271484,0.8601223677396774,1.1290772,-4.85
1049,0.009716534,675.56,6,0.008270295,-0.008090096,0.0,667648,1617.685069322586,0.8605850040912628,1.15455,-4.84
1055,0.013741342,669.88,6,0.008573265,-0.007518963,0.0,671744,1624.8888728618622,0.8248898386955261,1.1037201,-4.83
1062,0.0101415925,660.22,7,0.008602758,-0.0042425017,0.0,675840,1632.3084771633148,0.8796263709664345,1.1349852,-4.86
1069,0.013236048,643.88,7,0.008319342,-0.0057542175,0.0,679936,1639.7890722751617,0.8465811014175415,1.124145,-4.85
1074,0.009168299,652.21,5,0.007941541,-0.0037362122,0.0,684032,1647.0943253040314,0.8605465739965439,1.048332,-4.86
1080,0.010789999,651.47,6,0.008420728,-0.009058078,0.0,688128,1654.43110704422,0.8672138005495071,1.0285575,-4.85
1088,0.009782814,653.88,8,0.008079275,-0.0069447504,0.0,692224,1661.9092586040497,0.8731364756822586,1.0874805,-4.87
1094,0.011315507,658.52,6,0.007341068,-0.012003396,0.0,696320,1669.392823457718,0.8431653529405594,1.0230885,-4.86
1099,0.009036853,659.89,5,0.007369181,-0.008610804,0.0,700416,1750.0270879268646,0.8777968212962151,1.0504705,-4.87
1106,0.010856399,665.3,7,0.006897349,-0.008876186,0.0,704512,1757.2185344696045,0.8412205874919891,1.040566,-4.86
1112,0.010951264,662.03,6,0.0069826553,-0.004942953,0.0,708608,1764.4032859802246,0.8553562611341476,1.0291392,-4.86
1119,0.009082896,647.81,7,0.007382387,-0.0077226735,0.0,712704,1771.6244640350342,0.8734520375728607,1.0740633,-4.85
1126,0.011481496,643.17,7,0.0068340297,-0.004186752,0.0,716800,1778.8195023536682,0.848114013671875,1.087435,-4.84
1132,0.0113910865,649.88,6,0.006603218,-0.0061741667,0.0,720896,1786.0862600803375,0.8334666043519974,1.0421193,-4.84
1138,0.012065653,650.58,6,0.007762809,-0.004597583,0.0,724992,1793.5770456790924,0.8537027984857559,1.0516754,-4.83
1144,0.01172716,648.97,6,0.0077010524,-0.007985188,0.0,729088,1801.0230400562286,0.8349782079458237,1.0971171,-4.82
1151,0.010088139,646.32,7,0.0076953243,-0.007504219,0.0,733184,1808.2991437911987,0.8491263389587402,1.0183091,-4.82
1158,0.009829553,636.83,7,0.0073310244,-0.009767081,0.0,737280,1815.4347884654999,0.864074632525444,1.0297322,-4.83
1164,0.011164768,645.5,6,0.00732914,-0.0027844775,0.0,741376,1822.8429391384125,0.8490045666694641,1.0306907,-4.83
1170,0.008914168,647.54,6,0.008248152,-0.0046401797,0.0,745472,1830.3324275016785,0.8778513446450233,1.0144407,-4.84
1176,0.0076621226,643.83,6,0.008038505,-0.005539015,0.0,749568,1837.5588128566742,0.8902816995978355,1.0303216,-4.84
1183,0.010563051,637.94,7,0.007270572,-0.007927623,0.0,753664,1844.7147226333618,0.8591641783714294,1.0528554,-4.84
1190,0.010285572,640.05,7,0.0077831913,-0.006686771,0.0,757760,1851.8841683864594,0.8678510934114456,1.0363137,-4.83
1196,0.009813881,637.7,6,0.007119561,-0.0052665626,0.0,761856,1859.0605075359344,0.8481342196464539,0.9667524,-4.83
1202,0.0088636475,634.95,6,0.0073452904,-0.0068010353,0.0,765952,1866.3103165626526,0.8797536268830299,1.0129745,-4.83
1209,0.009764588,639.28,7,0.007253129,-0.007127948,0.0,770048,1873.5716407299042,0.8753576278686523,0.9774846,-4.84
1216,0.009127086,630.19,7,0.009097631,-0.0064340583,0.0,774144,1880.720202445984,0.8646886944770813,1.0714988,-4.85
1223,0.012928371,627.45,7,0.008067546,-0.008679053,0.0,778240,1887.8782303333282,0.793501004576683,1.0188475,-4.87
1229,0.0119983405,633.37,6,0.007259885,-0.0060802656,0.0,782336,1895.0064239501953,0.8270867466926575,0.99361885,-4.83
1236,0.011124257,626.19,7,0.00793655,-0.007677906,0.0,786432,1902.2088384628296,0.8563289195299149,1.0006006,-4.84
1241,0.0087676495,631.79,5,0.00843895,-0.008604521,0.0,790528,1909.4953825473785,0.8225301206111908,0.9781913,-4.86
1248,0.009208307,632.53,7,0.008260658,-0.008060192,0.0,794624,1916.746535539627,0.8748750686645508,1.0017172,-4.87
1255,0.011884411,631.5,7,0.008439122,-0.0069722813,0.0,798720,1923.9200246334076,0.853189155459404,1.0376353,-4.88
1261,0.009657693,637.64,6,0.007621433,-0.007408679,0.0,802816,2003.9769010543823,0.8793240934610367,0.9876312,-4.87
1267,0.011657446,632.26,6,0.007293699,-0.0043546706,0.0,806912,2011.4163181781769,0.8351669758558273,0.9709402,-4.87
1273,0.01062746,631.46,6,0.0074592503,-0.0071085254,0.0,811008,2018.819843530655,0.8527304381132126,0.96474147,-4.86
1279,0.01110084,635.82,6,0.007360866,-0.0045323013,0.0,815104,2025.9400005340576,0.8514682501554489,0.9739295,-4.85
1287,0.010780298,634.85,8,0.008734729,-0.005378704,0.0,819200,2033.2295513153076,0.8424192070960999,1.0256265,-4.86
1293,0.010034975,633.55,6,0.0073907604,-0.006300752,0.0,823296,2040.6725523471832,0.8853235840797424,0.97528875,-4.86
1300,0.011036516,631.13,7,0.00836841,-0.005736354,0.0,827392,2048.1664505004883,0.8479244709014893,0.9667737,-4.84
1307,0.009998526,624.23,7,0.008114405,-0.007728163,0.0,831488,2055.539041996002,0.8725590258836746,0.96473056,-4.85
1312,0.01314961,635.25,5,0.0070955423,-0.006836827,0.0,835584,2062.7939913272858,0.835444450378418,0.9285847,-4.83
1317,0.008762639,645.59,5,0.007839583,-0.006345807,0.0,839680,2070.05157494545,0.8393585979938507,0.8973352,-4.83
1324,0.013772251,647.94,7,0.0074124616,-0.0046454994,0.0,843776,2077.216988801956,0.791304275393486,0.92406654,-4.8
1329,0.013415783,657.98,5,0.007862348,-0.004594345,0.0,847872,2084.3801963329315,0.8162332773208618,0.891368,-4.81
1336,0.009766985,656.32,7,0.007664319,-0.005828026,0.0,851968,2091.6694025993347,0.8683317303657532,0.9622032,-4.81
1343,0.010646288,646.05,7,0.007996965,-0.0058229254,0.0,856064,2099.160849094391,0.869195282459259,0.9853144,-4.81
1350,0.01000221,644.62,7,0.008794304,-0.007804839,0.0,860160,2106.655114889145,0.8756670653820038,0.9634575,-4.81
1356,0.010422401,645.1,6,0.007023417,-0.0062457384,0.0,864256,2114.1926617622375,0.8644226789474487,0.97639227,-4.79
1363,0.009918368,640.86,7,0.008131222,-0.008380869,0.0,868352,2121.5811805725098,0.84507617354393,0.95056534,-4.8
1369,0.008964001,641.8,6,0.007461053,-0.006617862,0.0,872448,2128.762638092041,0.8806147202849388,0.91354895,-4.79
1376,0.013406165,635.84,7,0.008450437,-0.003966147,0.0,876544,2136.0552768707275,0.8256880640983582,0.9555603,-4.77
1383,0.010815338,632.12,7,0.008709507,-0.0077108894,0.0,880640,2143.2737369537354,0.8628730475902557,0.95469445,-4.78
1389,0.0110662095,639.04,6,0.008367302,-0.0075689415,0.0,884736,2150.4719383716583,0.8454745560884476,0.9358782,-4.75
1396,0.011091244,639.17,7,0.0074615437,-0.005886943,0.0,888832,2158.5934710502625,0.875192902982235,0.93357545,-4.76
1403,0.011907818,639.44,7,0.008106535,-0.0062964587,0.0,892928,2165.9691169261932,0.8277562409639359,0.9423506,-4.76
1409,0.009805949,638.5,6,0.0089880265,-0.0059442287,0.0,897024,2173.15736079216,0.8760278970003128,0.9473399,-4.75
1415,0.010708894,634.61,6,0.008792546,-0.0065424363,0.0,901120,2253.4902954101562,0.855830192565918,0.94573003,-4.76
1423,0.010326773,620.89,8,0.009033365,-0.002786837,0.0,905216,2260.7152528762817,0.8854458928108215,0.97026706,-4.8
1429,0.0106124915,615.09,6,0.0074506784,-0.0045153894,0.0,909312,2267.957578420639,0.8702366054058075,0.9022635,-4.82
1434,0.009079321,622.09,5,0.00738766,-0.0056414036,0.0,913408,2275.391190290451,0.8640976250171661,0.838066,-4.83
1440,0.01119178,629.92,6,0.007610528,-0.006772777,0.0,917504,2282.8979001045227,0.8635569363832474,0.87928015,-4.81
1447,0.011394414,635.55,7,0.0070046936,-0.0042638937,0.0,921600,2290.404589176178,0.8565078675746918,0.90426624,-4.79
1453,0.011243339,636.89,6,0.0074599506,-0.0060619074,0.0,925696,2298.7840723991394,0.8465083092451096,0.8567513,-4.77
1459,0.010902352,633.33,6,0.007409234,-0.0078049856,0.0,929792,2306.1991760730743,0.8583820760250092,0.8793963,-4.79
1465,0.012767953,639.48,6,0.0076916814,-0.006310819,0.0,933888,2313.691051721573,0.8218851685523987,0.8379177,-4.78
1473,0.010001357,635.81,8,0.007955039,-0.004296394,0.0,937984,2321.1685676574707,0.8617957979440689,0.9079898,-4.81
1480,0.011993904,636.45,7,0.00895506,-0.005191343,0.0,942080,2328.6749053001404,0.8554907888174057,0.85876215,-4.81
1486,0.010839149,636.94,6,0.007138832,-0.00512334,0.0,946176,2336.170125246048,0.8471754938364029,0.83356804,-4.79
1492,0.010738178,634.68,6,0.007647963,-0.0054184287,0.0,950272,2343.98078250885,0.864249512553215,0.82385737,-4.81
1499,0.01221916,635.75,7,0.007606548,-0.0066588353,0.0,954368,2352.149416923523,0.8377077579498291,0.83373857,-4.8
1505,0.0090688355,638.93,6,0.006844796,-0.009503965,0.0,958464,2359.659744501114,0.8587886393070221,0.7839979,-4.79
1511,0.009079431,637.17,6,0.008335857,-0.0045412118,0.0,962560,2367.168056488037,0.8784939274191856,0.84229743,-4.8
1518,0.008595513,638.75,7,0.007830289,-0.007943079,0.0,966656,2374.6484084129333,0.8854939043521881,0.808919,-4.81
1525,0.010717491,642.71,7,0.0074446043,-0.0074161645,0.0,970752,2381.881740093231,0.8637258112430573,0.81515086,-4.8
1530,0.011618334,650.17,5,0.0064469744,-0.0022649106,0.0,974848,2389.241226911545,0.8160307705402374,0.8018735,-4.78
1536,0.009553174,637.59,6,0.008043171,-0.0068849837,0.0,978944,2396.461424589157,0.850813090801239,0.7957955,-4.78
1542,0.0100748725,645.67,6,0.007135382,-0.0061591007,0.0,983040,2403.7155451774597,0.8476801365613937,0.7644519,-4.78
1548,0.008722395,645.85,6,0.0065981788,-0.00423444,0.0,987136,2411.9478352069855,0.8669616281986237,0.79537565,-4.79
1554,0.009943502,645.45,6,0.008497252,-0.007105871,0.0,991232,2419.5253632068634,0.8697672933340073,0.83912706,-4.8
